2026-07-14 16:42:40,390 [Worker-6: Loading available Gradle versions] INFO  o.e.b.c.i.u.g.PublishedGradleVersions - Gradle version information cache is not available. Remote download required.
2026-07-14 16:50:40,891 [Worker-1: Import Getting Started Content] INFO  o.e.m.c.i.e.AbstractTransferListenerAdapter - Downloading https://repo.maven.apache.org/maven2/org/springframework/boot/spring-boot-starter-parent/4.0.7/spring-boot-starter-parent-4.0.7.pom
2026-07-14 16:50:40,908 [Worker-1: Import Getting Started Content] INFO  o.e.m.c.i.e.AbstractTransferListenerAdapter - Downloaded https://repo.maven.apache.org/maven2/org/springframework/boot/spring-boot-starter-parent/4.0.7/spring-boot-starter-parent-4.0.7.pom
2026-07-14 16:50:41,001 [Worker-1: Import Getting Started Content] INFO  o.e.m.c.i.e.AbstractTransferListenerAdapter - Downloading https://repo.maven.apache.org/maven2/org/springframework/boot/spring-boot-dependencies/4.0.7/spring-boot-dependencies-4.0.7.pom
2026-07-14 16:50:41,018 [Worker-1: Import Getting Started Content] INFO  o.e.m.c.i.e.AbstractTransferListenerAdapter - Downloaded https://repo.maven.apache.org/maven2/org/springframework/boot/spring-boot-dependencies/4.0.7/spring-boot-dependencies-4.0.7.pom
2026-07-14 16:50:41,221 [Worker-1: Import Getting Started Content] INFO  o.e.m.c.i.e.AbstractTransferListenerAdapter - Downloading https://repo.maven.apache.org/maven2/org/apache/cassandra/java-driver-bom/4.19.3/java-driver-bom-4.19.3.pom
2026-07-14 16:50:41,227 [Worker-1: Import Getting Started Content] INFO  o.e.m.c.i.e.AbstractTransferListenerAdapter - Downloaded https://repo.maven.apache.org/maven2/org/apache/cassandra/java-driver-bom/4.19.3/java-driver-bom-4.19.3.pom
2026-07-14 16:50:41,306 [Worker-1: Import Getting Started Content] INFO  o.e.m.c.i.e.AbstractTransferListenerAdapter - Downloading https://repo.maven.apache.org/maven2/org/apache/groovy/groovy-bom/5.0.6/groovy-bom-5.0.6.pom
2026-07-14 16:50:41,312 [Worker-1: Import Getting Started Content] INFO  o.e.m.c.i.e.AbstractTransferListenerAdapter - Downloaded https://repo.maven.apache.org/maven2/org/apache/groovy/groovy-bom/5.0.6/groovy-bom-5.0.6.pom
2026-07-14 16:50:41,406 [Worker-1: Import Getting Started Content] INFO  o.e.m.c.i.e.AbstractTransferListenerAdapter - Downloading https://repo.maven.apache.org/maven2/com/fasterxml/jackson/jackson-bom/2.21.4/jackson-bom-2.21.4.pom
2026-07-14 16:50:41,411 [Worker-1: Import Getting Started Content] INFO  o.e.m.c.i.e.AbstractTransferListenerAdapter - Downloaded https://repo.maven.apache.org/maven2/com/fasterxml/jackson/jackson-bom/2.21.4/jackson-bom-2.21.4.pom
2026-07-14 16:50:41,532 [Worker-1: Import Getting Started Content] INFO  o.e.m.c.i.e.AbstractTransferListenerAdapter - Downloading https://repo.maven.apache.org/maven2/tools/jackson/jackson-bom/3.1.4/jackson-bom-3.1.4.pom
2026-07-14 16:50:41,538 [Worker-1: Import Getting Started Content] INFO  o.e.m.c.i.e.AbstractTransferListenerAdapter - Downloaded https://repo.maven.apache.org/maven2/tools/jackson/jackson-bom/3.1.4/jackson-bom-3.1.4.pom
2026-07-14 16:50:41,638 [Worker-1: Import Getting Started Content] INFO  o.e.m.c.i.e.AbstractTransferListenerAdapter - Downloading https://repo.maven.apache.org/maven2/org/eclipse/jetty/ee11/jetty-ee11-bom/12.1.10/jetty-ee11-bom-12.1.10.pom
2026-07-14 16:50:41,643 [Worker-1: Import Getting Started Content] INFO  o.e.m.c.i.e.AbstractTransferListenerAdapter - Downloaded https://repo.maven.apache.org/maven2/org/eclipse/jetty/ee11/jetty-ee11-bom/12.1.10/jetty-ee11-bom-12.1.10.pom
2026-07-14 16:50:41,729 [Worker-1: Import Getting Started Content] INFO  o.e.m.c.i.e.AbstractTransferListenerAdapter - Downloading https://repo.maven.apache.org/maven2/org/eclipse/jetty/jetty-bom/12.1.10/jetty-bom-12.1.10.pom
2026-07-14 16:50:41,736 [Worker-1: Import Getting Started Content] INFO  o.e.m.c.i.e.AbstractTransferListenerAdapter - Downloaded https://repo.maven.apache.org/maven2/org/eclipse/jetty/jetty-bom/12.1.10/jetty-bom-12.1.10.pom
2026-07-14 16:50:41,848 [Worker-1: Import Getting Started Content] INFO  o.e.m.c.i.e.AbstractTransferListenerAdapter - Downloading https://repo.maven.apache.org/maven2/org/jooq/jooq-bom/3.19.35/jooq-bom-3.19.35.pom
2026-07-14 16:50:41,858 [Worker-1: Import Getting Started Content] INFO  o.e.m.c.i.e.AbstractTransferListenerAdapter - Downloaded https://repo.maven.apache.org/maven2/org/jooq/jooq-bom/3.19.35/jooq-bom-3.19.35.pom
2026-07-14 16:50:41,997 [Worker-1: Import Getting Started Content] INFO  o.e.m.c.i.e.AbstractTransferListenerAdapter - Downloading https://repo.maven.apache.org/maven2/io/micrometer/micrometer-bom/1.16.6/micrometer-bom-1.16.6.pom
2026-07-14 16:50:42,002 [Worker-1: Import Getting Started Content] INFO  o.e.m.c.i.e.AbstractTransferListenerAdapter - Downloaded https://repo.maven.apache.org/maven2/io/micrometer/micrometer-bom/1.16.6/micrometer-bom-1.16.6.pom
2026-07-14 16:50:42,096 [Worker-1: Import Getting Started Content] INFO  o.e.m.c.i.e.AbstractTransferListenerAdapter - Downloading https://repo.maven.apache.org/maven2/org/neo4j/driver/neo4j-java-driver-bom/6.1.0/neo4j-java-driver-bom-6.1.0.pom
2026-07-14 16:50:42,100 [Worker-1: Import Getting Started Content] INFO  o.e.m.c.i.e.AbstractTransferListenerAdapter - Downloaded https://repo.maven.apache.org/maven2/org/neo4j/driver/neo4j-java-driver-bom/6.1.0/neo4j-java-driver-bom-6.1.0.pom
2026-07-14 16:50:42,252 [Worker-1: Import Getting Started Content] INFO  o.e.m.c.i.e.AbstractTransferListenerAdapter - Downloading https://repo.maven.apache.org/maven2/org/neo4j/bolt/neo4j-bolt-connection-bom/11.0.2/neo4j-bolt-connection-bom-11.0.2.pom
2026-07-14 16:50:42,257 [Worker-1: Import Getting Started Content] INFO  o.e.m.c.i.e.AbstractTransferListenerAdapter - Downloaded https://repo.maven.apache.org/maven2/org/neo4j/bolt/neo4j-bolt-connection-bom/11.0.2/neo4j-bolt-connection-bom-11.0.2.pom
2026-07-14 16:50:43,316 [Worker-1: Import Getting Started Content] INFO  o.e.m.c.i.e.AbstractTransferListenerAdapter - Downloading https://repo.maven.apache.org/maven2/io/netty/netty-bom/4.2.15.Final/netty-bom-4.2.15.Final.pom
2026-07-14 16:50:43,340 [Worker-1: Import Getting Started Content] INFO  o.e.m.c.i.e.AbstractTransferListenerAdapter - Downloaded https://repo.maven.apache.org/maven2/io/netty/netty-bom/4.2.15.Final/netty-bom-4.2.15.Final.pom
2026-07-14 16:50:43,601 [Worker-1: Import Getting Started Content] INFO  o.e.m.c.i.e.AbstractTransferListenerAdapter - Downloading https://repo.maven.apache.org/maven2/io/projectreactor/reactor-bom/2025.0.6/reactor-bom-2025.0.6.pom
2026-07-14 16:50:43,610 [Worker-1: Import Getting Started Content] INFO  o.e.m.c.i.e.AbstractTransferListenerAdapter - Downloaded https://repo.maven.apache.org/maven2/io/projectreactor/reactor-bom/2025.0.6/reactor-bom-2025.0.6.pom
2026-07-14 16:50:43,707 [Worker-1: Import Getting Started Content] INFO  o.e.m.c.i.e.AbstractTransferListenerAdapter - Downloading https://repo.maven.apache.org/maven2/org/springframework/amqp/spring-amqp-bom/4.0.4/spring-amqp-bom-4.0.4.pom
2026-07-14 16:50:43,715 [Worker-1: Import Getting Started Content] INFO  o.e.m.c.i.e.AbstractTransferListenerAdapter - Downloaded https://repo.maven.apache.org/maven2/org/springframework/amqp/spring-amqp-bom/4.0.4/spring-amqp-bom-4.0.4.pom
2026-07-14 16:50:43,800 [Worker-1: Import Getting Started Content] INFO  o.e.m.c.i.e.AbstractTransferListenerAdapter - Downloading https://repo.maven.apache.org/maven2/org/springframework/batch/spring-batch-bom/6.0.4/spring-batch-bom-6.0.4.pom
2026-07-14 16:50:43,808 [Worker-1: Import Getting Started Content] INFO  o.e.m.c.i.e.AbstractTransferListenerAdapter - Downloaded https://repo.maven.apache.org/maven2/org/springframework/batch/spring-batch-bom/6.0.4/spring-batch-bom-6.0.4.pom
2026-07-14 16:50:43,914 [Worker-1: Import Getting Started Content] INFO  o.e.m.c.i.e.AbstractTransferListenerAdapter - Downloading https://repo.maven.apache.org/maven2/org/springframework/data/spring-data-bom/2025.1.6/spring-data-bom-2025.1.6.pom
2026-07-14 16:50:43,921 [Worker-1: Import Getting Started Content] INFO  o.e.m.c.i.e.AbstractTransferListenerAdapter - Downloaded https://repo.maven.apache.org/maven2/org/springframework/data/spring-data-bom/2025.1.6/spring-data-bom-2025.1.6.pom
2026-07-14 16:50:44,014 [Worker-1: Import Getting Started Content] INFO  o.e.m.c.i.e.AbstractTransferListenerAdapter - Downloading https://repo.maven.apache.org/maven2/org/springframework/spring-framework-bom/7.0.8/spring-framework-bom-7.0.8.pom
2026-07-14 16:50:44,020 [Worker-1: Import Getting Started Content] INFO  o.e.m.c.i.e.AbstractTransferListenerAdapter - Downloaded https://repo.maven.apache.org/maven2/org/springframework/spring-framework-bom/7.0.8/spring-framework-bom-7.0.8.pom
2026-07-14 16:50:44,114 [Worker-1: Import Getting Started Content] INFO  o.e.m.c.i.e.AbstractTransferListenerAdapter - Downloading https://repo.maven.apache.org/maven2/org/springframework/integration/spring-integration-bom/7.0.5/spring-integration-bom-7.0.5.pom
2026-07-14 16:50:44,121 [Worker-1: Import Getting Started Content] INFO  o.e.m.c.i.e.AbstractTransferListenerAdapter - Downloaded https://repo.maven.apache.org/maven2/org/springframework/integration/spring-integration-bom/7.0.5/spring-integration-bom-7.0.5.pom
2026-07-14 16:50:44,253 [Worker-1: Import Getting Started Content] INFO  o.e.m.c.i.e.AbstractTransferListenerAdapter - Downloading https://repo.maven.apache.org/maven2/org/springframework/pulsar/spring-pulsar-bom/2.0.6/spring-pulsar-bom-2.0.6.pom
2026-07-14 16:50:44,262 [Worker-1: Import Getting Started Content] INFO  o.e.m.c.i.e.AbstractTransferListenerAdapter - Downloaded https://repo.maven.apache.org/maven2/org/springframework/pulsar/spring-pulsar-bom/2.0.6/spring-pulsar-bom-2.0.6.pom
2026-07-14 16:50:44,375 [Worker-1: Import Getting Started Content] INFO  o.e.m.c.i.e.AbstractTransferListenerAdapter - Downloading https://repo.maven.apache.org/maven2/org/springframework/restdocs/spring-restdocs-bom/4.0.1/spring-restdocs-bom-4.0.1.pom
2026-07-14 16:50:44,383 [Worker-1: Import Getting Started Content] INFO  o.e.m.c.i.e.AbstractTransferListenerAdapter - Downloaded https://repo.maven.apache.org/maven2/org/springframework/restdocs/spring-restdocs-bom/4.0.1/spring-restdocs-bom-4.0.1.pom
2026-07-14 16:50:44,471 [Worker-1: Import Getting Started Content] INFO  o.e.m.c.i.e.AbstractTransferListenerAdapter - Downloading https://repo.maven.apache.org/maven2/org/springframework/security/spring-security-bom/7.0.6/spring-security-bom-7.0.6.pom
2026-07-14 16:50:44,478 [Worker-1: Import Getting Started Content] INFO  o.e.m.c.i.e.AbstractTransferListenerAdapter - Downloaded https://repo.maven.apache.org/maven2/org/springframework/security/spring-security-bom/7.0.6/spring-security-bom-7.0.6.pom
2026-07-14 16:50:44,567 [Worker-1: Import Getting Started Content] INFO  o.e.m.c.i.e.AbstractTransferListenerAdapter - Downloading https://repo.maven.apache.org/maven2/org/springframework/session/spring-session-bom/4.0.4/spring-session-bom-4.0.4.pom
2026-07-14 16:50:44,575 [Worker-1: Import Getting Started Content] INFO  o.e.m.c.i.e.AbstractTransferListenerAdapter - Downloaded https://repo.maven.apache.org/maven2/org/springframework/session/spring-session-bom/4.0.4/spring-session-bom-4.0.4.pom
2026-07-14 16:50:44,690 [Worker-1: Import Getting Started Content] INFO  o.e.m.c.i.e.AbstractTransferListenerAdapter - Downloading https://repo.maven.apache.org/maven2/org/springframework/ws/spring-ws-bom/5.0.2/spring-ws-bom-5.0.2.pom
2026-07-14 16:50:44,709 [Worker-1: Import Getting Started Content] INFO  o.e.m.c.i.e.AbstractTransferListenerAdapter - Downloaded https://repo.maven.apache.org/maven2/org/springframework/ws/spring-ws-bom/5.0.2/spring-ws-bom-5.0.2.pom
2026-07-14 16:50:45,300 [Worker-1: Import Getting Started Content] INFO  o.e.m.c.i.e.AbstractTransferListenerAdapter - Downloading https://repo.maven.apache.org/maven2/org/springframework/boot/spring-boot-maven-plugin/4.0.7/spring-boot-maven-plugin-4.0.7.pom
2026-07-14 16:50:45,322 [Worker-1: Import Getting Started Content] INFO  o.e.m.c.i.e.AbstractTransferListenerAdapter - Downloaded https://repo.maven.apache.org/maven2/org/springframework/boot/spring-boot-maven-plugin/4.0.7/spring-boot-maven-plugin-4.0.7.pom
2026-07-14 16:50:45,440 [Worker-1: Import Getting Started Content] INFO  o.e.m.c.i.e.AbstractTransferListenerAdapter - Downloading https://repo.maven.apache.org/maven2/org/springframework/boot/spring-boot-maven-plugin/4.0.7/spring-boot-maven-plugin-4.0.7.jar
2026-07-14 16:50:46,434 [Worker-1: Import Getting Started Content] INFO  o.e.m.c.i.e.AbstractTransferListenerAdapter - Downloaded https://repo.maven.apache.org/maven2/org/springframework/boot/spring-boot-maven-plugin/4.0.7/spring-boot-maven-plugin-4.0.7.jar
2026-07-14 16:50:46,927 [Worker-1: Import Getting Started Content] INFO  o.e.m.c.i.e.AbstractTransferListenerAdapter - Downloading https://repo.maven.apache.org/maven2/org/apache/maven/plugins/maven-surefire-plugin/3.5.6/maven-surefire-plugin-3.5.6.jar
2026-07-14 16:50:46,981 [Worker-1: Import Getting Started Content] INFO  o.e.m.c.i.e.AbstractTransferListenerAdapter - Downloaded https://repo.maven.apache.org/maven2/org/apache/maven/plugins/maven-surefire-plugin/3.5.6/maven-surefire-plugin-3.5.6.jar
2026-07-14 16:50:47,983 [Worker-1: Import Getting Started Content] INFO  o.e.m.c.i.l.LifecycleMappingFactory - Using org.eclipse.m2e.jdt.JarLifecycleMapping lifecycle mapping for MavenProject: in.cs:WhatsAppOrderManagement:1.0 @ C:\Users\PMLS\Desktop\RealProjects\WhatsAppOrderManagement\pom.xml.
2026-07-14 16:50:48,085 [Worker-1: Import Getting Started Content] INFO  o.e.m.c.i.e.AbstractTransferListenerAdapter - Downloading https://repo.maven.apache.org/maven2/org/springframework/boot/spring-boot-starter-data-jpa/4.0.7/spring-boot-starter-data-jpa-4.0.7.pom
2026-07-14 16:50:48,091 [Worker-1: Import Getting Started Content] INFO  o.e.m.c.i.e.AbstractTransferListenerAdapter - Downloaded https://repo.maven.apache.org/maven2/org/springframework/boot/spring-boot-starter-data-jpa/4.0.7/spring-boot-starter-data-jpa-4.0.7.pom
2026-07-14 16:50:48,163 [Worker-1: Import Getting Started Content] INFO  o.e.m.c.i.e.AbstractTransferListenerAdapter - Downloading https://repo.maven.apache.org/maven2/org/springframework/boot/spring-boot-starter/4.0.7/spring-boot-starter-4.0.7.pom
2026-07-14 16:50:48,168 [Worker-1: Import Getting Started Content] INFO  o.e.m.c.i.e.AbstractTransferListenerAdapter - Downloaded https://repo.maven.apache.org/maven2/org/springframework/boot/spring-boot-starter/4.0.7/spring-boot-starter-4.0.7.pom
2026-07-14 16:50:48,253 [Worker-1: Import Getting Started Content] INFO  o.e.m.c.i.e.AbstractTransferListenerAdapter - Downloading https://repo.maven.apache.org/maven2/org/springframework/boot/spring-boot-starter-logging/4.0.7/spring-boot-starter-logging-4.0.7.pom
2026-07-14 16:50:48,257 [Worker-1: Import Getting Started Content] INFO  o.e.m.c.i.e.AbstractTransferListenerAdapter - Downloaded https://repo.maven.apache.org/maven2/org/springframework/boot/spring-boot-starter-logging/4.0.7/spring-boot-starter-logging-4.0.7.pom
2026-07-14 16:50:48,380 [Worker-1: Import Getting Started Content] INFO  o.e.m.c.i.e.AbstractTransferListenerAdapter - Downloading https://repo.maven.apache.org/maven2/ch/qos/logback/logback-classic/1.5.34/logback-classic-1.5.34.pom
2026-07-14 16:50:48,387 [Worker-1: Import Getting Started Content] INFO  o.e.m.c.i.e.AbstractTransferListenerAdapter - Downloaded https://repo.maven.apache.org/maven2/ch/qos/logback/logback-classic/1.5.34/logback-classic-1.5.34.pom
2026-07-14 16:50:48,465 [Worker-1: Import Getting Started Content] INFO  o.e.m.c.i.e.AbstractTransferListenerAdapter - Downloading https://repo.maven.apache.org/maven2/ch/qos/logback/logback-parent/1.5.34/logback-parent-1.5.34.pom
2026-07-14 16:50:48,470 [Worker-1: Import Getting Started Content] INFO  o.e.m.c.i.e.AbstractTransferListenerAdapter - Downloaded https://repo.maven.apache.org/maven2/ch/qos/logback/logback-parent/1.5.34/logback-parent-1.5.34.pom
2026-07-14 16:50:48,551 [Worker-1: Import Getting Started Content] INFO  o.e.m.c.i.e.AbstractTransferListenerAdapter - Downloading https://repo.maven.apache.org/maven2/ch/qos/logback/logback-core/1.5.34/logback-core-1.5.34.pom
2026-07-14 16:50:48,556 [Worker-1: Import Getting Started Content] INFO  o.e.m.c.i.e.AbstractTransferListenerAdapter - Downloaded https://repo.maven.apache.org/maven2/ch/qos/logback/logback-core/1.5.34/logback-core-1.5.34.pom
2026-07-14 16:50:48,630 [Worker-1: Import Getting Started Content] INFO  o.e.m.c.i.e.AbstractTransferListenerAdapter - Downloading https://repo.maven.apache.org/maven2/org/slf4j/slf4j-api/2.0.18/slf4j-api-2.0.18.pom
2026-07-14 16:50:48,639 [Worker-1: Import Getting Started Content] INFO  o.e.m.c.i.e.AbstractTransferListenerAdapter - Downloaded https://repo.maven.apache.org/maven2/org/slf4j/slf4j-api/2.0.18/slf4j-api-2.0.18.pom
2026-07-14 16:50:48,745 [Worker-1: Import Getting Started Content] INFO  o.e.m.c.i.e.AbstractTransferListenerAdapter - Downloading https://repo.maven.apache.org/maven2/org/slf4j/slf4j-parent/2.0.18/slf4j-parent-2.0.18.pom
2026-07-14 16:50:48,760 [Worker-1: Import Getting Started Content] INFO  o.e.m.c.i.e.AbstractTransferListenerAdapter - Downloaded https://repo.maven.apache.org/maven2/org/slf4j/slf4j-parent/2.0.18/slf4j-parent-2.0.18.pom
2026-07-14 16:50:48,839 [Worker-1: Import Getting Started Content] INFO  o.e.m.c.i.e.AbstractTransferListenerAdapter - Downloading https://repo.maven.apache.org/maven2/org/slf4j/slf4j-bom/2.0.18/slf4j-bom-2.0.18.pom
2026-07-14 16:50:48,843 [Worker-1: Import Getting Started Content] INFO  o.e.m.c.i.e.AbstractTransferListenerAdapter - Downloaded https://repo.maven.apache.org/maven2/org/slf4j/slf4j-bom/2.0.18/slf4j-bom-2.0.18.pom
2026-07-14 16:50:48,961 [Worker-1: Import Getting Started Content] INFO  o.e.m.c.i.e.AbstractTransferListenerAdapter - Downloading https://repo.maven.apache.org/maven2/org/slf4j/jul-to-slf4j/2.0.18/jul-to-slf4j-2.0.18.pom
2026-07-14 16:50:48,966 [Worker-1: Import Getting Started Content] INFO  o.e.m.c.i.e.AbstractTransferListenerAdapter - Downloaded https://repo.maven.apache.org/maven2/org/slf4j/jul-to-slf4j/2.0.18/jul-to-slf4j-2.0.18.pom
2026-07-14 16:50:49,054 [Worker-1: Import Getting Started Content] INFO  o.e.m.c.i.e.AbstractTransferListenerAdapter - Downloading https://repo.maven.apache.org/maven2/org/springframework/boot/spring-boot-autoconfigure/4.0.7/spring-boot-autoconfigure-4.0.7.pom
2026-07-14 16:50:49,062 [Worker-1: Import Getting Started Content] INFO  o.e.m.c.i.e.AbstractTransferListenerAdapter - Downloaded https://repo.maven.apache.org/maven2/org/springframework/boot/spring-boot-autoconfigure/4.0.7/spring-boot-autoconfigure-4.0.7.pom
2026-07-14 16:50:49,144 [Worker-1: Import Getting Started Content] INFO  o.e.m.c.i.e.AbstractTransferListenerAdapter - Downloading https://repo.maven.apache.org/maven2/org/springframework/boot/spring-boot/4.0.7/spring-boot-4.0.7.pom
2026-07-14 16:50:49,151 [Worker-1: Import Getting Started Content] INFO  o.e.m.c.i.e.AbstractTransferListenerAdapter - Downloaded https://repo.maven.apache.org/maven2/org/springframework/boot/spring-boot/4.0.7/spring-boot-4.0.7.pom
2026-07-14 16:50:49,225 [Worker-1: Import Getting Started Content] INFO  o.e.m.c.i.e.AbstractTransferListenerAdapter - Downloading https://repo.maven.apache.org/maven2/org/springframework/spring-core/7.0.8/spring-core-7.0.8.pom
2026-07-14 16:50:49,230 [Worker-1: Import Getting Started Content] INFO  o.e.m.c.i.e.AbstractTransferListenerAdapter - Downloaded https://repo.maven.apache.org/maven2/org/springframework/spring-core/7.0.8/spring-core-7.0.8.pom
2026-07-14 16:50:49,418 [Worker-1: Import Getting Started Content] INFO  o.e.m.c.i.e.AbstractTransferListenerAdapter - Downloading https://repo.maven.apache.org/maven2/org/springframework/spring-context/7.0.8/spring-context-7.0.8.pom
2026-07-14 16:50:49,425 [Worker-1: Import Getting Started Content] INFO  o.e.m.c.i.e.AbstractTransferListenerAdapter - Downloaded https://repo.maven.apache.org/maven2/org/springframework/spring-context/7.0.8/spring-context-7.0.8.pom
2026-07-14 16:50:50,954 [Worker-1: Import Getting Started Content] INFO  o.e.m.c.i.e.AbstractTransferListenerAdapter - Downloading https://repo.maven.apache.org/maven2/org/springframework/spring-aop/7.0.8/spring-aop-7.0.8.pom
2026-07-14 16:50:50,964 [Worker-1: Import Getting Started Content] INFO  o.e.m.c.i.e.AbstractTransferListenerAdapter - Downloaded https://repo.maven.apache.org/maven2/org/springframework/spring-aop/7.0.8/spring-aop-7.0.8.pom
2026-07-14 16:50:51,192 [Worker-1: Import Getting Started Content] INFO  o.e.m.c.i.e.AbstractTransferListenerAdapter - Downloading https://repo.maven.apache.org/maven2/org/springframework/spring-beans/7.0.8/spring-beans-7.0.8.pom
2026-07-14 16:50:51,200 [Worker-1: Import Getting Started Content] INFO  o.e.m.c.i.e.AbstractTransferListenerAdapter - Downloaded https://repo.maven.apache.org/maven2/org/springframework/spring-beans/7.0.8/spring-beans-7.0.8.pom
2026-07-14 16:50:51,288 [Worker-1: Import Getting Started Content] INFO  o.e.m.c.i.e.AbstractTransferListenerAdapter - Downloading https://repo.maven.apache.org/maven2/org/springframework/spring-expression/7.0.8/spring-expression-7.0.8.pom
2026-07-14 16:50:51,298 [Worker-1: Import Getting Started Content] INFO  o.e.m.c.i.e.AbstractTransferListenerAdapter - Downloaded https://repo.maven.apache.org/maven2/org/springframework/spring-expression/7.0.8/spring-expression-7.0.8.pom
2026-07-14 16:50:51,382 [Worker-1: Import Getting Started Content] INFO  o.e.m.c.i.e.AbstractTransferListenerAdapter - Downloading https://repo.maven.apache.org/maven2/io/micrometer/micrometer-observation/1.16.6/micrometer-observation-1.16.6.pom
2026-07-14 16:50:51,390 [Worker-1: Import Getting Started Content] INFO  o.e.m.c.i.e.AbstractTransferListenerAdapter - Downloaded https://repo.maven.apache.org/maven2/io/micrometer/micrometer-observation/1.16.6/micrometer-observation-1.16.6.pom
2026-07-14 16:50:51,490 [Worker-1: Import Getting Started Content] INFO  o.e.m.c.i.e.AbstractTransferListenerAdapter - Downloading https://repo.maven.apache.org/maven2/io/micrometer/micrometer-commons/1.16.6/micrometer-commons-1.16.6.pom
2026-07-14 16:50:51,498 [Worker-1: Import Getting Started Content] INFO  o.e.m.c.i.e.AbstractTransferListenerAdapter - Downloaded https://repo.maven.apache.org/maven2/io/micrometer/micrometer-commons/1.16.6/micrometer-commons-1.16.6.pom
2026-07-14 16:50:51,598 [Worker-1: Import Getting Started Content] INFO  o.e.m.c.i.e.AbstractTransferListenerAdapter - Downloading https://repo.maven.apache.org/maven2/org/springframework/boot/spring-boot-starter-jdbc/4.0.7/spring-boot-starter-jdbc-4.0.7.pom
2026-07-14 16:50:51,608 [Worker-1: Import Getting Started Content] INFO  o.e.m.c.i.e.AbstractTransferListenerAdapter - Downloaded https://repo.maven.apache.org/maven2/org/springframework/boot/spring-boot-starter-jdbc/4.0.7/spring-boot-starter-jdbc-4.0.7.pom
2026-07-14 16:50:51,750 [Worker-1: Import Getting Started Content] INFO  o.e.m.c.i.e.AbstractTransferListenerAdapter - Downloading https://repo.maven.apache.org/maven2/org/springframework/boot/spring-boot-jdbc/4.0.7/spring-boot-jdbc-4.0.7.pom
2026-07-14 16:50:51,759 [Worker-1: Import Getting Started Content] INFO  o.e.m.c.i.e.AbstractTransferListenerAdapter - Downloaded https://repo.maven.apache.org/maven2/org/springframework/boot/spring-boot-jdbc/4.0.7/spring-boot-jdbc-4.0.7.pom
2026-07-14 16:50:51,833 [Worker-1: Import Getting Started Content] INFO  o.e.m.c.i.e.AbstractTransferListenerAdapter - Downloading https://repo.maven.apache.org/maven2/org/springframework/boot/spring-boot-sql/4.0.7/spring-boot-sql-4.0.7.pom
2026-07-14 16:50:51,841 [Worker-1: Import Getting Started Content] INFO  o.e.m.c.i.e.AbstractTransferListenerAdapter - Downloaded https://repo.maven.apache.org/maven2/org/springframework/boot/spring-boot-sql/4.0.7/spring-boot-sql-4.0.7.pom
2026-07-14 16:50:51,919 [Worker-1: Import Getting Started Content] INFO  o.e.m.c.i.e.AbstractTransferListenerAdapter - Downloading https://repo.maven.apache.org/maven2/org/springframework/boot/spring-boot-transaction/4.0.7/spring-boot-transaction-4.0.7.pom
2026-07-14 16:50:51,926 [Worker-1: Import Getting Started Content] INFO  o.e.m.c.i.e.AbstractTransferListenerAdapter - Downloaded https://repo.maven.apache.org/maven2/org/springframework/boot/spring-boot-transaction/4.0.7/spring-boot-transaction-4.0.7.pom
2026-07-14 16:50:52,029 [Worker-1: Import Getting Started Content] INFO  o.e.m.c.i.e.AbstractTransferListenerAdapter - Downloading https://repo.maven.apache.org/maven2/org/springframework/boot/spring-boot-persistence/4.0.7/spring-boot-persistence-4.0.7.pom
2026-07-14 16:50:52,036 [Worker-1: Import Getting Started Content] INFO  o.e.m.c.i.e.AbstractTransferListenerAdapter - Downloaded https://repo.maven.apache.org/maven2/org/springframework/boot/spring-boot-persistence/4.0.7/spring-boot-persistence-4.0.7.pom
2026-07-14 16:50:52,330 [Worker-1: Import Getting Started Content] INFO  o.e.m.c.i.e.AbstractTransferListenerAdapter - Downloading https://repo.maven.apache.org/maven2/org/springframework/spring-tx/7.0.8/spring-tx-7.0.8.pom
2026-07-14 16:50:52,338 [Worker-1: Import Getting Started Content] INFO  o.e.m.c.i.e.AbstractTransferListenerAdapter - Downloaded https://repo.maven.apache.org/maven2/org/springframework/spring-tx/7.0.8/spring-tx-7.0.8.pom
2026-07-14 16:50:52,427 [Worker-1: Import Getting Started Content] INFO  o.e.m.c.i.e.AbstractTransferListenerAdapter - Downloading https://repo.maven.apache.org/maven2/org/springframework/spring-jdbc/7.0.8/spring-jdbc-7.0.8.pom
2026-07-14 16:50:52,436 [Worker-1: Import Getting Started Content] INFO  o.e.m.c.i.e.AbstractTransferListenerAdapter - Downloaded https://repo.maven.apache.org/maven2/org/springframework/spring-jdbc/7.0.8/spring-jdbc-7.0.8.pom
2026-07-14 16:50:53,194 [Worker-1: Import Getting Started Content] INFO  o.e.m.c.i.e.AbstractTransferListenerAdapter - Downloading https://repo.maven.apache.org/maven2/org/springframework/boot/spring-boot-data-jpa/4.0.7/spring-boot-data-jpa-4.0.7.pom
2026-07-14 16:50:53,206 [Worker-1: Import Getting Started Content] INFO  o.e.m.c.i.e.AbstractTransferListenerAdapter - Downloaded https://repo.maven.apache.org/maven2/org/springframework/boot/spring-boot-data-jpa/4.0.7/spring-boot-data-jpa-4.0.7.pom
2026-07-14 16:50:53,435 [Worker-1: Import Getting Started Content] INFO  o.e.m.c.i.e.AbstractTransferListenerAdapter - Downloading https://repo.maven.apache.org/maven2/org/springframework/boot/spring-boot-data-commons/4.0.7/spring-boot-data-commons-4.0.7.pom
2026-07-14 16:50:53,444 [Worker-1: Import Getting Started Content] INFO  o.e.m.c.i.e.AbstractTransferListenerAdapter - Downloaded https://repo.maven.apache.org/maven2/org/springframework/boot/spring-boot-data-commons/4.0.7/spring-boot-data-commons-4.0.7.pom
2026-07-14 16:50:53,546 [Worker-1: Import Getting Started Content] INFO  o.e.m.c.i.e.AbstractTransferListenerAdapter - Downloading https://repo.maven.apache.org/maven2/org/springframework/data/spring-data-commons/4.0.6/spring-data-commons-4.0.6.pom
2026-07-14 16:50:53,570 [Worker-1: Import Getting Started Content] INFO  o.e.m.c.i.e.AbstractTransferListenerAdapter - Downloaded https://repo.maven.apache.org/maven2/org/springframework/data/spring-data-commons/4.0.6/spring-data-commons-4.0.6.pom
2026-07-14 16:50:54,525 [Worker-1: Import Getting Started Content] INFO  o.e.m.c.i.e.AbstractTransferListenerAdapter - Downloading https://repo.maven.apache.org/maven2/org/springframework/data/build/spring-data-parent/4.0.6/spring-data-parent-4.0.6.pom
2026-07-14 16:50:54,535 [Worker-1: Import Getting Started Content] INFO  o.e.m.c.i.e.AbstractTransferListenerAdapter - Downloaded https://repo.maven.apache.org/maven2/org/springframework/data/build/spring-data-parent/4.0.6/spring-data-parent-4.0.6.pom
2026-07-14 16:50:54,627 [Worker-1: Import Getting Started Content] INFO  o.e.m.c.i.e.AbstractTransferListenerAdapter - Downloading https://repo.maven.apache.org/maven2/org/springframework/data/build/spring-data-build/4.0.6/spring-data-build-4.0.6.pom
2026-07-14 16:50:54,637 [Worker-1: Import Getting Started Content] INFO  o.e.m.c.i.e.AbstractTransferListenerAdapter - Downloaded https://repo.maven.apache.org/maven2/org/springframework/data/build/spring-data-build/4.0.6/spring-data-build-4.0.6.pom
2026-07-14 16:50:54,888 [Worker-1: Import Getting Started Content] INFO  o.e.m.c.i.e.AbstractTransferListenerAdapter - Downloading https://repo.maven.apache.org/maven2/io/micrometer/micrometer-tracing-bom/1.6.6/micrometer-tracing-bom-1.6.6.pom
2026-07-14 16:50:54,897 [Worker-1: Import Getting Started Content] INFO  o.e.m.c.i.e.AbstractTransferListenerAdapter - Downloaded https://repo.maven.apache.org/maven2/io/micrometer/micrometer-tracing-bom/1.6.6/micrometer-tracing-bom-1.6.6.pom
2026-07-14 16:50:55,005 [Worker-1: Import Getting Started Content] INFO  o.e.m.c.i.e.AbstractTransferListenerAdapter - Downloading https://repo.maven.apache.org/maven2/org/springframework/boot/spring-boot-hibernate/4.0.7/spring-boot-hibernate-4.0.7.pom
2026-07-14 16:50:55,014 [Worker-1: Import Getting Started Content] INFO  o.e.m.c.i.e.AbstractTransferListenerAdapter - Downloaded https://repo.maven.apache.org/maven2/org/springframework/boot/spring-boot-hibernate/4.0.7/spring-boot-hibernate-4.0.7.pom
2026-07-14 16:50:55,098 [Worker-1: Import Getting Started Content] INFO  o.e.m.c.i.e.AbstractTransferListenerAdapter - Downloading https://repo.maven.apache.org/maven2/org/springframework/boot/spring-boot-jpa/4.0.7/spring-boot-jpa-4.0.7.pom
2026-07-14 16:50:55,106 [Worker-1: Import Getting Started Content] INFO  o.e.m.c.i.e.AbstractTransferListenerAdapter - Downloaded https://repo.maven.apache.org/maven2/org/springframework/boot/spring-boot-jpa/4.0.7/spring-boot-jpa-4.0.7.pom
2026-07-14 16:50:55,191 [Worker-1: Import Getting Started Content] INFO  o.e.m.c.i.e.AbstractTransferListenerAdapter - Downloading https://repo.maven.apache.org/maven2/org/springframework/spring-orm/7.0.8/spring-orm-7.0.8.pom
2026-07-14 16:50:55,197 [Worker-1: Import Getting Started Content] INFO  o.e.m.c.i.e.AbstractTransferListenerAdapter - Downloaded https://repo.maven.apache.org/maven2/org/springframework/spring-orm/7.0.8/spring-orm-7.0.8.pom
2026-07-14 16:50:55,297 [Worker-1: Import Getting Started Content] INFO  o.e.m.c.i.e.AbstractTransferListenerAdapter - Downloading https://repo.maven.apache.org/maven2/org/hibernate/orm/hibernate-core/7.2.19.Final/hibernate-core-7.2.19.Final.pom
2026-07-14 16:50:55,305 [Worker-1: Import Getting Started Content] INFO  o.e.m.c.i.e.AbstractTransferListenerAdapter - Downloaded https://repo.maven.apache.org/maven2/org/hibernate/orm/hibernate-core/7.2.19.Final/hibernate-core-7.2.19.Final.pom
2026-07-14 16:50:55,451 [Worker-1: Import Getting Started Content] INFO  o.e.m.c.i.e.AbstractTransferListenerAdapter - Downloading https://repo.maven.apache.org/maven2/jakarta/xml/bind/jakarta.xml.bind-api/4.0.5/jakarta.xml.bind-api-4.0.5.pom
2026-07-14 16:50:55,459 [Worker-1: Import Getting Started Content] INFO  o.e.m.c.i.e.AbstractTransferListenerAdapter - Downloaded https://repo.maven.apache.org/maven2/jakarta/xml/bind/jakarta.xml.bind-api/4.0.5/jakarta.xml.bind-api-4.0.5.pom
2026-07-14 16:50:55,661 [Worker-1: Import Getting Started Content] INFO  o.e.m.c.i.e.AbstractTransferListenerAdapter - Downloading https://repo.maven.apache.org/maven2/jakarta/xml/bind/jakarta.xml.bind-api-parent/4.0.5/jakarta.xml.bind-api-parent-4.0.5.pom
2026-07-14 16:50:55,687 [Worker-1: Import Getting Started Content] INFO  o.e.m.c.i.e.AbstractTransferListenerAdapter - Downloaded https://repo.maven.apache.org/maven2/jakarta/xml/bind/jakarta.xml.bind-api-parent/4.0.5/jakarta.xml.bind-api-parent-4.0.5.pom
2026-07-14 16:50:55,788 [Worker-1: Import Getting Started Content] INFO  o.e.m.c.i.e.AbstractTransferListenerAdapter - Downloading https://repo.maven.apache.org/maven2/org/glassfish/jaxb/jaxb-runtime/4.0.9/jaxb-runtime-4.0.9.pom
2026-07-14 16:50:55,796 [Worker-1: Import Getting Started Content] INFO  o.e.m.c.i.e.AbstractTransferListenerAdapter - Downloaded https://repo.maven.apache.org/maven2/org/glassfish/jaxb/jaxb-runtime/4.0.9/jaxb-runtime-4.0.9.pom
2026-07-14 16:50:55,880 [Worker-1: Import Getting Started Content] INFO  o.e.m.c.i.e.AbstractTransferListenerAdapter - Downloading https://repo.maven.apache.org/maven2/org/glassfish/jaxb/jaxb-runtime-parent/4.0.9/jaxb-runtime-parent-4.0.9.pom
2026-07-14 16:50:55,889 [Worker-1: Import Getting Started Content] INFO  o.e.m.c.i.e.AbstractTransferListenerAdapter - Downloaded https://repo.maven.apache.org/maven2/org/glassfish/jaxb/jaxb-runtime-parent/4.0.9/jaxb-runtime-parent-4.0.9.pom
2026-07-14 16:50:55,978 [Worker-1: Import Getting Started Content] INFO  o.e.m.c.i.e.AbstractTransferListenerAdapter - Downloading https://repo.maven.apache.org/maven2/org/glassfish/jaxb/jaxb-parent/4.0.9/jaxb-parent-4.0.9.pom
2026-07-14 16:50:55,991 [Worker-1: Import Getting Started Content] INFO  o.e.m.c.i.e.AbstractTransferListenerAdapter - Downloaded https://repo.maven.apache.org/maven2/org/glassfish/jaxb/jaxb-parent/4.0.9/jaxb-parent-4.0.9.pom
2026-07-14 16:50:56,092 [Worker-1: Import Getting Started Content] INFO  o.e.m.c.i.e.AbstractTransferListenerAdapter - Downloading https://repo.maven.apache.org/maven2/org/glassfish/jaxb/jaxb-bom-ext/4.0.9/jaxb-bom-ext-4.0.9.pom
2026-07-14 16:50:56,101 [Worker-1: Import Getting Started Content] INFO  o.e.m.c.i.e.AbstractTransferListenerAdapter - Downloaded https://repo.maven.apache.org/maven2/org/glassfish/jaxb/jaxb-bom-ext/4.0.9/jaxb-bom-ext-4.0.9.pom
2026-07-14 16:50:56,189 [Worker-1: Import Getting Started Content] INFO  o.e.m.c.i.e.AbstractTransferListenerAdapter - Downloading https://repo.maven.apache.org/maven2/org/glassfish/jaxb/jaxb-bom/4.0.9/jaxb-bom-4.0.9.pom
2026-07-14 16:50:56,201 [Worker-1: Import Getting Started Content] INFO  o.e.m.c.i.e.AbstractTransferListenerAdapter - Downloaded https://repo.maven.apache.org/maven2/org/glassfish/jaxb/jaxb-bom/4.0.9/jaxb-bom-4.0.9.pom
2026-07-14 16:50:56,299 [Worker-1: Import Getting Started Content] INFO  o.e.m.c.i.e.AbstractTransferListenerAdapter - Downloading https://repo.maven.apache.org/maven2/org/eclipse/ee4j/project/2.0.4/project-2.0.4.pom
2026-07-14 16:50:56,310 [Worker-1: Import Getting Started Content] INFO  o.e.m.c.i.e.AbstractTransferListenerAdapter - Downloaded https://repo.maven.apache.org/maven2/org/eclipse/ee4j/project/2.0.4/project-2.0.4.pom
2026-07-14 16:50:56,416 [Worker-1: Import Getting Started Content] INFO  o.e.m.c.i.e.AbstractTransferListenerAdapter - Downloading https://repo.maven.apache.org/maven2/org/glassfish/jaxb/jaxb-core/4.0.9/jaxb-core-4.0.9.pom
2026-07-14 16:50:56,424 [Worker-1: Import Getting Started Content] INFO  o.e.m.c.i.e.AbstractTransferListenerAdapter - Downloaded https://repo.maven.apache.org/maven2/org/glassfish/jaxb/jaxb-core/4.0.9/jaxb-core-4.0.9.pom
2026-07-14 16:50:56,507 [Worker-1: Import Getting Started Content] INFO  o.e.m.c.i.e.AbstractTransferListenerAdapter - Downloading https://repo.maven.apache.org/maven2/org/glassfish/jaxb/txw2/4.0.9/txw2-4.0.9.pom
2026-07-14 16:50:56,512 [Worker-1: Import Getting Started Content] INFO  o.e.m.c.i.e.AbstractTransferListenerAdapter - Downloaded https://repo.maven.apache.org/maven2/org/glassfish/jaxb/txw2/4.0.9/txw2-4.0.9.pom
2026-07-14 16:50:56,566 [Worker-1: Import Getting Started Content] INFO  o.e.m.c.i.e.AbstractTransferListenerAdapter - Downloading https://repo.maven.apache.org/maven2/org/glassfish/jaxb/jaxb-txw-parent/4.0.9/jaxb-txw-parent-4.0.9.pom
2026-07-14 16:50:56,570 [Worker-1: Import Getting Started Content] INFO  o.e.m.c.i.e.AbstractTransferListenerAdapter - Downloaded https://repo.maven.apache.org/maven2/org/glassfish/jaxb/jaxb-txw-parent/4.0.9/jaxb-txw-parent-4.0.9.pom
2026-07-14 16:50:56,656 [Worker-1: Import Getting Started Content] INFO  o.e.m.c.i.e.AbstractTransferListenerAdapter - Downloading https://repo.maven.apache.org/maven2/org/springframework/data/spring-data-jpa/4.0.6/spring-data-jpa-4.0.6.pom
2026-07-14 16:50:56,661 [Worker-1: Import Getting Started Content] INFO  o.e.m.c.i.e.AbstractTransferListenerAdapter - Downloaded https://repo.maven.apache.org/maven2/org/springframework/data/spring-data-jpa/4.0.6/spring-data-jpa-4.0.6.pom
2026-07-14 16:50:56,738 [Worker-1: Import Getting Started Content] INFO  o.e.m.c.i.e.AbstractTransferListenerAdapter - Downloading https://repo.maven.apache.org/maven2/org/springframework/data/spring-data-jpa-parent/4.0.6/spring-data-jpa-parent-4.0.6.pom
2026-07-14 16:50:56,744 [Worker-1: Import Getting Started Content] INFO  o.e.m.c.i.e.AbstractTransferListenerAdapter - Downloaded https://repo.maven.apache.org/maven2/org/springframework/data/spring-data-jpa-parent/4.0.6/spring-data-jpa-parent-4.0.6.pom
2026-07-14 16:50:56,837 [Worker-1: Import Getting Started Content] INFO  o.e.m.c.i.e.AbstractTransferListenerAdapter - Downloading https://repo.maven.apache.org/maven2/org/springframework/spring-aspects/7.0.8/spring-aspects-7.0.8.pom
2026-07-14 16:50:56,846 [Worker-1: Import Getting Started Content] INFO  o.e.m.c.i.e.AbstractTransferListenerAdapter - Downloaded https://repo.maven.apache.org/maven2/org/springframework/spring-aspects/7.0.8/spring-aspects-7.0.8.pom
2026-07-14 16:50:56,920 [Worker-1: Import Getting Started Content] INFO  o.e.m.c.i.e.AbstractTransferListenerAdapter - Downloading https://repo.maven.apache.org/maven2/org/springframework/boot/spring-boot-starter-security/4.0.7/spring-boot-starter-security-4.0.7.pom
2026-07-14 16:50:56,928 [Worker-1: Import Getting Started Content] INFO  o.e.m.c.i.e.AbstractTransferListenerAdapter - Downloaded https://repo.maven.apache.org/maven2/org/springframework/boot/spring-boot-starter-security/4.0.7/spring-boot-starter-security-4.0.7.pom
2026-07-14 16:50:57,012 [Worker-1: Import Getting Started Content] INFO  o.e.m.c.i.e.AbstractTransferListenerAdapter - Downloading https://repo.maven.apache.org/maven2/org/springframework/boot/spring-boot-security/4.0.7/spring-boot-security-4.0.7.pom
2026-07-14 16:50:57,018 [Worker-1: Import Getting Started Content] INFO  o.e.m.c.i.e.AbstractTransferListenerAdapter - Downloaded https://repo.maven.apache.org/maven2/org/springframework/boot/spring-boot-security/4.0.7/spring-boot-security-4.0.7.pom
2026-07-14 16:50:57,115 [Worker-1: Import Getting Started Content] INFO  o.e.m.c.i.e.AbstractTransferListenerAdapter - Downloading https://repo.maven.apache.org/maven2/org/springframework/security/spring-security-config/7.0.6/spring-security-config-7.0.6.pom
2026-07-14 16:50:57,122 [Worker-1: Import Getting Started Content] INFO  o.e.m.c.i.e.AbstractTransferListenerAdapter - Downloaded https://repo.maven.apache.org/maven2/org/springframework/security/spring-security-config/7.0.6/spring-security-config-7.0.6.pom
2026-07-14 16:50:57,211 [Worker-1: Import Getting Started Content] INFO  o.e.m.c.i.e.AbstractTransferListenerAdapter - Downloading https://repo.maven.apache.org/maven2/org/springframework/security/spring-security-core/7.0.6/spring-security-core-7.0.6.pom
2026-07-14 16:50:57,219 [Worker-1: Import Getting Started Content] INFO  o.e.m.c.i.e.AbstractTransferListenerAdapter - Downloaded https://repo.maven.apache.org/maven2/org/springframework/security/spring-security-core/7.0.6/spring-security-core-7.0.6.pom
2026-07-14 16:50:57,318 [Worker-1: Import Getting Started Content] INFO  o.e.m.c.i.e.AbstractTransferListenerAdapter - Downloading https://repo.maven.apache.org/maven2/org/springframework/security/spring-security-crypto/7.0.6/spring-security-crypto-7.0.6.pom
2026-07-14 16:50:57,326 [Worker-1: Import Getting Started Content] INFO  o.e.m.c.i.e.AbstractTransferListenerAdapter - Downloaded https://repo.maven.apache.org/maven2/org/springframework/security/spring-security-crypto/7.0.6/spring-security-crypto-7.0.6.pom
2026-07-14 16:50:57,462 [Worker-1: Import Getting Started Content] INFO  o.e.m.c.i.e.AbstractTransferListenerAdapter - Downloading https://repo.maven.apache.org/maven2/org/springframework/security/spring-security-web/7.0.6/spring-security-web-7.0.6.pom
2026-07-14 16:50:57,469 [Worker-1: Import Getting Started Content] INFO  o.e.m.c.i.e.AbstractTransferListenerAdapter - Downloaded https://repo.maven.apache.org/maven2/org/springframework/security/spring-security-web/7.0.6/spring-security-web-7.0.6.pom
2026-07-14 16:50:57,568 [Worker-1: Import Getting Started Content] INFO  o.e.m.c.i.e.AbstractTransferListenerAdapter - Downloading https://repo.maven.apache.org/maven2/org/springframework/spring-web/7.0.8/spring-web-7.0.8.pom
2026-07-14 16:50:57,589 [Worker-1: Import Getting Started Content] INFO  o.e.m.c.i.e.AbstractTransferListenerAdapter - Downloaded https://repo.maven.apache.org/maven2/org/springframework/spring-web/7.0.8/spring-web-7.0.8.pom
2026-07-14 16:50:57,685 [Worker-1: Import Getting Started Content] INFO  o.e.m.c.i.e.AbstractTransferListenerAdapter - Downloading https://repo.maven.apache.org/maven2/org/springframework/boot/spring-boot-starter-webmvc/4.0.7/spring-boot-starter-webmvc-4.0.7.pom
2026-07-14 16:50:57,691 [Worker-1: Import Getting Started Content] INFO  o.e.m.c.i.e.AbstractTransferListenerAdapter - Downloaded https://repo.maven.apache.org/maven2/org/springframework/boot/spring-boot-starter-webmvc/4.0.7/spring-boot-starter-webmvc-4.0.7.pom
2026-07-14 16:50:57,789 [Worker-1: Import Getting Started Content] INFO  o.e.m.c.i.e.AbstractTransferListenerAdapter - Downloading https://repo.maven.apache.org/maven2/org/springframework/boot/spring-boot-starter-jackson/4.0.7/spring-boot-starter-jackson-4.0.7.pom
2026-07-14 16:50:57,797 [Worker-1: Import Getting Started Content] INFO  o.e.m.c.i.e.AbstractTransferListenerAdapter - Downloaded https://repo.maven.apache.org/maven2/org/springframework/boot/spring-boot-starter-jackson/4.0.7/spring-boot-starter-jackson-4.0.7.pom
2026-07-14 16:50:57,917 [Worker-1: Import Getting Started Content] INFO  o.e.m.c.i.e.AbstractTransferListenerAdapter - Downloading https://repo.maven.apache.org/maven2/org/springframework/boot/spring-boot-jackson/4.0.7/spring-boot-jackson-4.0.7.pom
2026-07-14 16:50:57,925 [Worker-1: Import Getting Started Content] INFO  o.e.m.c.i.e.AbstractTransferListenerAdapter - Downloaded https://repo.maven.apache.org/maven2/org/springframework/boot/spring-boot-jackson/4.0.7/spring-boot-jackson-4.0.7.pom
2026-07-14 16:50:58,020 [Worker-1: Import Getting Started Content] INFO  o.e.m.c.i.e.AbstractTransferListenerAdapter - Downloading https://repo.maven.apache.org/maven2/tools/jackson/core/jackson-databind/3.1.4/jackson-databind-3.1.4.pom
2026-07-14 16:50:58,027 [Worker-1: Import Getting Started Content] INFO  o.e.m.c.i.e.AbstractTransferListenerAdapter - Downloaded https://repo.maven.apache.org/maven2/tools/jackson/core/jackson-databind/3.1.4/jackson-databind-3.1.4.pom
2026-07-14 16:50:58,180 [Worker-1: Import Getting Started Content] INFO  o.e.m.c.i.e.AbstractTransferListenerAdapter - Downloading https://repo.maven.apache.org/maven2/tools/jackson/jackson-base/3.1.4/jackson-base-3.1.4.pom
2026-07-14 16:50:58,199 [Worker-1: Import Getting Started Content] INFO  o.e.m.c.i.e.AbstractTransferListenerAdapter - Downloaded https://repo.maven.apache.org/maven2/tools/jackson/jackson-base/3.1.4/jackson-base-3.1.4.pom
2026-07-14 16:50:58,314 [Worker-1: Import Getting Started Content] INFO  o.e.m.c.i.e.AbstractTransferListenerAdapter - Downloading https://repo.maven.apache.org/maven2/tools/jackson/core/jackson-core/3.1.4/jackson-core-3.1.4.pom
2026-07-14 16:50:58,321 [Worker-1: Import Getting Started Content] INFO  o.e.m.c.i.e.AbstractTransferListenerAdapter - Downloaded https://repo.maven.apache.org/maven2/tools/jackson/core/jackson-core/3.1.4/jackson-core-3.1.4.pom
2026-07-14 16:50:58,410 [Worker-1: Import Getting Started Content] INFO  o.e.m.c.i.e.AbstractTransferListenerAdapter - Downloading https://repo.maven.apache.org/maven2/org/springframework/boot/spring-boot-starter-tomcat/4.0.7/spring-boot-starter-tomcat-4.0.7.pom
2026-07-14 16:50:58,418 [Worker-1: Import Getting Started Content] INFO  o.e.m.c.i.e.AbstractTransferListenerAdapter - Downloaded https://repo.maven.apache.org/maven2/org/springframework/boot/spring-boot-starter-tomcat/4.0.7/spring-boot-starter-tomcat-4.0.7.pom
2026-07-14 16:50:58,516 [Worker-1: Import Getting Started Content] INFO  o.e.m.c.i.e.AbstractTransferListenerAdapter - Downloading https://repo.maven.apache.org/maven2/org/springframework/boot/spring-boot-starter-tomcat-runtime/4.0.7/spring-boot-starter-tomcat-runtime-4.0.7.pom
2026-07-14 16:50:58,532 [Worker-1: Import Getting Started Content] INFO  o.e.m.c.i.e.AbstractTransferListenerAdapter - Downloaded https://repo.maven.apache.org/maven2/org/springframework/boot/spring-boot-starter-tomcat-runtime/4.0.7/spring-boot-starter-tomcat-runtime-4.0.7.pom
2026-07-14 16:50:58,620 [Worker-1: Import Getting Started Content] INFO  o.e.m.c.i.e.AbstractTransferListenerAdapter - Downloading https://repo.maven.apache.org/maven2/org/springframework/boot/spring-boot-tomcat/4.0.7/spring-boot-tomcat-4.0.7.pom
2026-07-14 16:50:58,632 [Worker-1: Import Getting Started Content] INFO  o.e.m.c.i.e.AbstractTransferListenerAdapter - Downloaded https://repo.maven.apache.org/maven2/org/springframework/boot/spring-boot-tomcat/4.0.7/spring-boot-tomcat-4.0.7.pom
2026-07-14 16:50:58,716 [Worker-1: Import Getting Started Content] INFO  o.e.m.c.i.e.AbstractTransferListenerAdapter - Downloading https://repo.maven.apache.org/maven2/org/springframework/boot/spring-boot-web-server/4.0.7/spring-boot-web-server-4.0.7.pom
2026-07-14 16:50:58,721 [Worker-1: Import Getting Started Content] INFO  o.e.m.c.i.e.AbstractTransferListenerAdapter - Downloaded https://repo.maven.apache.org/maven2/org/springframework/boot/spring-boot-web-server/4.0.7/spring-boot-web-server-4.0.7.pom
2026-07-14 16:50:58,841 [Worker-1: Import Getting Started Content] INFO  o.e.m.c.i.e.AbstractTransferListenerAdapter - Downloading https://repo.maven.apache.org/maven2/org/apache/tomcat/embed/tomcat-embed-core/11.0.22/tomcat-embed-core-11.0.22.pom
2026-07-14 16:50:58,847 [Worker-1: Import Getting Started Content] INFO  o.e.m.c.i.e.AbstractTransferListenerAdapter - Downloaded https://repo.maven.apache.org/maven2/org/apache/tomcat/embed/tomcat-embed-core/11.0.22/tomcat-embed-core-11.0.22.pom
2026-07-14 16:50:58,991 [Worker-1: Import Getting Started Content] INFO  o.e.m.c.i.e.AbstractTransferListenerAdapter - Downloading https://repo.maven.apache.org/maven2/org/apache/tomcat/embed/tomcat-embed-el/11.0.22/tomcat-embed-el-11.0.22.pom
2026-07-14 16:50:58,999 [Worker-1: Import Getting Started Content] INFO  o.e.m.c.i.e.AbstractTransferListenerAdapter - Downloaded https://repo.maven.apache.org/maven2/org/apache/tomcat/embed/tomcat-embed-el/11.0.22/tomcat-embed-el-11.0.22.pom
2026-07-14 16:50:59,103 [Worker-1: Import Getting Started Content] INFO  o.e.m.c.i.e.AbstractTransferListenerAdapter - Downloading https://repo.maven.apache.org/maven2/org/apache/tomcat/embed/tomcat-embed-websocket/11.0.22/tomcat-embed-websocket-11.0.22.pom
2026-07-14 16:50:59,110 [Worker-1: Import Getting Started Content] INFO  o.e.m.c.i.e.AbstractTransferListenerAdapter - Downloaded https://repo.maven.apache.org/maven2/org/apache/tomcat/embed/tomcat-embed-websocket/11.0.22/tomcat-embed-websocket-11.0.22.pom
2026-07-14 16:50:59,431 [Worker-1: Import Getting Started Content] INFO  o.e.m.c.i.e.AbstractTransferListenerAdapter - Downloading https://repo.maven.apache.org/maven2/org/springframework/boot/spring-boot-http-converter/4.0.7/spring-boot-http-converter-4.0.7.pom
2026-07-14 16:50:59,440 [Worker-1: Import Getting Started Content] INFO  o.e.m.c.i.e.AbstractTransferListenerAdapter - Downloaded https://repo.maven.apache.org/maven2/org/springframework/boot/spring-boot-http-converter/4.0.7/spring-boot-http-converter-4.0.7.pom
2026-07-14 16:50:59,537 [Worker-1: Import Getting Started Content] INFO  o.e.m.c.i.e.AbstractTransferListenerAdapter - Downloading https://repo.maven.apache.org/maven2/org/springframework/boot/spring-boot-webmvc/4.0.7/spring-boot-webmvc-4.0.7.pom
2026-07-14 16:50:59,547 [Worker-1: Import Getting Started Content] INFO  o.e.m.c.i.e.AbstractTransferListenerAdapter - Downloaded https://repo.maven.apache.org/maven2/org/springframework/boot/spring-boot-webmvc/4.0.7/spring-boot-webmvc-4.0.7.pom
2026-07-14 16:50:59,644 [Worker-1: Import Getting Started Content] INFO  o.e.m.c.i.e.AbstractTransferListenerAdapter - Downloading https://repo.maven.apache.org/maven2/org/springframework/boot/spring-boot-servlet/4.0.7/spring-boot-servlet-4.0.7.pom
2026-07-14 16:50:59,650 [Worker-1: Import Getting Started Content] INFO  o.e.m.c.i.e.AbstractTransferListenerAdapter - Downloaded https://repo.maven.apache.org/maven2/org/springframework/boot/spring-boot-servlet/4.0.7/spring-boot-servlet-4.0.7.pom
2026-07-14 16:50:59,738 [Worker-1: Import Getting Started Content] INFO  o.e.m.c.i.e.AbstractTransferListenerAdapter - Downloading https://repo.maven.apache.org/maven2/org/springframework/spring-webmvc/7.0.8/spring-webmvc-7.0.8.pom
2026-07-14 16:50:59,744 [Worker-1: Import Getting Started Content] INFO  o.e.m.c.i.e.AbstractTransferListenerAdapter - Downloaded https://repo.maven.apache.org/maven2/org/springframework/spring-webmvc/7.0.8/spring-webmvc-7.0.8.pom
2026-07-14 16:51:00,030 [Worker-1: Import Getting Started Content] INFO  o.e.m.c.i.e.AbstractTransferListenerAdapter - Downloading https://repo.maven.apache.org/maven2/org/springframework/boot/spring-boot-starter-data-jpa-test/4.0.7/spring-boot-starter-data-jpa-test-4.0.7.pom
2026-07-14 16:51:00,035 [Worker-1: Import Getting Started Content] INFO  o.e.m.c.i.e.AbstractTransferListenerAdapter - Downloaded https://repo.maven.apache.org/maven2/org/springframework/boot/spring-boot-starter-data-jpa-test/4.0.7/spring-boot-starter-data-jpa-test-4.0.7.pom
2026-07-14 16:51:00,114 [Worker-1: Import Getting Started Content] INFO  o.e.m.c.i.e.AbstractTransferListenerAdapter - Downloading https://repo.maven.apache.org/maven2/org/springframework/boot/spring-boot-starter-test/4.0.7/spring-boot-starter-test-4.0.7.pom
2026-07-14 16:51:00,120 [Worker-1: Import Getting Started Content] INFO  o.e.m.c.i.e.AbstractTransferListenerAdapter - Downloaded https://repo.maven.apache.org/maven2/org/springframework/boot/spring-boot-starter-test/4.0.7/spring-boot-starter-test-4.0.7.pom
2026-07-14 16:51:00,198 [Worker-1: Import Getting Started Content] INFO  o.e.m.c.i.e.AbstractTransferListenerAdapter - Downloading https://repo.maven.apache.org/maven2/org/springframework/boot/spring-boot-test/4.0.7/spring-boot-test-4.0.7.pom
2026-07-14 16:51:00,202 [Worker-1: Import Getting Started Content] INFO  o.e.m.c.i.e.AbstractTransferListenerAdapter - Downloaded https://repo.maven.apache.org/maven2/org/springframework/boot/spring-boot-test/4.0.7/spring-boot-test-4.0.7.pom
2026-07-14 16:51:00,308 [Worker-1: Import Getting Started Content] INFO  o.e.m.c.i.e.AbstractTransferListenerAdapter - Downloading https://repo.maven.apache.org/maven2/org/springframework/spring-test/7.0.8/spring-test-7.0.8.pom
2026-07-14 16:51:00,313 [Worker-1: Import Getting Started Content] INFO  o.e.m.c.i.e.AbstractTransferListenerAdapter - Downloaded https://repo.maven.apache.org/maven2/org/springframework/spring-test/7.0.8/spring-test-7.0.8.pom
2026-07-14 16:51:00,407 [Worker-1: Import Getting Started Content] INFO  o.e.m.c.i.e.AbstractTransferListenerAdapter - Downloading https://repo.maven.apache.org/maven2/org/springframework/boot/spring-boot-test-autoconfigure/4.0.7/spring-boot-test-autoconfigure-4.0.7.pom
2026-07-14 16:51:00,416 [Worker-1: Import Getting Started Content] INFO  o.e.m.c.i.e.AbstractTransferListenerAdapter - Downloaded https://repo.maven.apache.org/maven2/org/springframework/boot/spring-boot-test-autoconfigure/4.0.7/spring-boot-test-autoconfigure-4.0.7.pom
2026-07-14 16:51:00,674 [Worker-1: Import Getting Started Content] INFO  o.e.m.c.i.e.AbstractTransferListenerAdapter - Downloading https://repo.maven.apache.org/maven2/org/springframework/boot/spring-boot-starter-jdbc-test/4.0.7/spring-boot-starter-jdbc-test-4.0.7.pom
2026-07-14 16:51:00,680 [Worker-1: Import Getting Started Content] INFO  o.e.m.c.i.e.AbstractTransferListenerAdapter - Downloaded https://repo.maven.apache.org/maven2/org/springframework/boot/spring-boot-starter-jdbc-test/4.0.7/spring-boot-starter-jdbc-test-4.0.7.pom
2026-07-14 16:51:01,168 [Worker-1: Import Getting Started Content] INFO  o.e.m.c.i.e.AbstractTransferListenerAdapter - Downloading https://repo.maven.apache.org/maven2/org/springframework/boot/spring-boot-jdbc-test/4.0.7/spring-boot-jdbc-test-4.0.7.pom
2026-07-14 16:51:01,177 [Worker-1: Import Getting Started Content] INFO  o.e.m.c.i.e.AbstractTransferListenerAdapter - Downloaded https://repo.maven.apache.org/maven2/org/springframework/boot/spring-boot-jdbc-test/4.0.7/spring-boot-jdbc-test-4.0.7.pom
2026-07-14 16:51:01,580 [Worker-1: Import Getting Started Content] INFO  o.e.m.c.i.e.AbstractTransferListenerAdapter - Downloading https://repo.maven.apache.org/maven2/org/springframework/boot/spring-boot-data-jpa-test/4.0.7/spring-boot-data-jpa-test-4.0.7.pom
2026-07-14 16:51:01,588 [Worker-1: Import Getting Started Content] INFO  o.e.m.c.i.e.AbstractTransferListenerAdapter - Downloaded https://repo.maven.apache.org/maven2/org/springframework/boot/spring-boot-data-jpa-test/4.0.7/spring-boot-data-jpa-test-4.0.7.pom
2026-07-14 16:51:01,990 [Worker-1: Import Getting Started Content] INFO  o.e.m.c.i.e.AbstractTransferListenerAdapter - Downloading https://repo.maven.apache.org/maven2/org/springframework/boot/spring-boot-jpa-test/4.0.7/spring-boot-jpa-test-4.0.7.pom
2026-07-14 16:51:01,998 [Worker-1: Import Getting Started Content] INFO  o.e.m.c.i.e.AbstractTransferListenerAdapter - Downloaded https://repo.maven.apache.org/maven2/org/springframework/boot/spring-boot-jpa-test/4.0.7/spring-boot-jpa-test-4.0.7.pom
2026-07-14 16:51:02,102 [Worker-1: Import Getting Started Content] INFO  o.e.m.c.i.e.AbstractTransferListenerAdapter - Downloading https://repo.maven.apache.org/maven2/org/springframework/boot/spring-boot-starter-security-test/4.0.7/spring-boot-starter-security-test-4.0.7.pom
2026-07-14 16:51:02,109 [Worker-1: Import Getting Started Content] INFO  o.e.m.c.i.e.AbstractTransferListenerAdapter - Downloaded https://repo.maven.apache.org/maven2/org/springframework/boot/spring-boot-starter-security-test/4.0.7/spring-boot-starter-security-test-4.0.7.pom
2026-07-14 16:51:02,176 [Worker-1: Import Getting Started Content] INFO  o.e.m.c.i.e.AbstractTransferListenerAdapter - Downloading https://repo.maven.apache.org/maven2/org/springframework/boot/spring-boot-security-test/4.0.7/spring-boot-security-test-4.0.7.pom
2026-07-14 16:51:02,180 [Worker-1: Import Getting Started Content] INFO  o.e.m.c.i.e.AbstractTransferListenerAdapter - Downloaded https://repo.maven.apache.org/maven2/org/springframework/boot/spring-boot-security-test/4.0.7/spring-boot-security-test-4.0.7.pom
2026-07-14 16:51:02,256 [Worker-1: Import Getting Started Content] INFO  o.e.m.c.i.e.AbstractTransferListenerAdapter - Downloading https://repo.maven.apache.org/maven2/org/springframework/security/spring-security-test/7.0.6/spring-security-test-7.0.6.pom
2026-07-14 16:51:02,263 [Worker-1: Import Getting Started Content] INFO  o.e.m.c.i.e.AbstractTransferListenerAdapter - Downloaded https://repo.maven.apache.org/maven2/org/springframework/security/spring-security-test/7.0.6/spring-security-test-7.0.6.pom
2026-07-14 16:51:02,345 [Worker-1: Import Getting Started Content] INFO  o.e.m.c.i.e.AbstractTransferListenerAdapter - Downloading https://repo.maven.apache.org/maven2/org/springframework/boot/spring-boot-starter-webmvc-test/4.0.7/spring-boot-starter-webmvc-test-4.0.7.pom
2026-07-14 16:51:02,350 [Worker-1: Import Getting Started Content] INFO  o.e.m.c.i.e.AbstractTransferListenerAdapter - Downloaded https://repo.maven.apache.org/maven2/org/springframework/boot/spring-boot-starter-webmvc-test/4.0.7/spring-boot-starter-webmvc-test-4.0.7.pom
2026-07-14 16:51:02,459 [Worker-1: Import Getting Started Content] INFO  o.e.m.c.i.e.AbstractTransferListenerAdapter - Downloading https://repo.maven.apache.org/maven2/org/springframework/boot/spring-boot-starter-jackson-test/4.0.7/spring-boot-starter-jackson-test-4.0.7.pom
2026-07-14 16:51:02,479 [Worker-1: Import Getting Started Content] INFO  o.e.m.c.i.e.AbstractTransferListenerAdapter - Downloaded https://repo.maven.apache.org/maven2/org/springframework/boot/spring-boot-starter-jackson-test/4.0.7/spring-boot-starter-jackson-test-4.0.7.pom
2026-07-14 16:51:02,556 [Worker-1: Import Getting Started Content] INFO  o.e.m.c.i.e.AbstractTransferListenerAdapter - Downloading https://repo.maven.apache.org/maven2/org/springframework/boot/spring-boot-webmvc-test/4.0.7/spring-boot-webmvc-test-4.0.7.pom
2026-07-14 16:51:02,565 [Worker-1: Import Getting Started Content] INFO  o.e.m.c.i.e.AbstractTransferListenerAdapter - Downloaded https://repo.maven.apache.org/maven2/org/springframework/boot/spring-boot-webmvc-test/4.0.7/spring-boot-webmvc-test-4.0.7.pom
2026-07-14 16:51:02,639 [Worker-1: Import Getting Started Content] INFO  o.e.m.c.i.e.AbstractTransferListenerAdapter - Downloading https://repo.maven.apache.org/maven2/org/springframework/boot/spring-boot-resttestclient/4.0.7/spring-boot-resttestclient-4.0.7.pom
2026-07-14 16:51:02,647 [Worker-1: Import Getting Started Content] INFO  o.e.m.c.i.e.AbstractTransferListenerAdapter - Downloaded https://repo.maven.apache.org/maven2/org/springframework/boot/spring-boot-resttestclient/4.0.7/spring-boot-resttestclient-4.0.7.pom
2026-07-14 16:51:02,838 [Worker-1: Import Getting Started Content] INFO  o.e.m.c.i.e.AbstractTransferListenerAdapter - Downloading https://repo.maven.apache.org/maven2/org/springframework/boot/spring-boot-starter-data-jpa/4.0.7/spring-boot-starter-data-jpa-4.0.7.jar
2026-07-14 16:51:02,857 [Worker-1: Import Getting Started Content] INFO  o.e.m.c.i.e.AbstractTransferListenerAdapter - Downloaded https://repo.maven.apache.org/maven2/org/springframework/boot/spring-boot-starter-data-jpa/4.0.7/spring-boot-starter-data-jpa-4.0.7.jar
2026-07-14 16:51:02,959 [BasicRepositoryConnector-repo.maven.apache.org-0-3] INFO  o.e.m.c.i.e.AbstractTransferListenerAdapter - Downloading https://repo.maven.apache.org/maven2/ch/qos/logback/logback-core/1.5.34/logback-core-1.5.34.jar
2026-07-14 16:51:03,132 [BasicRepositoryConnector-repo.maven.apache.org-0-0] INFO  o.e.m.c.i.e.AbstractTransferListenerAdapter - Downloading https://repo.maven.apache.org/maven2/org/springframework/boot/spring-boot-starter/4.0.7/spring-boot-starter-4.0.7.jar
2026-07-14 16:51:03,132 [BasicRepositoryConnector-repo.maven.apache.org-0-2] INFO  o.e.m.c.i.e.AbstractTransferListenerAdapter - Downloading https://repo.maven.apache.org/maven2/ch/qos/logback/logback-classic/1.5.34/logback-classic-1.5.34.jar
2026-07-14 16:51:03,142 [BasicRepositoryConnector-repo.maven.apache.org-0-0] INFO  o.e.m.c.i.e.AbstractTransferListenerAdapter - Downloaded https://repo.maven.apache.org/maven2/org/springframework/boot/spring-boot-starter/4.0.7/spring-boot-starter-4.0.7.jar
2026-07-14 16:51:03,142 [BasicRepositoryConnector-repo.maven.apache.org-0-1] INFO  o.e.m.c.i.e.AbstractTransferListenerAdapter - Downloading https://repo.maven.apache.org/maven2/org/springframework/boot/spring-boot-starter-logging/4.0.7/spring-boot-starter-logging-4.0.7.jar
2026-07-14 16:51:03,147 [BasicRepositoryConnector-repo.maven.apache.org-0-1] INFO  o.e.m.c.i.e.AbstractTransferListenerAdapter - Downloaded https://repo.maven.apache.org/maven2/org/springframework/boot/spring-boot-starter-logging/4.0.7/spring-boot-starter-logging-4.0.7.jar
2026-07-14 16:51:03,149 [BasicRepositoryConnector-repo.maven.apache.org-0-4] INFO  o.e.m.c.i.e.AbstractTransferListenerAdapter - Downloading https://repo.maven.apache.org/maven2/org/slf4j/jul-to-slf4j/2.0.18/jul-to-slf4j-2.0.18.jar
2026-07-14 16:51:03,153 [BasicRepositoryConnector-repo.maven.apache.org-0-4] INFO  o.e.m.c.i.e.AbstractTransferListenerAdapter - Downloaded https://repo.maven.apache.org/maven2/org/slf4j/jul-to-slf4j/2.0.18/jul-to-slf4j-2.0.18.jar
2026-07-14 16:51:03,445 [BasicRepositoryConnector-repo.maven.apache.org-0-1] INFO  o.e.m.c.i.e.AbstractTransferListenerAdapter - Downloading https://repo.maven.apache.org/maven2/org/springframework/boot/spring-boot-starter-jdbc/4.0.7/spring-boot-starter-jdbc-4.0.7.jar
2026-07-14 16:51:03,469 [BasicRepositoryConnector-repo.maven.apache.org-0-1] INFO  o.e.m.c.i.e.AbstractTransferListenerAdapter - Downloaded https://repo.maven.apache.org/maven2/org/springframework/boot/spring-boot-starter-jdbc/4.0.7/spring-boot-starter-jdbc-4.0.7.jar
2026-07-14 16:51:03,876 [BasicRepositoryConnector-repo.maven.apache.org-0-0] INFO  o.e.m.c.i.e.AbstractTransferListenerAdapter - Downloading https://repo.maven.apache.org/maven2/org/springframework/boot/spring-boot-autoconfigure/4.0.7/spring-boot-autoconfigure-4.0.7.jar
2026-07-14 16:51:03,897 [BasicRepositoryConnector-repo.maven.apache.org-0-4] INFO  o.e.m.c.i.e.AbstractTransferListenerAdapter - Downloading https://repo.maven.apache.org/maven2/org/slf4j/slf4j-api/2.0.18/slf4j-api-2.0.18.jar
2026-07-14 16:51:03,939 [BasicRepositoryConnector-repo.maven.apache.org-0-2] INFO  o.e.m.c.i.e.AbstractTransferListenerAdapter - Downloaded https://repo.maven.apache.org/maven2/ch/qos/logback/logback-classic/1.5.34/logback-classic-1.5.34.jar
2026-07-14 16:51:03,957 [BasicRepositoryConnector-repo.maven.apache.org-0-1] INFO  o.e.m.c.i.e.AbstractTransferListenerAdapter - Downloading https://repo.maven.apache.org/maven2/org/springframework/boot/spring-boot-data-jpa/4.0.7/spring-boot-data-jpa-4.0.7.jar
2026-07-14 16:51:03,965 [BasicRepositoryConnector-repo.maven.apache.org-0-1] INFO  o.e.m.c.i.e.AbstractTransferListenerAdapter - Downloaded https://repo.maven.apache.org/maven2/org/springframework/boot/spring-boot-data-jpa/4.0.7/spring-boot-data-jpa-4.0.7.jar
2026-07-14 16:51:04,000 [BasicRepositoryConnector-repo.maven.apache.org-0-4] INFO  o.e.m.c.i.e.AbstractTransferListenerAdapter - Downloaded https://repo.maven.apache.org/maven2/org/slf4j/slf4j-api/2.0.18/slf4j-api-2.0.18.jar
2026-07-14 16:51:04,050 [BasicRepositoryConnector-repo.maven.apache.org-0-3] INFO  o.e.m.c.i.e.AbstractTransferListenerAdapter - Downloaded https://repo.maven.apache.org/maven2/ch/qos/logback/logback-core/1.5.34/logback-core-1.5.34.jar
2026-07-14 16:51:04,053 [BasicRepositoryConnector-repo.maven.apache.org-0-1] INFO  o.e.m.c.i.e.AbstractTransferListenerAdapter - Downloading https://repo.maven.apache.org/maven2/org/springframework/boot/spring-boot-persistence/4.0.7/spring-boot-persistence-4.0.7.jar
2026-07-14 16:51:04,059 [BasicRepositoryConnector-repo.maven.apache.org-0-1] INFO  o.e.m.c.i.e.AbstractTransferListenerAdapter - Downloaded https://repo.maven.apache.org/maven2/org/springframework/boot/spring-boot-persistence/4.0.7/spring-boot-persistence-4.0.7.jar
2026-07-14 16:51:04,063 [BasicRepositoryConnector-repo.maven.apache.org-0-2] INFO  o.e.m.c.i.e.AbstractTransferListenerAdapter - Downloading https://repo.maven.apache.org/maven2/org/springframework/boot/spring-boot-data-commons/4.0.7/spring-boot-data-commons-4.0.7.jar
2026-07-14 16:51:04,072 [BasicRepositoryConnector-repo.maven.apache.org-0-4] INFO  o.e.m.c.i.e.AbstractTransferListenerAdapter - Downloading https://repo.maven.apache.org/maven2/org/springframework/data/spring-data-commons/4.0.6/spring-data-commons-4.0.6.jar
2026-07-14 16:51:04,074 [BasicRepositoryConnector-repo.maven.apache.org-0-2] INFO  o.e.m.c.i.e.AbstractTransferListenerAdapter - Downloaded https://repo.maven.apache.org/maven2/org/springframework/boot/spring-boot-data-commons/4.0.7/spring-boot-data-commons-4.0.7.jar
2026-07-14 16:51:04,311 [BasicRepositoryConnector-repo.maven.apache.org-0-3] INFO  o.e.m.c.i.e.AbstractTransferListenerAdapter - Downloading https://repo.maven.apache.org/maven2/org/springframework/boot/spring-boot-hibernate/4.0.7/spring-boot-hibernate-4.0.7.jar
2026-07-14 16:51:04,311 [BasicRepositoryConnector-repo.maven.apache.org-0-1] INFO  o.e.m.c.i.e.AbstractTransferListenerAdapter - Downloading https://repo.maven.apache.org/maven2/org/springframework/boot/spring-boot-jpa/4.0.7/spring-boot-jpa-4.0.7.jar
2026-07-14 16:51:04,331 [BasicRepositoryConnector-repo.maven.apache.org-0-3] INFO  o.e.m.c.i.e.AbstractTransferListenerAdapter - Downloaded https://repo.maven.apache.org/maven2/org/springframework/boot/spring-boot-hibernate/4.0.7/spring-boot-hibernate-4.0.7.jar
2026-07-14 16:51:04,420 [BasicRepositoryConnector-repo.maven.apache.org-0-1] INFO  o.e.m.c.i.e.AbstractTransferListenerAdapter - Downloaded https://repo.maven.apache.org/maven2/org/springframework/boot/spring-boot-jpa/4.0.7/spring-boot-jpa-4.0.7.jar
2026-07-14 16:51:04,640 [BasicRepositoryConnector-repo.maven.apache.org-0-2] INFO  o.e.m.c.i.e.AbstractTransferListenerAdapter - Downloading https://repo.maven.apache.org/maven2/org/hibernate/orm/hibernate-core/7.2.19.Final/hibernate-core-7.2.19.Final.jar
2026-07-14 16:51:04,751 [BasicRepositoryConnector-repo.maven.apache.org-0-0] INFO  o.e.m.c.i.e.AbstractTransferListenerAdapter - Downloaded https://repo.maven.apache.org/maven2/org/springframework/boot/spring-boot-autoconfigure/4.0.7/spring-boot-autoconfigure-4.0.7.jar
2026-07-14 16:51:04,757 [BasicRepositoryConnector-repo.maven.apache.org-0-3] INFO  o.e.m.c.i.e.AbstractTransferListenerAdapter - Downloading https://repo.maven.apache.org/maven2/org/glassfish/jaxb/jaxb-runtime/4.0.9/jaxb-runtime-4.0.9.jar
2026-07-14 16:51:04,868 [BasicRepositoryConnector-repo.maven.apache.org-0-1] INFO  o.e.m.c.i.e.AbstractTransferListenerAdapter - Downloading https://repo.maven.apache.org/maven2/org/glassfish/jaxb/jaxb-core/4.0.9/jaxb-core-4.0.9.jar
2026-07-14 16:51:06,118 [BasicRepositoryConnector-repo.maven.apache.org-0-0] INFO  o.e.m.c.i.e.AbstractTransferListenerAdapter - Downloading https://repo.maven.apache.org/maven2/org/glassfish/jaxb/txw2/4.0.9/txw2-4.0.9.jar
2026-07-14 16:51:06,695 [BasicRepositoryConnector-repo.maven.apache.org-0-0] INFO  o.e.m.c.i.e.AbstractTransferListenerAdapter - Downloaded https://repo.maven.apache.org/maven2/org/glassfish/jaxb/txw2/4.0.9/txw2-4.0.9.jar
2026-07-14 16:51:06,792 [BasicRepositoryConnector-repo.maven.apache.org-0-1] INFO  o.e.m.c.i.e.AbstractTransferListenerAdapter - Downloaded https://repo.maven.apache.org/maven2/org/glassfish/jaxb/jaxb-core/4.0.9/jaxb-core-4.0.9.jar
2026-07-14 16:51:06,961 [BasicRepositoryConnector-repo.maven.apache.org-0-0] INFO  o.e.m.c.i.e.AbstractTransferListenerAdapter - Downloading https://repo.maven.apache.org/maven2/org/springframework/spring-orm/7.0.8/spring-orm-7.0.8.jar
2026-07-14 16:51:07,338 [BasicRepositoryConnector-repo.maven.apache.org-0-1] INFO  o.e.m.c.i.e.AbstractTransferListenerAdapter - Downloading https://repo.maven.apache.org/maven2/org/springframework/data/spring-data-jpa/4.0.6/spring-data-jpa-4.0.6.jar
2026-07-14 16:51:07,615 [BasicRepositoryConnector-repo.maven.apache.org-0-0] INFO  o.e.m.c.i.e.AbstractTransferListenerAdapter - Downloaded https://repo.maven.apache.org/maven2/org/springframework/spring-orm/7.0.8/spring-orm-7.0.8.jar
2026-07-14 16:51:12,262 [BasicRepositoryConnector-repo.maven.apache.org-0-0] INFO  o.e.m.c.i.e.AbstractTransferListenerAdapter - Downloading https://repo.maven.apache.org/maven2/org/springframework/spring-context/7.0.8/spring-context-7.0.8.jar
2026-07-14 16:51:12,651 [BasicRepositoryConnector-repo.maven.apache.org-0-3] INFO  o.e.m.c.i.e.AbstractTransferListenerAdapter - Downloaded https://repo.maven.apache.org/maven2/org/glassfish/jaxb/jaxb-runtime/4.0.9/jaxb-runtime-4.0.9.jar
2026-07-14 16:51:12,824 [BasicRepositoryConnector-repo.maven.apache.org-0-3] INFO  o.e.m.c.i.e.AbstractTransferListenerAdapter - Downloading https://repo.maven.apache.org/maven2/org/springframework/spring-tx/7.0.8/spring-tx-7.0.8.jar
2026-07-14 16:51:13,401 [BasicRepositoryConnector-repo.maven.apache.org-0-3] INFO  o.e.m.c.i.e.AbstractTransferListenerAdapter - Downloaded https://repo.maven.apache.org/maven2/org/springframework/spring-tx/7.0.8/spring-tx-7.0.8.jar
2026-07-14 16:51:13,539 [BasicRepositoryConnector-repo.maven.apache.org-0-3] INFO  o.e.m.c.i.e.AbstractTransferListenerAdapter - Downloading https://repo.maven.apache.org/maven2/org/springframework/spring-aspects/7.0.8/spring-aspects-7.0.8.jar
2026-07-14 16:51:13,656 [BasicRepositoryConnector-repo.maven.apache.org-0-3] INFO  o.e.m.c.i.e.AbstractTransferListenerAdapter - Downloaded https://repo.maven.apache.org/maven2/org/springframework/spring-aspects/7.0.8/spring-aspects-7.0.8.jar
2026-07-14 16:51:13,795 [BasicRepositoryConnector-repo.maven.apache.org-0-3] INFO  o.e.m.c.i.e.AbstractTransferListenerAdapter - Downloading https://repo.maven.apache.org/maven2/org/springframework/boot/spring-boot-jdbc/4.0.7/spring-boot-jdbc-4.0.7.jar
2026-07-14 16:51:14,251 [BasicRepositoryConnector-repo.maven.apache.org-0-3] INFO  o.e.m.c.i.e.AbstractTransferListenerAdapter - Downloaded https://repo.maven.apache.org/maven2/org/springframework/boot/spring-boot-jdbc/4.0.7/spring-boot-jdbc-4.0.7.jar
2026-07-14 16:51:14,292 [BasicRepositoryConnector-repo.maven.apache.org-0-1] INFO  o.e.m.c.i.e.AbstractTransferListenerAdapter - Downloaded https://repo.maven.apache.org/maven2/org/springframework/data/spring-data-jpa/4.0.6/spring-data-jpa-4.0.6.jar
2026-07-14 16:51:14,359 [BasicRepositoryConnector-repo.maven.apache.org-0-1] INFO  o.e.m.c.i.e.AbstractTransferListenerAdapter - Downloading https://repo.maven.apache.org/maven2/org/springframework/boot/spring-boot-sql/4.0.7/spring-boot-sql-4.0.7.jar
2026-07-14 16:51:14,387 [BasicRepositoryConnector-repo.maven.apache.org-0-1] INFO  o.e.m.c.i.e.AbstractTransferListenerAdapter - Downloaded https://repo.maven.apache.org/maven2/org/springframework/boot/spring-boot-sql/4.0.7/spring-boot-sql-4.0.7.jar
2026-07-14 16:51:14,408 [BasicRepositoryConnector-repo.maven.apache.org-0-3] INFO  o.e.m.c.i.e.AbstractTransferListenerAdapter - Downloading https://repo.maven.apache.org/maven2/org/springframework/boot/spring-boot/4.0.7/spring-boot-4.0.7.jar
2026-07-14 16:51:14,537 [BasicRepositoryConnector-repo.maven.apache.org-0-1] INFO  o.e.m.c.i.e.AbstractTransferListenerAdapter - Downloading https://repo.maven.apache.org/maven2/org/springframework/boot/spring-boot-transaction/4.0.7/spring-boot-transaction-4.0.7.jar
2026-07-14 16:51:14,568 [BasicRepositoryConnector-repo.maven.apache.org-0-1] INFO  o.e.m.c.i.e.AbstractTransferListenerAdapter - Downloaded https://repo.maven.apache.org/maven2/org/springframework/boot/spring-boot-transaction/4.0.7/spring-boot-transaction-4.0.7.jar
2026-07-14 16:51:24,622 [BasicRepositoryConnector-repo.maven.apache.org-0-1] INFO  o.e.m.c.i.e.AbstractTransferListenerAdapter - Downloading https://repo.maven.apache.org/maven2/org/springframework/spring-jdbc/7.0.8/spring-jdbc-7.0.8.jar
2026-07-14 16:51:24,852 [BasicRepositoryConnector-repo.maven.apache.org-0-0] INFO  o.e.m.c.i.e.AbstractTransferListenerAdapter - Downloaded https://repo.maven.apache.org/maven2/org/springframework/spring-context/7.0.8/spring-context-7.0.8.jar
2026-07-14 16:51:24,958 [BasicRepositoryConnector-repo.maven.apache.org-0-0] INFO  o.e.m.c.i.e.AbstractTransferListenerAdapter - Downloading https://repo.maven.apache.org/maven2/org/springframework/boot/spring-boot-starter-security/4.0.7/spring-boot-starter-security-4.0.7.jar
2026-07-14 16:51:24,963 [BasicRepositoryConnector-repo.maven.apache.org-0-0] INFO  o.e.m.c.i.e.AbstractTransferListenerAdapter - Downloaded https://repo.maven.apache.org/maven2/org/springframework/boot/spring-boot-starter-security/4.0.7/spring-boot-starter-security-4.0.7.jar
2026-07-14 16:51:25,072 [BasicRepositoryConnector-repo.maven.apache.org-0-0] INFO  o.e.m.c.i.e.AbstractTransferListenerAdapter - Downloading https://repo.maven.apache.org/maven2/org/springframework/boot/spring-boot-security/4.0.7/spring-boot-security-4.0.7.jar
2026-07-14 16:51:25,167 [BasicRepositoryConnector-repo.maven.apache.org-0-1] INFO  o.e.m.c.i.e.AbstractTransferListenerAdapter - Downloaded https://repo.maven.apache.org/maven2/org/springframework/spring-jdbc/7.0.8/spring-jdbc-7.0.8.jar
2026-07-14 16:51:25,195 [BasicRepositoryConnector-repo.maven.apache.org-0-0] INFO  o.e.m.c.i.e.AbstractTransferListenerAdapter - Downloaded https://repo.maven.apache.org/maven2/org/springframework/boot/spring-boot-security/4.0.7/spring-boot-security-4.0.7.jar
2026-07-14 16:51:25,253 [BasicRepositoryConnector-repo.maven.apache.org-0-1] INFO  o.e.m.c.i.e.AbstractTransferListenerAdapter - Downloading https://repo.maven.apache.org/maven2/org/springframework/security/spring-security-config/7.0.6/spring-security-config-7.0.6.jar
2026-07-14 16:51:25,280 [BasicRepositoryConnector-repo.maven.apache.org-0-0] INFO  o.e.m.c.i.e.AbstractTransferListenerAdapter - Downloading https://repo.maven.apache.org/maven2/org/springframework/security/spring-security-core/7.0.6/spring-security-core-7.0.6.jar
2026-07-14 16:51:27,206 [BasicRepositoryConnector-repo.maven.apache.org-0-0] INFO  o.e.m.c.i.e.AbstractTransferListenerAdapter - Downloaded https://repo.maven.apache.org/maven2/org/springframework/security/spring-security-core/7.0.6/spring-security-core-7.0.6.jar
2026-07-14 16:51:30,619 [BasicRepositoryConnector-repo.maven.apache.org-0-0] INFO  o.e.m.c.i.e.AbstractTransferListenerAdapter - Downloading https://repo.maven.apache.org/maven2/org/springframework/security/spring-security-crypto/7.0.6/spring-security-crypto-7.0.6.jar
2026-07-14 16:51:30,727 [BasicRepositoryConnector-repo.maven.apache.org-0-0] INFO  o.e.m.c.i.e.AbstractTransferListenerAdapter - Downloaded https://repo.maven.apache.org/maven2/org/springframework/security/spring-security-crypto/7.0.6/spring-security-crypto-7.0.6.jar
2026-07-14 16:51:30,949 [BasicRepositoryConnector-repo.maven.apache.org-0-0] INFO  o.e.m.c.i.e.AbstractTransferListenerAdapter - Downloading https://repo.maven.apache.org/maven2/org/springframework/security/spring-security-web/7.0.6/spring-security-web-7.0.6.jar
2026-07-14 16:51:30,968 [BasicRepositoryConnector-repo.maven.apache.org-0-1] INFO  o.e.m.c.i.e.AbstractTransferListenerAdapter - Downloaded https://repo.maven.apache.org/maven2/org/springframework/security/spring-security-config/7.0.6/spring-security-config-7.0.6.jar
2026-07-14 16:51:31,052 [BasicRepositoryConnector-repo.maven.apache.org-0-1] INFO  o.e.m.c.i.e.AbstractTransferListenerAdapter - Downloading https://repo.maven.apache.org/maven2/org/springframework/spring-expression/7.0.8/spring-expression-7.0.8.jar
2026-07-14 16:51:31,238 [BasicRepositoryConnector-repo.maven.apache.org-0-1] INFO  o.e.m.c.i.e.AbstractTransferListenerAdapter - Downloaded https://repo.maven.apache.org/maven2/org/springframework/spring-expression/7.0.8/spring-expression-7.0.8.jar
2026-07-14 16:51:31,323 [BasicRepositoryConnector-repo.maven.apache.org-0-1] INFO  o.e.m.c.i.e.AbstractTransferListenerAdapter - Downloading https://repo.maven.apache.org/maven2/org/springframework/spring-aop/7.0.8/spring-aop-7.0.8.jar
2026-07-14 16:51:32,829 [BasicRepositoryConnector-repo.maven.apache.org-0-1] INFO  o.e.m.c.i.e.AbstractTransferListenerAdapter - Downloaded https://repo.maven.apache.org/maven2/org/springframework/spring-aop/7.0.8/spring-aop-7.0.8.jar
2026-07-14 16:51:32,915 [BasicRepositoryConnector-repo.maven.apache.org-0-1] INFO  o.e.m.c.i.e.AbstractTransferListenerAdapter - Downloading https://repo.maven.apache.org/maven2/org/springframework/spring-beans/7.0.8/spring-beans-7.0.8.jar
2026-07-14 16:51:32,988 [BasicRepositoryConnector-repo.maven.apache.org-0-0] INFO  o.e.m.c.i.e.AbstractTransferListenerAdapter - Downloaded https://repo.maven.apache.org/maven2/org/springframework/security/spring-security-web/7.0.6/spring-security-web-7.0.6.jar
2026-07-14 16:51:33,076 [BasicRepositoryConnector-repo.maven.apache.org-0-0] INFO  o.e.m.c.i.e.AbstractTransferListenerAdapter - Downloading https://repo.maven.apache.org/maven2/org/springframework/spring-core/7.0.8/spring-core-7.0.8.jar
2026-07-14 16:51:33,395 [BasicRepositoryConnector-repo.maven.apache.org-0-1] INFO  o.e.m.c.i.e.AbstractTransferListenerAdapter - Downloaded https://repo.maven.apache.org/maven2/org/springframework/spring-beans/7.0.8/spring-beans-7.0.8.jar
2026-07-14 16:51:36,985 [BasicRepositoryConnector-repo.maven.apache.org-0-1] INFO  o.e.m.c.i.e.AbstractTransferListenerAdapter - Downloading https://repo.maven.apache.org/maven2/org/springframework/boot/spring-boot-starter-webmvc/4.0.7/spring-boot-starter-webmvc-4.0.7.jar
2026-07-14 16:51:36,994 [BasicRepositoryConnector-repo.maven.apache.org-0-1] INFO  o.e.m.c.i.e.AbstractTransferListenerAdapter - Downloaded https://repo.maven.apache.org/maven2/org/springframework/boot/spring-boot-starter-webmvc/4.0.7/spring-boot-starter-webmvc-4.0.7.jar
2026-07-14 16:51:43,426 [BasicRepositoryConnector-repo.maven.apache.org-0-1] INFO  o.e.m.c.i.e.AbstractTransferListenerAdapter - Downloading https://repo.maven.apache.org/maven2/org/springframework/boot/spring-boot-starter-jackson/4.0.7/spring-boot-starter-jackson-4.0.7.jar
2026-07-14 16:51:43,438 [BasicRepositoryConnector-repo.maven.apache.org-0-1] INFO  o.e.m.c.i.e.AbstractTransferListenerAdapter - Downloaded https://repo.maven.apache.org/maven2/org/springframework/boot/spring-boot-starter-jackson/4.0.7/spring-boot-starter-jackson-4.0.7.jar
2026-07-14 16:51:44,423 [BasicRepositoryConnector-repo.maven.apache.org-0-1] INFO  o.e.m.c.i.e.AbstractTransferListenerAdapter - Downloading https://repo.maven.apache.org/maven2/org/springframework/boot/spring-boot-jackson/4.0.7/spring-boot-jackson-4.0.7.jar
2026-07-14 16:51:44,469 [BasicRepositoryConnector-repo.maven.apache.org-0-1] INFO  o.e.m.c.i.e.AbstractTransferListenerAdapter - Downloaded https://repo.maven.apache.org/maven2/org/springframework/boot/spring-boot-jackson/4.0.7/spring-boot-jackson-4.0.7.jar
2026-07-14 16:51:45,291 [BasicRepositoryConnector-repo.maven.apache.org-0-1] INFO  o.e.m.c.i.e.AbstractTransferListenerAdapter - Downloading https://repo.maven.apache.org/maven2/tools/jackson/core/jackson-databind/3.1.4/jackson-databind-3.1.4.jar
2026-07-14 16:51:51,807 [BasicRepositoryConnector-repo.maven.apache.org-0-0] INFO  o.e.m.c.i.e.AbstractTransferListenerAdapter - Downloaded https://repo.maven.apache.org/maven2/org/springframework/spring-core/7.0.8/spring-core-7.0.8.jar
2026-07-14 16:51:53,183 [BasicRepositoryConnector-repo.maven.apache.org-0-0] INFO  o.e.m.c.i.e.AbstractTransferListenerAdapter - Downloading https://repo.maven.apache.org/maven2/tools/jackson/core/jackson-core/3.1.4/jackson-core-3.1.4.jar
2026-07-14 16:52:07,475 [BasicRepositoryConnector-repo.maven.apache.org-0-3] INFO  o.e.m.c.i.e.AbstractTransferListenerAdapter - Downloaded https://repo.maven.apache.org/maven2/org/springframework/boot/spring-boot/4.0.7/spring-boot-4.0.7.jar
2026-07-14 16:52:07,575 [BasicRepositoryConnector-repo.maven.apache.org-0-3] INFO  o.e.m.c.i.e.AbstractTransferListenerAdapter - Downloading https://repo.maven.apache.org/maven2/org/springframework/boot/spring-boot-starter-tomcat/4.0.7/spring-boot-starter-tomcat-4.0.7.jar
2026-07-14 16:52:07,580 [BasicRepositoryConnector-repo.maven.apache.org-0-3] INFO  o.e.m.c.i.e.AbstractTransferListenerAdapter - Downloaded https://repo.maven.apache.org/maven2/org/springframework/boot/spring-boot-starter-tomcat/4.0.7/spring-boot-starter-tomcat-4.0.7.jar
2026-07-14 16:52:07,636 [BasicRepositoryConnector-repo.maven.apache.org-0-3] INFO  o.e.m.c.i.e.AbstractTransferListenerAdapter - Downloading https://repo.maven.apache.org/maven2/org/springframework/boot/spring-boot-starter-tomcat-runtime/4.0.7/spring-boot-starter-tomcat-runtime-4.0.7.jar
2026-07-14 16:52:07,642 [BasicRepositoryConnector-repo.maven.apache.org-0-3] INFO  o.e.m.c.i.e.AbstractTransferListenerAdapter - Downloaded https://repo.maven.apache.org/maven2/org/springframework/boot/spring-boot-starter-tomcat-runtime/4.0.7/spring-boot-starter-tomcat-runtime-4.0.7.jar
2026-07-14 16:52:07,773 [BasicRepositoryConnector-repo.maven.apache.org-0-3] INFO  o.e.m.c.i.e.AbstractTransferListenerAdapter - Downloading https://repo.maven.apache.org/maven2/org/apache/tomcat/embed/tomcat-embed-core/11.0.22/tomcat-embed-core-11.0.22.jar
2026-07-14 16:52:30,056 [BasicRepositoryConnector-repo.maven.apache.org-0-1] INFO  o.e.m.c.i.e.AbstractTransferListenerAdapter - Downloaded https://repo.maven.apache.org/maven2/tools/jackson/core/jackson-databind/3.1.4/jackson-databind-3.1.4.jar
2026-07-14 16:52:30,148 [BasicRepositoryConnector-repo.maven.apache.org-0-1] INFO  o.e.m.c.i.e.AbstractTransferListenerAdapter - Downloading https://repo.maven.apache.org/maven2/org/apache/tomcat/embed/tomcat-embed-el/11.0.22/tomcat-embed-el-11.0.22.jar
2026-07-14 16:52:30,279 [BasicRepositoryConnector-repo.maven.apache.org-0-1] INFO  o.e.m.c.i.e.AbstractTransferListenerAdapter - Downloaded https://repo.maven.apache.org/maven2/org/apache/tomcat/embed/tomcat-embed-el/11.0.22/tomcat-embed-el-11.0.22.jar
2026-07-14 16:52:30,329 [BasicRepositoryConnector-repo.maven.apache.org-0-1] INFO  o.e.m.c.i.e.AbstractTransferListenerAdapter - Downloading https://repo.maven.apache.org/maven2/org/apache/tomcat/embed/tomcat-embed-websocket/11.0.22/tomcat-embed-websocket-11.0.22.jar
2026-07-14 16:52:30,443 [BasicRepositoryConnector-repo.maven.apache.org-0-1] INFO  o.e.m.c.i.e.AbstractTransferListenerAdapter - Downloaded https://repo.maven.apache.org/maven2/org/apache/tomcat/embed/tomcat-embed-websocket/11.0.22/tomcat-embed-websocket-11.0.22.jar
2026-07-14 16:52:30,527 [BasicRepositoryConnector-repo.maven.apache.org-0-1] INFO  o.e.m.c.i.e.AbstractTransferListenerAdapter - Downloading https://repo.maven.apache.org/maven2/org/springframework/boot/spring-boot-tomcat/4.0.7/spring-boot-tomcat-4.0.7.jar
2026-07-14 16:52:30,584 [BasicRepositoryConnector-repo.maven.apache.org-0-1] INFO  o.e.m.c.i.e.AbstractTransferListenerAdapter - Downloaded https://repo.maven.apache.org/maven2/org/springframework/boot/spring-boot-tomcat/4.0.7/spring-boot-tomcat-4.0.7.jar
2026-07-14 16:52:30,669 [BasicRepositoryConnector-repo.maven.apache.org-0-1] INFO  o.e.m.c.i.e.AbstractTransferListenerAdapter - Downloading https://repo.maven.apache.org/maven2/org/springframework/boot/spring-boot-http-converter/4.0.7/spring-boot-http-converter-4.0.7.jar
2026-07-14 16:52:30,687 [BasicRepositoryConnector-repo.maven.apache.org-0-1] INFO  o.e.m.c.i.e.AbstractTransferListenerAdapter - Downloaded https://repo.maven.apache.org/maven2/org/springframework/boot/spring-boot-http-converter/4.0.7/spring-boot-http-converter-4.0.7.jar
2026-07-14 16:52:30,772 [BasicRepositoryConnector-repo.maven.apache.org-0-1] INFO  o.e.m.c.i.e.AbstractTransferListenerAdapter - Downloading https://repo.maven.apache.org/maven2/org/springframework/spring-web/7.0.8/spring-web-7.0.8.jar
2026-07-14 16:52:31,660 [BasicRepositoryConnector-repo.maven.apache.org-0-1] INFO  o.e.m.c.i.e.AbstractTransferListenerAdapter - Downloaded https://repo.maven.apache.org/maven2/org/springframework/spring-web/7.0.8/spring-web-7.0.8.jar
2026-07-14 16:52:31,736 [BasicRepositoryConnector-repo.maven.apache.org-0-1] INFO  o.e.m.c.i.e.AbstractTransferListenerAdapter - Downloading https://repo.maven.apache.org/maven2/io/micrometer/micrometer-observation/1.16.6/micrometer-observation-1.16.6.jar
2026-07-14 16:52:31,755 [BasicRepositoryConnector-repo.maven.apache.org-0-1] INFO  o.e.m.c.i.e.AbstractTransferListenerAdapter - Downloaded https://repo.maven.apache.org/maven2/io/micrometer/micrometer-observation/1.16.6/micrometer-observation-1.16.6.jar
2026-07-14 16:52:31,837 [BasicRepositoryConnector-repo.maven.apache.org-0-1] INFO  o.e.m.c.i.e.AbstractTransferListenerAdapter - Downloading https://repo.maven.apache.org/maven2/io/micrometer/micrometer-commons/1.16.6/micrometer-commons-1.16.6.jar
2026-07-14 16:52:31,852 [BasicRepositoryConnector-repo.maven.apache.org-0-1] INFO  o.e.m.c.i.e.AbstractTransferListenerAdapter - Downloaded https://repo.maven.apache.org/maven2/io/micrometer/micrometer-commons/1.16.6/micrometer-commons-1.16.6.jar
2026-07-14 16:52:31,910 [BasicRepositoryConnector-repo.maven.apache.org-0-1] INFO  o.e.m.c.i.e.AbstractTransferListenerAdapter - Downloading https://repo.maven.apache.org/maven2/org/springframework/boot/spring-boot-webmvc/4.0.7/spring-boot-webmvc-4.0.7.jar
2026-07-14 16:52:31,969 [BasicRepositoryConnector-repo.maven.apache.org-0-1] INFO  o.e.m.c.i.e.AbstractTransferListenerAdapter - Downloaded https://repo.maven.apache.org/maven2/org/springframework/boot/spring-boot-webmvc/4.0.7/spring-boot-webmvc-4.0.7.jar
2026-07-14 16:52:32,043 [BasicRepositoryConnector-repo.maven.apache.org-0-1] INFO  o.e.m.c.i.e.AbstractTransferListenerAdapter - Downloading https://repo.maven.apache.org/maven2/org/springframework/boot/spring-boot-servlet/4.0.7/spring-boot-servlet-4.0.7.jar
2026-07-14 16:52:32,064 [BasicRepositoryConnector-repo.maven.apache.org-0-1] INFO  o.e.m.c.i.e.AbstractTransferListenerAdapter - Downloaded https://repo.maven.apache.org/maven2/org/springframework/boot/spring-boot-servlet/4.0.7/spring-boot-servlet-4.0.7.jar
2026-07-14 16:52:32,132 [BasicRepositoryConnector-repo.maven.apache.org-0-1] INFO  o.e.m.c.i.e.AbstractTransferListenerAdapter - Downloading https://repo.maven.apache.org/maven2/org/springframework/spring-webmvc/7.0.8/spring-webmvc-7.0.8.jar
2026-07-14 16:52:32,938 [BasicRepositoryConnector-repo.maven.apache.org-0-1] INFO  o.e.m.c.i.e.AbstractTransferListenerAdapter - Downloaded https://repo.maven.apache.org/maven2/org/springframework/spring-webmvc/7.0.8/spring-webmvc-7.0.8.jar
2026-07-14 16:52:33,034 [BasicRepositoryConnector-repo.maven.apache.org-0-1] INFO  o.e.m.c.i.e.AbstractTransferListenerAdapter - Downloading https://repo.maven.apache.org/maven2/org/springframework/boot/spring-boot-starter-data-jpa-test/4.0.7/spring-boot-starter-data-jpa-test-4.0.7.jar
2026-07-14 16:52:33,040 [BasicRepositoryConnector-repo.maven.apache.org-0-1] INFO  o.e.m.c.i.e.AbstractTransferListenerAdapter - Downloaded https://repo.maven.apache.org/maven2/org/springframework/boot/spring-boot-starter-data-jpa-test/4.0.7/spring-boot-starter-data-jpa-test-4.0.7.jar
2026-07-14 16:52:33,108 [BasicRepositoryConnector-repo.maven.apache.org-0-1] INFO  o.e.m.c.i.e.AbstractTransferListenerAdapter - Downloading https://repo.maven.apache.org/maven2/org/springframework/boot/spring-boot-starter-test/4.0.7/spring-boot-starter-test-4.0.7.jar
2026-07-14 16:52:33,113 [BasicRepositoryConnector-repo.maven.apache.org-0-1] INFO  o.e.m.c.i.e.AbstractTransferListenerAdapter - Downloaded https://repo.maven.apache.org/maven2/org/springframework/boot/spring-boot-starter-test/4.0.7/spring-boot-starter-test-4.0.7.jar
2026-07-14 16:52:33,177 [BasicRepositoryConnector-repo.maven.apache.org-0-1] INFO  o.e.m.c.i.e.AbstractTransferListenerAdapter - Downloading https://repo.maven.apache.org/maven2/org/springframework/boot/spring-boot-test/4.0.7/spring-boot-test-4.0.7.jar
2026-07-14 16:52:33,300 [BasicRepositoryConnector-repo.maven.apache.org-0-1] INFO  o.e.m.c.i.e.AbstractTransferListenerAdapter - Downloaded https://repo.maven.apache.org/maven2/org/springframework/boot/spring-boot-test/4.0.7/spring-boot-test-4.0.7.jar
2026-07-14 16:52:33,387 [BasicRepositoryConnector-repo.maven.apache.org-0-1] INFO  o.e.m.c.i.e.AbstractTransferListenerAdapter - Downloading https://repo.maven.apache.org/maven2/org/springframework/boot/spring-boot-test-autoconfigure/4.0.7/spring-boot-test-autoconfigure-4.0.7.jar
2026-07-14 16:52:33,403 [BasicRepositoryConnector-repo.maven.apache.org-0-1] INFO  o.e.m.c.i.e.AbstractTransferListenerAdapter - Downloaded https://repo.maven.apache.org/maven2/org/springframework/boot/spring-boot-test-autoconfigure/4.0.7/spring-boot-test-autoconfigure-4.0.7.jar
2026-07-14 16:52:33,539 [BasicRepositoryConnector-repo.maven.apache.org-0-1] INFO  o.e.m.c.i.e.AbstractTransferListenerAdapter - Downloading https://repo.maven.apache.org/maven2/jakarta/xml/bind/jakarta.xml.bind-api/4.0.5/jakarta.xml.bind-api-4.0.5.jar
2026-07-14 16:52:33,611 [BasicRepositoryConnector-repo.maven.apache.org-0-1] INFO  o.e.m.c.i.e.AbstractTransferListenerAdapter - Downloaded https://repo.maven.apache.org/maven2/jakarta/xml/bind/jakarta.xml.bind-api/4.0.5/jakarta.xml.bind-api-4.0.5.jar
2026-07-14 16:52:33,702 [BasicRepositoryConnector-repo.maven.apache.org-0-1] INFO  o.e.m.c.i.e.AbstractTransferListenerAdapter - Downloading https://repo.maven.apache.org/maven2/org/springframework/spring-test/7.0.8/spring-test-7.0.8.jar
2026-07-14 16:53:07,106 [BasicRepositoryConnector-repo.maven.apache.org-0-1] INFO  o.e.m.c.i.e.AbstractTransferListenerAdapter - Downloaded https://repo.maven.apache.org/maven2/org/springframework/spring-test/7.0.8/spring-test-7.0.8.jar
2026-07-14 16:53:07,220 [BasicRepositoryConnector-repo.maven.apache.org-0-1] INFO  o.e.m.c.i.e.AbstractTransferListenerAdapter - Downloading https://repo.maven.apache.org/maven2/org/springframework/boot/spring-boot-starter-jdbc-test/4.0.7/spring-boot-starter-jdbc-test-4.0.7.jar
2026-07-14 16:53:07,225 [BasicRepositoryConnector-repo.maven.apache.org-0-1] INFO  o.e.m.c.i.e.AbstractTransferListenerAdapter - Downloaded https://repo.maven.apache.org/maven2/org/springframework/boot/spring-boot-starter-jdbc-test/4.0.7/spring-boot-starter-jdbc-test-4.0.7.jar
2026-07-14 16:53:07,348 [BasicRepositoryConnector-repo.maven.apache.org-0-1] INFO  o.e.m.c.i.e.AbstractTransferListenerAdapter - Downloading https://repo.maven.apache.org/maven2/org/springframework/boot/spring-boot-jdbc-test/4.0.7/spring-boot-jdbc-test-4.0.7.jar
2026-07-14 16:53:07,353 [BasicRepositoryConnector-repo.maven.apache.org-0-1] INFO  o.e.m.c.i.e.AbstractTransferListenerAdapter - Downloaded https://repo.maven.apache.org/maven2/org/springframework/boot/spring-boot-jdbc-test/4.0.7/spring-boot-jdbc-test-4.0.7.jar
2026-07-14 16:53:07,451 [BasicRepositoryConnector-repo.maven.apache.org-0-1] INFO  o.e.m.c.i.e.AbstractTransferListenerAdapter - Downloading https://repo.maven.apache.org/maven2/org/springframework/boot/spring-boot-data-jpa-test/4.0.7/spring-boot-data-jpa-test-4.0.7.jar
2026-07-14 16:53:07,457 [BasicRepositoryConnector-repo.maven.apache.org-0-1] INFO  o.e.m.c.i.e.AbstractTransferListenerAdapter - Downloaded https://repo.maven.apache.org/maven2/org/springframework/boot/spring-boot-data-jpa-test/4.0.7/spring-boot-data-jpa-test-4.0.7.jar
2026-07-14 16:53:07,536 [BasicRepositoryConnector-repo.maven.apache.org-0-1] INFO  o.e.m.c.i.e.AbstractTransferListenerAdapter - Downloading https://repo.maven.apache.org/maven2/org/springframework/boot/spring-boot-jpa-test/4.0.7/spring-boot-jpa-test-4.0.7.jar
2026-07-14 16:53:07,542 [BasicRepositoryConnector-repo.maven.apache.org-0-1] INFO  o.e.m.c.i.e.AbstractTransferListenerAdapter - Downloaded https://repo.maven.apache.org/maven2/org/springframework/boot/spring-boot-jpa-test/4.0.7/spring-boot-jpa-test-4.0.7.jar
2026-07-14 16:53:07,605 [BasicRepositoryConnector-repo.maven.apache.org-0-1] INFO  o.e.m.c.i.e.AbstractTransferListenerAdapter - Downloading https://repo.maven.apache.org/maven2/org/springframework/boot/spring-boot-starter-security-test/4.0.7/spring-boot-starter-security-test-4.0.7.jar
2026-07-14 16:53:07,609 [BasicRepositoryConnector-repo.maven.apache.org-0-1] INFO  o.e.m.c.i.e.AbstractTransferListenerAdapter - Downloaded https://repo.maven.apache.org/maven2/org/springframework/boot/spring-boot-starter-security-test/4.0.7/spring-boot-starter-security-test-4.0.7.jar
2026-07-14 16:53:07,671 [BasicRepositoryConnector-repo.maven.apache.org-0-1] INFO  o.e.m.c.i.e.AbstractTransferListenerAdapter - Downloading https://repo.maven.apache.org/maven2/org/springframework/boot/spring-boot-security-test/4.0.7/spring-boot-security-test-4.0.7.jar
2026-07-14 16:53:07,673 [BasicRepositoryConnector-repo.maven.apache.org-0-1] INFO  o.e.m.c.i.e.AbstractTransferListenerAdapter - Downloaded https://repo.maven.apache.org/maven2/org/springframework/boot/spring-boot-security-test/4.0.7/spring-boot-security-test-4.0.7.jar
2026-07-14 16:53:07,756 [BasicRepositoryConnector-repo.maven.apache.org-0-1] INFO  o.e.m.c.i.e.AbstractTransferListenerAdapter - Downloading https://repo.maven.apache.org/maven2/org/springframework/security/spring-security-test/7.0.6/spring-security-test-7.0.6.jar
2026-07-14 16:53:07,909 [BasicRepositoryConnector-repo.maven.apache.org-0-1] INFO  o.e.m.c.i.e.AbstractTransferListenerAdapter - Downloaded https://repo.maven.apache.org/maven2/org/springframework/security/spring-security-test/7.0.6/spring-security-test-7.0.6.jar
2026-07-14 16:53:07,992 [BasicRepositoryConnector-repo.maven.apache.org-0-1] INFO  o.e.m.c.i.e.AbstractTransferListenerAdapter - Downloading https://repo.maven.apache.org/maven2/org/springframework/boot/spring-boot-starter-webmvc-test/4.0.7/spring-boot-starter-webmvc-test-4.0.7.jar
2026-07-14 16:53:07,997 [BasicRepositoryConnector-repo.maven.apache.org-0-1] INFO  o.e.m.c.i.e.AbstractTransferListenerAdapter - Downloaded https://repo.maven.apache.org/maven2/org/springframework/boot/spring-boot-starter-webmvc-test/4.0.7/spring-boot-starter-webmvc-test-4.0.7.jar
2026-07-14 16:53:08,074 [BasicRepositoryConnector-repo.maven.apache.org-0-1] INFO  o.e.m.c.i.e.AbstractTransferListenerAdapter - Downloading https://repo.maven.apache.org/maven2/org/springframework/boot/spring-boot-starter-jackson-test/4.0.7/spring-boot-starter-jackson-test-4.0.7.jar
2026-07-14 16:53:08,076 [BasicRepositoryConnector-repo.maven.apache.org-0-1] INFO  o.e.m.c.i.e.AbstractTransferListenerAdapter - Downloaded https://repo.maven.apache.org/maven2/org/springframework/boot/spring-boot-starter-jackson-test/4.0.7/spring-boot-starter-jackson-test-4.0.7.jar
2026-07-14 16:53:08,153 [BasicRepositoryConnector-repo.maven.apache.org-0-1] INFO  o.e.m.c.i.e.AbstractTransferListenerAdapter - Downloading https://repo.maven.apache.org/maven2/org/springframework/boot/spring-boot-webmvc-test/4.0.7/spring-boot-webmvc-test-4.0.7.jar
2026-07-14 16:53:08,195 [BasicRepositoryConnector-repo.maven.apache.org-0-1] INFO  o.e.m.c.i.e.AbstractTransferListenerAdapter - Downloaded https://repo.maven.apache.org/maven2/org/springframework/boot/spring-boot-webmvc-test/4.0.7/spring-boot-webmvc-test-4.0.7.jar
2026-07-14 16:53:08,265 [BasicRepositoryConnector-repo.maven.apache.org-0-1] INFO  o.e.m.c.i.e.AbstractTransferListenerAdapter - Downloading https://repo.maven.apache.org/maven2/org/springframework/boot/spring-boot-web-server/4.0.7/spring-boot-web-server-4.0.7.jar
2026-07-14 16:53:08,345 [BasicRepositoryConnector-repo.maven.apache.org-0-1] INFO  o.e.m.c.i.e.AbstractTransferListenerAdapter - Downloaded https://repo.maven.apache.org/maven2/org/springframework/boot/spring-boot-web-server/4.0.7/spring-boot-web-server-4.0.7.jar
2026-07-14 16:53:08,439 [BasicRepositoryConnector-repo.maven.apache.org-0-1] INFO  o.e.m.c.i.e.AbstractTransferListenerAdapter - Downloading https://repo.maven.apache.org/maven2/org/springframework/boot/spring-boot-resttestclient/4.0.7/spring-boot-resttestclient-4.0.7.jar
2026-07-14 16:53:08,454 [BasicRepositoryConnector-repo.maven.apache.org-0-1] INFO  o.e.m.c.i.e.AbstractTransferListenerAdapter - Downloaded https://repo.maven.apache.org/maven2/org/springframework/boot/spring-boot-resttestclient/4.0.7/spring-boot-resttestclient-4.0.7.jar
2026-07-14 16:53:31,357 [BasicRepositoryConnector-repo.maven.apache.org-0-2] INFO  o.e.m.c.i.e.AbstractTransferListenerAdapter - Downloaded https://repo.maven.apache.org/maven2/org/hibernate/orm/hibernate-core/7.2.19.Final/hibernate-core-7.2.19.Final.jar
2026-07-14 16:53:43,173 [BasicRepositoryConnector-repo.maven.apache.org-0-3] INFO  o.e.m.c.i.e.AbstractTransferListenerAdapter - Downloaded https://repo.maven.apache.org/maven2/org/apache/tomcat/embed/tomcat-embed-core/11.0.22/tomcat-embed-core-11.0.22.jar
2026-07-14 16:54:07,505 [BasicRepositoryConnector-repo.maven.apache.org-0-0] INFO  o.e.m.c.i.e.AbstractTransferListenerAdapter - Downloaded https://repo.maven.apache.org/maven2/tools/jackson/core/jackson-core/3.1.4/jackson-core-3.1.4.jar
2026-07-14 16:54:46,326 [BasicRepositoryConnector-repo.maven.apache.org-0-4] INFO  o.e.m.c.i.e.AbstractTransferListenerAdapter - Downloaded https://repo.maven.apache.org/maven2/org/springframework/data/spring-data-commons/4.0.6/spring-data-commons-4.0.6.jar
2026-07-14 16:54:46,740 [Worker-1: Import Getting Started Content] INFO  o.e.m.c.i.e.AbstractTransferListenerAdapter - Downloading https://repo.maven.apache.org/maven2/org/apache/maven/plugins/maven-surefire-plugin/3.5.6/maven-surefire-plugin-3.5.6.pom
2026-07-14 16:54:46,746 [Worker-1: Import Getting Started Content] INFO  o.e.m.c.i.e.AbstractTransferListenerAdapter - Downloaded https://repo.maven.apache.org/maven2/org/apache/maven/plugins/maven-surefire-plugin/3.5.6/maven-surefire-plugin-3.5.6.pom
2026-07-14 16:54:46,818 [Worker-1: Import Getting Started Content] INFO  o.e.m.c.i.e.AbstractTransferListenerAdapter - Downloading https://repo.maven.apache.org/maven2/org/apache/maven/surefire/surefire/3.5.6/surefire-3.5.6.pom
2026-07-14 16:54:46,840 [Worker-1: Import Getting Started Content] INFO  o.e.m.c.i.e.AbstractTransferListenerAdapter - Downloaded https://repo.maven.apache.org/maven2/org/apache/maven/surefire/surefire/3.5.6/surefire-3.5.6.pom
2026-07-14 16:54:47,578 [Worker-1: Import Getting Started Content] INFO  o.e.m.j.i.AbstractJavaProjectConfigurator - Adding source folder /WhatsAppOrderManagement/src/main/java
2026-07-14 16:54:47,580 [Worker-1: Import Getting Started Content] INFO  o.e.m.j.i.AbstractJavaProjectConfigurator - Adding resource folder /WhatsAppOrderManagement/src/main/resources
2026-07-14 16:54:47,583 [Worker-1: Import Getting Started Content] INFO  o.e.m.j.i.AbstractJavaProjectConfigurator - Adding resource folder /WhatsAppOrderManagement/src/main/resources
2026-07-14 16:54:47,586 [Worker-1: Import Getting Started Content] INFO  o.e.m.j.i.AbstractJavaProjectConfigurator - Adding source folder /WhatsAppOrderManagement/src/test/java
2026-07-14 16:54:47,586 [Worker-1: Import Getting Started Content] INFO  o.e.m.j.i.AbstractJavaProjectConfigurator - Adding resource folder /WhatsAppOrderManagement/src/test/resources
2026-07-14 16:54:48,553 [Worker-17: Download sources and javadoc] INFO  o.e.m.c.i.e.AbstractTransferListenerAdapter - Downloading https://repo.maven.apache.org/maven2/org/springframework/boot/spring-boot-starter-data-jpa/4.0.7/spring-boot-starter-data-jpa-4.0.7-sources.jar
2026-07-14 16:54:48,559 [Worker-17: Download sources and javadoc] INFO  o.e.m.c.i.e.AbstractTransferListenerAdapter - Downloaded https://repo.maven.apache.org/maven2/org/springframework/boot/spring-boot-starter-data-jpa/4.0.7/spring-boot-starter-data-jpa-4.0.7-sources.jar
2026-07-14 16:54:48,562 [Worker-17: Download sources and javadoc] INFO  o.e.m.j.internal.DownloadSourcesJob - Downloaded sources for org.springframework.boot:spring-boot-starter-data-jpa:4.0.7
2026-07-14 16:54:48,579 [Worker-1: Import Getting Started Content] WARN  o.apache.maven.project.MavenProject - Direct modification of compileSourceRoots through clear() is deprecated and will not work in Maven 4.0.0. Please use the add/remove methods instead. If you're using a plugin that causes this warning, please upgrade to the latest version and report an issue if the warning persists. To disable these warnings, set -Dmaven.project.sourceRoots.warningsDisabled=true on the command line, in the .mvn/maven.config file, or in project POM properties.
2026-07-14 16:54:48,580 [Worker-1: Import Getting Started Content] WARN  o.apache.maven.project.MavenProject - Direct modification of compileSourceRoots through add() is deprecated and will not work in Maven 4.0.0. Please use the add/remove methods instead. If you're using a plugin that causes this warning, please upgrade to the latest version and report an issue if the warning persists. To disable these warnings, set -Dmaven.project.sourceRoots.warningsDisabled=true on the command line, in the .mvn/maven.config file, or in project POM properties.
2026-07-14 16:54:48,580 [Worker-1: Import Getting Started Content] WARN  o.apache.maven.project.MavenProject - Direct modification of testCompileSourceRoots through clear() is deprecated and will not work in Maven 4.0.0. Please use the add/remove methods instead. If you're using a plugin that causes this warning, please upgrade to the latest version and report an issue if the warning persists. To disable these warnings, set -Dmaven.project.sourceRoots.warningsDisabled=true on the command line, in the .mvn/maven.config file, or in project POM properties.
2026-07-14 16:54:48,581 [Worker-1: Import Getting Started Content] WARN  o.apache.maven.project.MavenProject - Direct modification of testCompileSourceRoots through add() is deprecated and will not work in Maven 4.0.0. Please use the add/remove methods instead. If you're using a plugin that causes this warning, please upgrade to the latest version and report an issue if the warning persists. To disable these warnings, set -Dmaven.project.sourceRoots.warningsDisabled=true on the command line, in the .mvn/maven.config file, or in project POM properties.
2026-07-14 16:54:48,600 [Worker-1: Import Getting Started Content] INFO  o.e.m.c.i.p.ProjectConfigurationManager - Imported and configured 1 project(s) in 248 sec
2026-07-14 16:54:48,603 [Worker-1: Import Getting Started Content] INFO  o.e.m.c.i.p.ProjectConfigurationManager - Update started
2026-07-14 16:54:48,776 [Worker-17: Download sources and javadoc] INFO  o.e.m.c.i.e.AbstractTransferListenerAdapter - Downloading https://repo.maven.apache.org/maven2/org/springframework/boot/spring-boot-starter/4.0.7/spring-boot-starter-4.0.7-sources.jar
2026-07-14 16:54:48,784 [Worker-17: Download sources and javadoc] INFO  o.e.m.c.i.e.AbstractTransferListenerAdapter - Downloaded https://repo.maven.apache.org/maven2/org/springframework/boot/spring-boot-starter/4.0.7/spring-boot-starter-4.0.7-sources.jar
2026-07-14 16:54:48,793 [Worker-17: Download sources and javadoc] INFO  o.e.m.j.internal.DownloadSourcesJob - Downloaded sources for org.springframework.boot:spring-boot-starter:4.0.7
2026-07-14 16:54:50,829 [Worker-1: Import Getting Started Content] INFO  o.e.m.c.i.l.LifecycleMappingFactory - Using org.eclipse.m2e.jdt.JarLifecycleMapping lifecycle mapping for MavenProject: in.cs:WhatsAppOrderManagement:1.0 @ C:\Users\PMLS\Desktop\RealProjects\WhatsAppOrderManagement\pom.xml.
2026-07-14 16:54:50,886 [Worker-17: Download sources and javadoc] INFO  o.e.m.c.i.e.AbstractTransferListenerAdapter - Downloading https://repo.maven.apache.org/maven2/org/springframework/boot/spring-boot-starter-logging/4.0.7/spring-boot-starter-logging-4.0.7-sources.jar
2026-07-14 16:54:50,898 [Worker-17: Download sources and javadoc] INFO  o.e.m.c.i.e.AbstractTransferListenerAdapter - Downloaded https://repo.maven.apache.org/maven2/org/springframework/boot/spring-boot-starter-logging/4.0.7/spring-boot-starter-logging-4.0.7-sources.jar
2026-07-14 16:54:50,907 [Worker-17: Download sources and javadoc] INFO  o.e.m.j.internal.DownloadSourcesJob - Downloaded sources for org.springframework.boot:spring-boot-starter-logging:4.0.7
2026-07-14 16:54:51,117 [Worker-17: Download sources and javadoc] INFO  o.e.m.c.i.e.AbstractTransferListenerAdapter - Downloading https://repo.maven.apache.org/maven2/ch/qos/logback/logback-classic/1.5.34/logback-classic-1.5.34-sources.jar
2026-07-14 16:54:51,351 [Worker-17: Download sources and javadoc] INFO  o.e.m.c.i.e.AbstractTransferListenerAdapter - Downloaded https://repo.maven.apache.org/maven2/ch/qos/logback/logback-classic/1.5.34/logback-classic-1.5.34-sources.jar
2026-07-14 16:54:51,362 [Worker-17: Download sources and javadoc] INFO  o.e.m.j.internal.DownloadSourcesJob - Downloaded sources for ch.qos.logback:logback-classic:1.5.34
2026-07-14 16:54:51,618 [Worker-17: Download sources and javadoc] INFO  o.e.m.c.i.e.AbstractTransferListenerAdapter - Downloading https://repo.maven.apache.org/maven2/ch/qos/logback/logback-core/1.5.34/logback-core-1.5.34-sources.jar
2026-07-14 16:54:51,948 [Worker-17: Download sources and javadoc] INFO  o.e.m.c.i.e.AbstractTransferListenerAdapter - Downloaded https://repo.maven.apache.org/maven2/ch/qos/logback/logback-core/1.5.34/logback-core-1.5.34-sources.jar
2026-07-14 16:54:51,956 [Worker-17: Download sources and javadoc] INFO  o.e.m.j.internal.DownloadSourcesJob - Downloaded sources for ch.qos.logback:logback-core:1.5.34
2026-07-14 16:54:52,140 [Worker-17: Download sources and javadoc] INFO  o.e.m.c.i.e.AbstractTransferListenerAdapter - Downloading https://repo.maven.apache.org/maven2/org/slf4j/jul-to-slf4j/2.0.18/jul-to-slf4j-2.0.18-sources.jar
2026-07-14 16:54:52,149 [Worker-17: Download sources and javadoc] INFO  o.e.m.c.i.e.AbstractTransferListenerAdapter - Downloaded https://repo.maven.apache.org/maven2/org/slf4j/jul-to-slf4j/2.0.18/jul-to-slf4j-2.0.18-sources.jar
2026-07-14 16:54:52,156 [Worker-17: Download sources and javadoc] INFO  o.e.m.j.internal.DownloadSourcesJob - Downloaded sources for org.slf4j:jul-to-slf4j:2.0.18
2026-07-14 16:54:52,330 [Worker-1: Import Getting Started Content] INFO  o.e.m.j.i.AbstractJavaProjectConfigurator - Adding source folder /WhatsAppOrderManagement/src/main/java
2026-07-14 16:54:52,332 [Worker-1: Import Getting Started Content] INFO  o.e.m.j.i.AbstractJavaProjectConfigurator - Adding resource folder /WhatsAppOrderManagement/src/main/resources
2026-07-14 16:54:52,333 [Worker-1: Import Getting Started Content] INFO  o.e.m.j.i.AbstractJavaProjectConfigurator - Adding resource folder /WhatsAppOrderManagement/src/main/resources
2026-07-14 16:54:52,383 [Worker-1: Import Getting Started Content] INFO  o.e.m.j.i.AbstractJavaProjectConfigurator - Adding source folder /WhatsAppOrderManagement/src/test/java
2026-07-14 16:54:52,385 [Worker-1: Import Getting Started Content] INFO  o.e.m.j.i.AbstractJavaProjectConfigurator - Adding resource folder /WhatsAppOrderManagement/src/test/resources
2026-07-14 16:54:52,411 [Worker-17: Download sources and javadoc] INFO  o.e.m.c.i.e.AbstractTransferListenerAdapter - Downloading https://repo.maven.apache.org/maven2/org/springframework/boot/spring-boot-autoconfigure/4.0.7/spring-boot-autoconfigure-4.0.7-sources.jar
2026-07-14 16:54:52,670 [Worker-17: Download sources and javadoc] INFO  o.e.m.c.i.e.AbstractTransferListenerAdapter - Downloaded https://repo.maven.apache.org/maven2/org/springframework/boot/spring-boot-autoconfigure/4.0.7/spring-boot-autoconfigure-4.0.7-sources.jar
2026-07-14 16:54:52,678 [Worker-17: Download sources and javadoc] INFO  o.e.m.j.internal.DownloadSourcesJob - Downloaded sources for org.springframework.boot:spring-boot-autoconfigure:4.0.7
2026-07-14 16:54:52,696 [Worker-1: Import Getting Started Content] WARN  o.apache.maven.project.MavenProject - Direct modification of compileSourceRoots through clear() is deprecated and will not work in Maven 4.0.0. Please use the add/remove methods instead. If you're using a plugin that causes this warning, please upgrade to the latest version and report an issue if the warning persists. To disable these warnings, set -Dmaven.project.sourceRoots.warningsDisabled=true on the command line, in the .mvn/maven.config file, or in project POM properties.
2026-07-14 16:54:52,697 [Worker-1: Import Getting Started Content] WARN  o.apache.maven.project.MavenProject - Direct modification of compileSourceRoots through add() is deprecated and will not work in Maven 4.0.0. Please use the add/remove methods instead. If you're using a plugin that causes this warning, please upgrade to the latest version and report an issue if the warning persists. To disable these warnings, set -Dmaven.project.sourceRoots.warningsDisabled=true on the command line, in the .mvn/maven.config file, or in project POM properties.
2026-07-14 16:54:52,698 [Worker-1: Import Getting Started Content] WARN  o.apache.maven.project.MavenProject - Direct modification of testCompileSourceRoots through clear() is deprecated and will not work in Maven 4.0.0. Please use the add/remove methods instead. If you're using a plugin that causes this warning, please upgrade to the latest version and report an issue if the warning persists. To disable these warnings, set -Dmaven.project.sourceRoots.warningsDisabled=true on the command line, in the .mvn/maven.config file, or in project POM properties.
2026-07-14 16:54:52,699 [Worker-1: Import Getting Started Content] WARN  o.apache.maven.project.MavenProject - Direct modification of testCompileSourceRoots through add() is deprecated and will not work in Maven 4.0.0. Please use the add/remove methods instead. If you're using a plugin that causes this warning, please upgrade to the latest version and report an issue if the warning persists. To disable these warnings, set -Dmaven.project.sourceRoots.warningsDisabled=true on the command line, in the .mvn/maven.config file, or in project POM properties.
2026-07-14 16:54:52,926 [Worker-1: Import Getting Started Content] INFO  o.e.m.c.i.p.ProjectConfigurationManager - Update completed for 1 poms: local refresh takes 0.00 sec, refresh facades takes 3.00 sec, update config takes 0.00 sec 
2026-07-14 16:54:53,271 [Worker-17: Download sources and javadoc] INFO  o.e.m.c.i.e.AbstractTransferListenerAdapter - Downloading https://repo.maven.apache.org/maven2/org/springframework/boot/spring-boot-starter-jdbc/4.0.7/spring-boot-starter-jdbc-4.0.7-sources.jar
2026-07-14 16:54:53,279 [Worker-17: Download sources and javadoc] INFO  o.e.m.c.i.e.AbstractTransferListenerAdapter - Downloaded https://repo.maven.apache.org/maven2/org/springframework/boot/spring-boot-starter-jdbc/4.0.7/spring-boot-starter-jdbc-4.0.7-sources.jar
2026-07-14 16:54:53,284 [Worker-17: Download sources and javadoc] INFO  o.e.m.j.internal.DownloadSourcesJob - Downloaded sources for org.springframework.boot:spring-boot-starter-jdbc:4.0.7
2026-07-14 16:54:53,489 [Worker-17: Download sources and javadoc] INFO  o.e.m.c.i.e.AbstractTransferListenerAdapter - Downloading https://repo.maven.apache.org/maven2/org/slf4j/slf4j-api/2.0.18/slf4j-api-2.0.18-sources.jar
2026-07-14 16:54:53,548 [Worker-17: Download sources and javadoc] INFO  o.e.m.c.i.e.AbstractTransferListenerAdapter - Downloaded https://repo.maven.apache.org/maven2/org/slf4j/slf4j-api/2.0.18/slf4j-api-2.0.18-sources.jar
2026-07-14 16:54:53,551 [Worker-17: Download sources and javadoc] INFO  o.e.m.j.internal.DownloadSourcesJob - Downloaded sources for org.slf4j:slf4j-api:2.0.18
2026-07-14 16:54:53,686 [Worker-14: Building] INFO  o.a.m.s.f.DefaultMavenResourcesFiltering - Copying 1 resource from src\main\resources to target\classes
2026-07-14 16:54:53,746 [Worker-14: Building] INFO  o.a.m.s.f.DefaultMavenResourcesFiltering - Copying 0 resource from src\main\resources to target\classes
2026-07-14 16:54:53,761 [Worker-14: Building] INFO  o.a.m.s.f.DefaultMavenResourcesFiltering - skip non existing resourceDirectory C:\Users\PMLS\Desktop\RealProjects\WhatsAppOrderManagement\src\test\resources
2026-07-14 16:54:54,130 [Worker-17: Download sources and javadoc] INFO  o.e.m.c.i.e.AbstractTransferListenerAdapter - Downloading https://repo.maven.apache.org/maven2/org/springframework/boot/spring-boot-data-jpa/4.0.7/spring-boot-data-jpa-4.0.7-sources.jar
2026-07-14 16:54:54,138 [Worker-17: Download sources and javadoc] INFO  o.e.m.c.i.e.AbstractTransferListenerAdapter - Downloaded https://repo.maven.apache.org/maven2/org/springframework/boot/spring-boot-data-jpa/4.0.7/spring-boot-data-jpa-4.0.7-sources.jar
2026-07-14 16:54:54,158 [Worker-17: Download sources and javadoc] INFO  o.e.m.j.internal.DownloadSourcesJob - Downloaded sources for org.springframework.boot:spring-boot-data-jpa:4.0.7
2026-07-14 16:54:54,534 [Worker-17: Download sources and javadoc] INFO  o.e.m.c.i.e.AbstractTransferListenerAdapter - Downloading https://repo.maven.apache.org/maven2/org/springframework/boot/spring-boot-data-commons/4.0.7/spring-boot-data-commons-4.0.7-sources.jar
2026-07-14 16:54:54,544 [Worker-17: Download sources and javadoc] INFO  o.e.m.c.i.e.AbstractTransferListenerAdapter - Downloaded https://repo.maven.apache.org/maven2/org/springframework/boot/spring-boot-data-commons/4.0.7/spring-boot-data-commons-4.0.7-sources.jar
2026-07-14 16:54:54,553 [Worker-17: Download sources and javadoc] INFO  o.e.m.j.internal.DownloadSourcesJob - Downloaded sources for org.springframework.boot:spring-boot-data-commons:4.0.7
2026-07-14 16:54:54,571 [Worker-14: Building] WARN  o.apache.maven.project.MavenProject - Direct modification of compileSourceRoots through clear() is deprecated and will not work in Maven 4.0.0. Please use the add/remove methods instead. If you're using a plugin that causes this warning, please upgrade to the latest version and report an issue if the warning persists. To disable these warnings, set -Dmaven.project.sourceRoots.warningsDisabled=true on the command line, in the .mvn/maven.config file, or in project POM properties.
2026-07-14 16:54:54,573 [Worker-14: Building] WARN  o.apache.maven.project.MavenProject - Direct modification of compileSourceRoots through add() is deprecated and will not work in Maven 4.0.0. Please use the add/remove methods instead. If you're using a plugin that causes this warning, please upgrade to the latest version and report an issue if the warning persists. To disable these warnings, set -Dmaven.project.sourceRoots.warningsDisabled=true on the command line, in the .mvn/maven.config file, or in project POM properties.
2026-07-14 16:54:54,575 [Worker-14: Building] WARN  o.apache.maven.project.MavenProject - Direct modification of testCompileSourceRoots through clear() is deprecated and will not work in Maven 4.0.0. Please use the add/remove methods instead. If you're using a plugin that causes this warning, please upgrade to the latest version and report an issue if the warning persists. To disable these warnings, set -Dmaven.project.sourceRoots.warningsDisabled=true on the command line, in the .mvn/maven.config file, or in project POM properties.
2026-07-14 16:54:54,577 [Worker-14: Building] WARN  o.apache.maven.project.MavenProject - Direct modification of testCompileSourceRoots through add() is deprecated and will not work in Maven 4.0.0. Please use the add/remove methods instead. If you're using a plugin that causes this warning, please upgrade to the latest version and report an issue if the warning persists. To disable these warnings, set -Dmaven.project.sourceRoots.warningsDisabled=true on the command line, in the .mvn/maven.config file, or in project POM properties.
2026-07-14 16:54:55,363 [Worker-17: Download sources and javadoc] INFO  o.e.m.c.i.e.AbstractTransferListenerAdapter - Downloading https://repo.maven.apache.org/maven2/org/springframework/boot/spring-boot-persistence/4.0.7/spring-boot-persistence-4.0.7-sources.jar
2026-07-14 16:54:55,370 [Worker-17: Download sources and javadoc] INFO  o.e.m.c.i.e.AbstractTransferListenerAdapter - Downloaded https://repo.maven.apache.org/maven2/org/springframework/boot/spring-boot-persistence/4.0.7/spring-boot-persistence-4.0.7-sources.jar
2026-07-14 16:54:55,378 [Worker-17: Download sources and javadoc] INFO  o.e.m.j.internal.DownloadSourcesJob - Downloaded sources for org.springframework.boot:spring-boot-persistence:4.0.7
2026-07-14 16:54:55,650 [Worker-17: Download sources and javadoc] INFO  o.e.m.c.i.e.AbstractTransferListenerAdapter - Downloading https://repo.maven.apache.org/maven2/org/springframework/data/spring-data-commons/4.0.6/spring-data-commons-4.0.6-sources.jar
2026-07-14 16:54:56,490 [Worker-17: Download sources and javadoc] INFO  o.e.m.c.i.e.AbstractTransferListenerAdapter - Downloaded https://repo.maven.apache.org/maven2/org/springframework/data/spring-data-commons/4.0.6/spring-data-commons-4.0.6-sources.jar
2026-07-14 16:54:56,494 [Worker-17: Download sources and javadoc] INFO  o.e.m.j.internal.DownloadSourcesJob - Downloaded sources for org.springframework.data:spring-data-commons:4.0.6
2026-07-14 16:54:56,678 [Worker-17: Download sources and javadoc] INFO  o.e.m.c.i.e.AbstractTransferListenerAdapter - Downloading https://repo.maven.apache.org/maven2/org/springframework/boot/spring-boot-hibernate/4.0.7/spring-boot-hibernate-4.0.7-sources.jar
2026-07-14 16:54:56,683 [Worker-17: Download sources and javadoc] INFO  o.e.m.c.i.e.AbstractTransferListenerAdapter - Downloaded https://repo.maven.apache.org/maven2/org/springframework/boot/spring-boot-hibernate/4.0.7/spring-boot-hibernate-4.0.7-sources.jar
2026-07-14 16:54:56,688 [Worker-17: Download sources and javadoc] INFO  o.e.m.j.internal.DownloadSourcesJob - Downloaded sources for org.springframework.boot:spring-boot-hibernate:4.0.7
2026-07-14 16:54:57,109 [Worker-17: Download sources and javadoc] INFO  o.e.m.c.i.e.AbstractTransferListenerAdapter - Downloading https://repo.maven.apache.org/maven2/org/springframework/boot/spring-boot-jpa/4.0.7/spring-boot-jpa-4.0.7-sources.jar
2026-07-14 16:54:57,120 [Worker-17: Download sources and javadoc] INFO  o.e.m.c.i.e.AbstractTransferListenerAdapter - Downloaded https://repo.maven.apache.org/maven2/org/springframework/boot/spring-boot-jpa/4.0.7/spring-boot-jpa-4.0.7-sources.jar
2026-07-14 16:54:57,128 [Worker-17: Download sources and javadoc] INFO  o.e.m.j.internal.DownloadSourcesJob - Downloaded sources for org.springframework.boot:spring-boot-jpa:4.0.7
2026-07-14 16:54:57,343 [Worker-17: Download sources and javadoc] INFO  o.e.m.c.i.e.AbstractTransferListenerAdapter - Downloading https://repo.maven.apache.org/maven2/org/hibernate/orm/hibernate-core/7.2.19.Final/hibernate-core-7.2.19.Final-sources.jar
2026-07-14 16:55:02,352 [Worker-17: Download sources and javadoc] INFO  o.e.m.c.i.e.AbstractTransferListenerAdapter - Downloaded https://repo.maven.apache.org/maven2/org/hibernate/orm/hibernate-core/7.2.19.Final/hibernate-core-7.2.19.Final-sources.jar
2026-07-14 16:55:02,358 [Worker-17: Download sources and javadoc] INFO  o.e.m.j.internal.DownloadSourcesJob - Downloaded sources for org.hibernate.orm:hibernate-core:7.2.19.Final
2026-07-14 16:55:02,537 [Worker-17: Download sources and javadoc] INFO  o.e.m.c.i.e.AbstractTransferListenerAdapter - Downloading https://repo.maven.apache.org/maven2/org/glassfish/jaxb/jaxb-runtime/4.0.9/jaxb-runtime-4.0.9-sources.jar
2026-07-14 16:55:02,916 [Worker-17: Download sources and javadoc] INFO  o.e.m.c.i.e.AbstractTransferListenerAdapter - Downloaded https://repo.maven.apache.org/maven2/org/glassfish/jaxb/jaxb-runtime/4.0.9/jaxb-runtime-4.0.9-sources.jar
2026-07-14 16:55:02,919 [Worker-17: Download sources and javadoc] INFO  o.e.m.j.internal.DownloadSourcesJob - Downloaded sources for org.glassfish.jaxb:jaxb-runtime:4.0.9
2026-07-14 16:55:03,142 [Worker-17: Download sources and javadoc] INFO  o.e.m.c.i.e.AbstractTransferListenerAdapter - Downloading https://repo.maven.apache.org/maven2/org/glassfish/jaxb/jaxb-core/4.0.9/jaxb-core-4.0.9-sources.jar
2026-07-14 16:55:03,219 [Worker-17: Download sources and javadoc] INFO  o.e.m.c.i.e.AbstractTransferListenerAdapter - Downloaded https://repo.maven.apache.org/maven2/org/glassfish/jaxb/jaxb-core/4.0.9/jaxb-core-4.0.9-sources.jar
2026-07-14 16:55:03,221 [Worker-17: Download sources and javadoc] INFO  o.e.m.j.internal.DownloadSourcesJob - Downloaded sources for org.glassfish.jaxb:jaxb-core:4.0.9
2026-07-14 16:55:03,401 [Worker-17: Download sources and javadoc] INFO  o.e.m.c.i.e.AbstractTransferListenerAdapter - Downloading https://repo.maven.apache.org/maven2/org/glassfish/jaxb/txw2/4.0.9/txw2-4.0.9-sources.jar
2026-07-14 16:55:03,519 [Worker-17: Download sources and javadoc] INFO  o.e.m.c.i.e.AbstractTransferListenerAdapter - Downloaded https://repo.maven.apache.org/maven2/org/glassfish/jaxb/txw2/4.0.9/txw2-4.0.9-sources.jar
2026-07-14 16:55:03,523 [Worker-17: Download sources and javadoc] INFO  o.e.m.j.internal.DownloadSourcesJob - Downloaded sources for org.glassfish.jaxb:txw2:4.0.9
2026-07-14 16:55:03,704 [Worker-17: Download sources and javadoc] INFO  o.e.m.c.i.e.AbstractTransferListenerAdapter - Downloading https://repo.maven.apache.org/maven2/org/springframework/spring-orm/7.0.8/spring-orm-7.0.8-sources.jar
2026-07-14 16:55:03,786 [Worker-17: Download sources and javadoc] INFO  o.e.m.c.i.e.AbstractTransferListenerAdapter - Downloaded https://repo.maven.apache.org/maven2/org/springframework/spring-orm/7.0.8/spring-orm-7.0.8-sources.jar
2026-07-14 16:55:03,788 [Worker-17: Download sources and javadoc] INFO  o.e.m.j.internal.DownloadSourcesJob - Downloaded sources for org.springframework:spring-orm:7.0.8
2026-07-14 16:55:05,694 [Worker-17: Download sources and javadoc] INFO  o.e.m.c.i.e.AbstractTransferListenerAdapter - Downloading https://repo.maven.apache.org/maven2/org/springframework/data/spring-data-jpa/4.0.6/spring-data-jpa-4.0.6-sources.jar
2026-07-14 16:55:06,207 [Worker-17: Download sources and javadoc] INFO  o.e.m.c.i.e.AbstractTransferListenerAdapter - Downloaded https://repo.maven.apache.org/maven2/org/springframework/data/spring-data-jpa/4.0.6/spring-data-jpa-4.0.6-sources.jar
2026-07-14 16:55:06,212 [Worker-17: Download sources and javadoc] INFO  o.e.m.j.internal.DownloadSourcesJob - Downloaded sources for org.springframework.data:spring-data-jpa:4.0.6
2026-07-14 16:55:06,428 [Worker-17: Download sources and javadoc] INFO  o.e.m.c.i.e.AbstractTransferListenerAdapter - Downloading https://repo.maven.apache.org/maven2/org/springframework/spring-context/7.0.8/spring-context-7.0.8-sources.jar
2026-07-14 16:55:07,012 [Worker-17: Download sources and javadoc] INFO  o.e.m.c.i.e.AbstractTransferListenerAdapter - Downloaded https://repo.maven.apache.org/maven2/org/springframework/spring-context/7.0.8/spring-context-7.0.8-sources.jar
2026-07-14 16:55:07,015 [Worker-17: Download sources and javadoc] INFO  o.e.m.j.internal.DownloadSourcesJob - Downloaded sources for org.springframework:spring-context:7.0.8
2026-07-14 16:55:07,170 [Worker-17: Download sources and javadoc] INFO  o.e.m.c.i.e.AbstractTransferListenerAdapter - Downloading https://repo.maven.apache.org/maven2/org/springframework/spring-tx/7.0.8/spring-tx-7.0.8-sources.jar
2026-07-14 16:55:07,354 [Worker-17: Download sources and javadoc] INFO  o.e.m.c.i.e.AbstractTransferListenerAdapter - Downloaded https://repo.maven.apache.org/maven2/org/springframework/spring-tx/7.0.8/spring-tx-7.0.8-sources.jar
2026-07-14 16:55:07,358 [Worker-17: Download sources and javadoc] INFO  o.e.m.j.internal.DownloadSourcesJob - Downloaded sources for org.springframework:spring-tx:7.0.8
2026-07-14 16:55:07,546 [Worker-17: Download sources and javadoc] INFO  o.e.m.c.i.e.AbstractTransferListenerAdapter - Downloading https://repo.maven.apache.org/maven2/org/springframework/spring-aspects/7.0.8/spring-aspects-7.0.8-sources.jar
2026-07-14 16:55:07,571 [Worker-17: Download sources and javadoc] INFO  o.e.m.c.i.e.AbstractTransferListenerAdapter - Downloaded https://repo.maven.apache.org/maven2/org/springframework/spring-aspects/7.0.8/spring-aspects-7.0.8-sources.jar
2026-07-14 16:55:07,575 [Worker-17: Download sources and javadoc] INFO  o.e.m.j.internal.DownloadSourcesJob - Downloaded sources for org.springframework:spring-aspects:7.0.8
2026-07-14 16:55:07,773 [Worker-17: Download sources and javadoc] INFO  o.e.m.c.i.e.AbstractTransferListenerAdapter - Downloading https://repo.maven.apache.org/maven2/org/springframework/boot/spring-boot-jdbc/4.0.7/spring-boot-jdbc-4.0.7-sources.jar
2026-07-14 16:55:08,043 [Worker-17: Download sources and javadoc] INFO  o.e.m.c.i.e.AbstractTransferListenerAdapter - Downloaded https://repo.maven.apache.org/maven2/org/springframework/boot/spring-boot-jdbc/4.0.7/spring-boot-jdbc-4.0.7-sources.jar
2026-07-14 16:55:08,045 [Worker-17: Download sources and javadoc] INFO  o.e.m.j.internal.DownloadSourcesJob - Downloaded sources for org.springframework.boot:spring-boot-jdbc:4.0.7
2026-07-14 16:55:08,254 [Worker-17: Download sources and javadoc] INFO  o.e.m.c.i.e.AbstractTransferListenerAdapter - Downloading https://repo.maven.apache.org/maven2/org/springframework/boot/spring-boot/4.0.7/spring-boot-4.0.7-sources.jar
2026-07-14 16:55:08,659 [Worker-17: Download sources and javadoc] INFO  o.e.m.c.i.e.AbstractTransferListenerAdapter - Downloaded https://repo.maven.apache.org/maven2/org/springframework/boot/spring-boot/4.0.7/spring-boot-4.0.7-sources.jar
2026-07-14 16:55:08,661 [Worker-17: Download sources and javadoc] INFO  o.e.m.j.internal.DownloadSourcesJob - Downloaded sources for org.springframework.boot:spring-boot:4.0.7
2026-07-14 16:55:08,857 [Worker-17: Download sources and javadoc] INFO  o.e.m.c.i.e.AbstractTransferListenerAdapter - Downloading https://repo.maven.apache.org/maven2/org/springframework/boot/spring-boot-sql/4.0.7/spring-boot-sql-4.0.7-sources.jar
2026-07-14 16:55:08,865 [Worker-17: Download sources and javadoc] INFO  o.e.m.c.i.e.AbstractTransferListenerAdapter - Downloaded https://repo.maven.apache.org/maven2/org/springframework/boot/spring-boot-sql/4.0.7/spring-boot-sql-4.0.7-sources.jar
2026-07-14 16:55:08,869 [Worker-17: Download sources and javadoc] INFO  o.e.m.j.internal.DownloadSourcesJob - Downloaded sources for org.springframework.boot:spring-boot-sql:4.0.7
2026-07-14 16:55:09,126 [Worker-17: Download sources and javadoc] INFO  o.e.m.c.i.e.AbstractTransferListenerAdapter - Downloading https://repo.maven.apache.org/maven2/org/springframework/boot/spring-boot-transaction/4.0.7/spring-boot-transaction-4.0.7-sources.jar
2026-07-14 16:55:09,139 [Worker-17: Download sources and javadoc] INFO  o.e.m.c.i.e.AbstractTransferListenerAdapter - Downloaded https://repo.maven.apache.org/maven2/org/springframework/boot/spring-boot-transaction/4.0.7/spring-boot-transaction-4.0.7-sources.jar
2026-07-14 16:55:09,143 [Worker-17: Download sources and javadoc] INFO  o.e.m.j.internal.DownloadSourcesJob - Downloaded sources for org.springframework.boot:spring-boot-transaction:4.0.7
2026-07-14 16:55:09,366 [Worker-17: Download sources and javadoc] INFO  o.e.m.c.i.e.AbstractTransferListenerAdapter - Downloading https://repo.maven.apache.org/maven2/org/springframework/spring-jdbc/7.0.8/spring-jdbc-7.0.8-sources.jar
2026-07-14 16:55:09,814 [Worker-17: Download sources and javadoc] INFO  o.e.m.c.i.e.AbstractTransferListenerAdapter - Downloaded https://repo.maven.apache.org/maven2/org/springframework/spring-jdbc/7.0.8/spring-jdbc-7.0.8-sources.jar
2026-07-14 16:55:09,818 [Worker-17: Download sources and javadoc] INFO  o.e.m.j.internal.DownloadSourcesJob - Downloaded sources for org.springframework:spring-jdbc:7.0.8
2026-07-14 16:55:10,056 [Worker-17: Download sources and javadoc] INFO  o.e.m.c.i.e.AbstractTransferListenerAdapter - Downloading https://repo.maven.apache.org/maven2/org/springframework/boot/spring-boot-starter-security/4.0.7/spring-boot-starter-security-4.0.7-sources.jar
2026-07-14 16:55:10,063 [Worker-17: Download sources and javadoc] INFO  o.e.m.c.i.e.AbstractTransferListenerAdapter - Downloaded https://repo.maven.apache.org/maven2/org/springframework/boot/spring-boot-starter-security/4.0.7/spring-boot-starter-security-4.0.7-sources.jar
2026-07-14 16:55:10,068 [Worker-17: Download sources and javadoc] INFO  o.e.m.j.internal.DownloadSourcesJob - Downloaded sources for org.springframework.boot:spring-boot-starter-security:4.0.7
2026-07-14 16:55:10,237 [Worker-17: Download sources and javadoc] INFO  o.e.m.c.i.e.AbstractTransferListenerAdapter - Downloading https://repo.maven.apache.org/maven2/org/springframework/boot/spring-boot-security/4.0.7/spring-boot-security-4.0.7-sources.jar
2026-07-14 16:55:10,330 [Worker-17: Download sources and javadoc] INFO  o.e.m.c.i.e.AbstractTransferListenerAdapter - Downloaded https://repo.maven.apache.org/maven2/org/springframework/boot/spring-boot-security/4.0.7/spring-boot-security-4.0.7-sources.jar
2026-07-14 16:55:10,334 [Worker-17: Download sources and javadoc] INFO  o.e.m.j.internal.DownloadSourcesJob - Downloaded sources for org.springframework.boot:spring-boot-security:4.0.7
2026-07-14 16:55:10,541 [Worker-17: Download sources and javadoc] INFO  o.e.m.c.i.e.AbstractTransferListenerAdapter - Downloading https://repo.maven.apache.org/maven2/org/springframework/security/spring-security-config/7.0.6/spring-security-config-7.0.6-sources.jar
2026-07-14 16:55:11,616 [Worker-17: Download sources and javadoc] INFO  o.e.m.c.i.e.AbstractTransferListenerAdapter - Downloaded https://repo.maven.apache.org/maven2/org/springframework/security/spring-security-config/7.0.6/spring-security-config-7.0.6-sources.jar
2026-07-14 16:55:11,619 [Worker-17: Download sources and javadoc] INFO  o.e.m.j.internal.DownloadSourcesJob - Downloaded sources for org.springframework.security:spring-security-config:7.0.6
2026-07-14 16:55:11,827 [Worker-17: Download sources and javadoc] INFO  o.e.m.c.i.e.AbstractTransferListenerAdapter - Downloading https://repo.maven.apache.org/maven2/org/springframework/security/spring-security-core/7.0.6/spring-security-core-7.0.6-sources.jar
2026-07-14 16:55:12,071 [Worker-17: Download sources and javadoc] INFO  o.e.m.c.i.e.AbstractTransferListenerAdapter - Downloaded https://repo.maven.apache.org/maven2/org/springframework/security/spring-security-core/7.0.6/spring-security-core-7.0.6-sources.jar
2026-07-14 16:55:12,075 [Worker-17: Download sources and javadoc] INFO  o.e.m.j.internal.DownloadSourcesJob - Downloaded sources for org.springframework.security:spring-security-core:7.0.6
2026-07-14 16:55:12,249 [Worker-17: Download sources and javadoc] INFO  o.e.m.c.i.e.AbstractTransferListenerAdapter - Downloading https://repo.maven.apache.org/maven2/org/springframework/security/spring-security-crypto/7.0.6/spring-security-crypto-7.0.6-sources.jar
2026-07-14 16:55:12,331 [Worker-17: Download sources and javadoc] INFO  o.e.m.c.i.e.AbstractTransferListenerAdapter - Downloaded https://repo.maven.apache.org/maven2/org/springframework/security/spring-security-crypto/7.0.6/spring-security-crypto-7.0.6-sources.jar
2026-07-14 16:55:12,336 [Worker-17: Download sources and javadoc] INFO  o.e.m.j.internal.DownloadSourcesJob - Downloaded sources for org.springframework.security:spring-security-crypto:7.0.6
2026-07-14 16:55:12,553 [Worker-17: Download sources and javadoc] INFO  o.e.m.c.i.e.AbstractTransferListenerAdapter - Downloading https://repo.maven.apache.org/maven2/org/springframework/security/spring-security-web/7.0.6/spring-security-web-7.0.6-sources.jar
2026-07-14 16:55:13,118 [Worker-17: Download sources and javadoc] INFO  o.e.m.c.i.e.AbstractTransferListenerAdapter - Downloaded https://repo.maven.apache.org/maven2/org/springframework/security/spring-security-web/7.0.6/spring-security-web-7.0.6-sources.jar
2026-07-14 16:55:13,122 [Worker-17: Download sources and javadoc] INFO  o.e.m.j.internal.DownloadSourcesJob - Downloaded sources for org.springframework.security:spring-security-web:7.0.6
2026-07-14 16:55:13,326 [Worker-17: Download sources and javadoc] INFO  o.e.m.c.i.e.AbstractTransferListenerAdapter - Downloading https://repo.maven.apache.org/maven2/org/springframework/spring-expression/7.0.8/spring-expression-7.0.8-sources.jar
2026-07-14 16:55:13,559 [Worker-17: Download sources and javadoc] INFO  o.e.m.c.i.e.AbstractTransferListenerAdapter - Downloaded https://repo.maven.apache.org/maven2/org/springframework/spring-expression/7.0.8/spring-expression-7.0.8-sources.jar
2026-07-14 16:55:13,565 [Worker-17: Download sources and javadoc] INFO  o.e.m.j.internal.DownloadSourcesJob - Downloaded sources for org.springframework:spring-expression:7.0.8
2026-07-14 16:55:13,781 [Worker-17: Download sources and javadoc] INFO  o.e.m.c.i.e.AbstractTransferListenerAdapter - Downloading https://repo.maven.apache.org/maven2/org/springframework/spring-aop/7.0.8/spring-aop-7.0.8-sources.jar
2026-07-14 16:55:14,007 [Worker-17: Download sources and javadoc] INFO  o.e.m.c.i.e.AbstractTransferListenerAdapter - Downloaded https://repo.maven.apache.org/maven2/org/springframework/spring-aop/7.0.8/spring-aop-7.0.8-sources.jar
2026-07-14 16:55:14,011 [Worker-17: Download sources and javadoc] INFO  o.e.m.j.internal.DownloadSourcesJob - Downloaded sources for org.springframework:spring-aop:7.0.8
2026-07-14 16:55:14,211 [Worker-17: Download sources and javadoc] INFO  o.e.m.c.i.e.AbstractTransferListenerAdapter - Downloading https://repo.maven.apache.org/maven2/org/springframework/spring-beans/7.0.8/spring-beans-7.0.8-sources.jar
2026-07-14 16:55:14,763 [Worker-17: Download sources and javadoc] INFO  o.e.m.c.i.e.AbstractTransferListenerAdapter - Downloaded https://repo.maven.apache.org/maven2/org/springframework/spring-beans/7.0.8/spring-beans-7.0.8-sources.jar
2026-07-14 16:55:14,765 [Worker-17: Download sources and javadoc] INFO  o.e.m.j.internal.DownloadSourcesJob - Downloaded sources for org.springframework:spring-beans:7.0.8
2026-07-14 16:55:14,956 [Worker-17: Download sources and javadoc] INFO  o.e.m.c.i.e.AbstractTransferListenerAdapter - Downloading https://repo.maven.apache.org/maven2/org/springframework/spring-core/7.0.8/spring-core-7.0.8-sources.jar
2026-07-14 16:55:15,829 [Worker-17: Download sources and javadoc] INFO  o.e.m.c.i.e.AbstractTransferListenerAdapter - Downloaded https://repo.maven.apache.org/maven2/org/springframework/spring-core/7.0.8/spring-core-7.0.8-sources.jar
2026-07-14 16:55:15,832 [Worker-17: Download sources and javadoc] INFO  o.e.m.j.internal.DownloadSourcesJob - Downloaded sources for org.springframework:spring-core:7.0.8
2026-07-14 16:55:16,014 [Worker-17: Download sources and javadoc] INFO  o.e.m.c.i.e.AbstractTransferListenerAdapter - Downloading https://repo.maven.apache.org/maven2/org/springframework/boot/spring-boot-starter-webmvc/4.0.7/spring-boot-starter-webmvc-4.0.7-sources.jar
2026-07-14 16:55:16,020 [Worker-17: Download sources and javadoc] INFO  o.e.m.c.i.e.AbstractTransferListenerAdapter - Downloaded https://repo.maven.apache.org/maven2/org/springframework/boot/spring-boot-starter-webmvc/4.0.7/spring-boot-starter-webmvc-4.0.7-sources.jar
2026-07-14 16:55:16,024 [Worker-17: Download sources and javadoc] INFO  o.e.m.j.internal.DownloadSourcesJob - Downloaded sources for org.springframework.boot:spring-boot-starter-webmvc:4.0.7
2026-07-14 16:55:16,265 [Worker-17: Download sources and javadoc] INFO  o.e.m.c.i.e.AbstractTransferListenerAdapter - Downloading https://repo.maven.apache.org/maven2/org/springframework/boot/spring-boot-starter-jackson/4.0.7/spring-boot-starter-jackson-4.0.7-sources.jar
2026-07-14 16:55:16,271 [Worker-17: Download sources and javadoc] INFO  o.e.m.c.i.e.AbstractTransferListenerAdapter - Downloaded https://repo.maven.apache.org/maven2/org/springframework/boot/spring-boot-starter-jackson/4.0.7/spring-boot-starter-jackson-4.0.7-sources.jar
2026-07-14 16:55:16,276 [Worker-17: Download sources and javadoc] INFO  o.e.m.j.internal.DownloadSourcesJob - Downloaded sources for org.springframework.boot:spring-boot-starter-jackson:4.0.7
2026-07-14 16:55:16,493 [Worker-17: Download sources and javadoc] INFO  o.e.m.c.i.e.AbstractTransferListenerAdapter - Downloading https://repo.maven.apache.org/maven2/org/springframework/boot/spring-boot-jackson/4.0.7/spring-boot-jackson-4.0.7-sources.jar
2026-07-14 16:55:16,498 [Worker-17: Download sources and javadoc] INFO  o.e.m.c.i.e.AbstractTransferListenerAdapter - Downloaded https://repo.maven.apache.org/maven2/org/springframework/boot/spring-boot-jackson/4.0.7/spring-boot-jackson-4.0.7-sources.jar
2026-07-14 16:55:16,501 [Worker-17: Download sources and javadoc] INFO  o.e.m.j.internal.DownloadSourcesJob - Downloaded sources for org.springframework.boot:spring-boot-jackson:4.0.7
2026-07-14 16:55:16,653 [Worker-17: Download sources and javadoc] INFO  o.e.m.c.i.e.AbstractTransferListenerAdapter - Downloading https://repo.maven.apache.org/maven2/tools/jackson/core/jackson-databind/3.1.4/jackson-databind-3.1.4-sources.jar
2026-07-14 16:55:17,332 [Worker-17: Download sources and javadoc] INFO  o.e.m.c.i.e.AbstractTransferListenerAdapter - Downloaded https://repo.maven.apache.org/maven2/tools/jackson/core/jackson-databind/3.1.4/jackson-databind-3.1.4-sources.jar
2026-07-14 16:55:17,336 [Worker-17: Download sources and javadoc] INFO  o.e.m.j.internal.DownloadSourcesJob - Downloaded sources for tools.jackson.core:jackson-databind:3.1.4
2026-07-14 16:55:17,561 [Worker-17: Download sources and javadoc] INFO  o.e.m.c.i.e.AbstractTransferListenerAdapter - Downloading https://repo.maven.apache.org/maven2/tools/jackson/core/jackson-core/3.1.4/jackson-core-3.1.4-sources.jar
2026-07-14 16:55:18,181 [Worker-17: Download sources and javadoc] INFO  o.e.m.c.i.e.AbstractTransferListenerAdapter - Downloaded https://repo.maven.apache.org/maven2/tools/jackson/core/jackson-core/3.1.4/jackson-core-3.1.4-sources.jar
2026-07-14 16:55:18,185 [Worker-17: Download sources and javadoc] INFO  o.e.m.j.internal.DownloadSourcesJob - Downloaded sources for tools.jackson.core:jackson-core:3.1.4
2026-07-14 16:55:18,371 [Worker-17: Download sources and javadoc] INFO  o.e.m.c.i.e.AbstractTransferListenerAdapter - Downloading https://repo.maven.apache.org/maven2/org/springframework/boot/spring-boot-starter-tomcat/4.0.7/spring-boot-starter-tomcat-4.0.7-sources.jar
2026-07-14 16:55:18,393 [Worker-17: Download sources and javadoc] INFO  o.e.m.c.i.e.AbstractTransferListenerAdapter - Downloaded https://repo.maven.apache.org/maven2/org/springframework/boot/spring-boot-starter-tomcat/4.0.7/spring-boot-starter-tomcat-4.0.7-sources.jar
2026-07-14 16:55:18,397 [Worker-17: Download sources and javadoc] INFO  o.e.m.j.internal.DownloadSourcesJob - Downloaded sources for org.springframework.boot:spring-boot-starter-tomcat:4.0.7
2026-07-14 16:55:18,594 [Worker-17: Download sources and javadoc] INFO  o.e.m.c.i.e.AbstractTransferListenerAdapter - Downloading https://repo.maven.apache.org/maven2/org/springframework/boot/spring-boot-starter-tomcat-runtime/4.0.7/spring-boot-starter-tomcat-runtime-4.0.7-sources.jar
2026-07-14 16:55:18,601 [Worker-17: Download sources and javadoc] INFO  o.e.m.c.i.e.AbstractTransferListenerAdapter - Downloaded https://repo.maven.apache.org/maven2/org/springframework/boot/spring-boot-starter-tomcat-runtime/4.0.7/spring-boot-starter-tomcat-runtime-4.0.7-sources.jar
2026-07-14 16:55:18,605 [Worker-17: Download sources and javadoc] INFO  o.e.m.j.internal.DownloadSourcesJob - Downloaded sources for org.springframework.boot:spring-boot-starter-tomcat-runtime:4.0.7
2026-07-14 16:55:18,782 [Worker-17: Download sources and javadoc] INFO  o.e.m.c.i.e.AbstractTransferListenerAdapter - Downloading https://repo.maven.apache.org/maven2/org/apache/tomcat/embed/tomcat-embed-core/11.0.22/tomcat-embed-core-11.0.22-sources.jar
2026-07-14 16:55:21,588 [Worker-17: Download sources and javadoc] INFO  o.e.m.c.i.e.AbstractTransferListenerAdapter - Downloaded https://repo.maven.apache.org/maven2/org/apache/tomcat/embed/tomcat-embed-core/11.0.22/tomcat-embed-core-11.0.22-sources.jar
2026-07-14 16:55:21,591 [Worker-17: Download sources and javadoc] INFO  o.e.m.j.internal.DownloadSourcesJob - Downloaded sources for org.apache.tomcat.embed:tomcat-embed-core:11.0.22
2026-07-14 16:55:21,834 [Worker-17: Download sources and javadoc] INFO  o.e.m.c.i.e.AbstractTransferListenerAdapter - Downloading https://repo.maven.apache.org/maven2/org/apache/tomcat/embed/tomcat-embed-el/11.0.22/tomcat-embed-el-11.0.22-sources.jar
2026-07-14 16:55:21,998 [Worker-17: Download sources and javadoc] INFO  o.e.m.c.i.e.AbstractTransferListenerAdapter - Downloaded https://repo.maven.apache.org/maven2/org/apache/tomcat/embed/tomcat-embed-el/11.0.22/tomcat-embed-el-11.0.22-sources.jar
2026-07-14 16:55:22,004 [Worker-17: Download sources and javadoc] INFO  o.e.m.j.internal.DownloadSourcesJob - Downloaded sources for org.apache.tomcat.embed:tomcat-embed-el:11.0.22
2026-07-14 16:55:22,200 [Worker-17: Download sources and javadoc] INFO  o.e.m.c.i.e.AbstractTransferListenerAdapter - Downloading https://repo.maven.apache.org/maven2/org/apache/tomcat/embed/tomcat-embed-websocket/11.0.22/tomcat-embed-websocket-11.0.22-sources.jar
2026-07-14 16:55:22,363 [Worker-17: Download sources and javadoc] INFO  o.e.m.c.i.e.AbstractTransferListenerAdapter - Downloaded https://repo.maven.apache.org/maven2/org/apache/tomcat/embed/tomcat-embed-websocket/11.0.22/tomcat-embed-websocket-11.0.22-sources.jar
2026-07-14 16:55:22,367 [Worker-17: Download sources and javadoc] INFO  o.e.m.j.internal.DownloadSourcesJob - Downloaded sources for org.apache.tomcat.embed:tomcat-embed-websocket:11.0.22
2026-07-14 16:55:22,558 [Worker-17: Download sources and javadoc] INFO  o.e.m.c.i.e.AbstractTransferListenerAdapter - Downloading https://repo.maven.apache.org/maven2/org/springframework/boot/spring-boot-tomcat/4.0.7/spring-boot-tomcat-4.0.7-sources.jar
2026-07-14 16:55:22,590 [Worker-17: Download sources and javadoc] INFO  o.e.m.c.i.e.AbstractTransferListenerAdapter - Downloaded https://repo.maven.apache.org/maven2/org/springframework/boot/spring-boot-tomcat/4.0.7/spring-boot-tomcat-4.0.7-sources.jar
2026-07-14 16:55:22,593 [Worker-17: Download sources and javadoc] INFO  o.e.m.j.internal.DownloadSourcesJob - Downloaded sources for org.springframework.boot:spring-boot-tomcat:4.0.7
2026-07-14 16:55:22,895 [Worker-17: Download sources and javadoc] INFO  o.e.m.c.i.e.AbstractTransferListenerAdapter - Downloading https://repo.maven.apache.org/maven2/org/springframework/boot/spring-boot-http-converter/4.0.7/spring-boot-http-converter-4.0.7-sources.jar
2026-07-14 16:55:22,900 [Worker-17: Download sources and javadoc] INFO  o.e.m.c.i.e.AbstractTransferListenerAdapter - Downloaded https://repo.maven.apache.org/maven2/org/springframework/boot/spring-boot-http-converter/4.0.7/spring-boot-http-converter-4.0.7-sources.jar
2026-07-14 16:55:22,903 [Worker-17: Download sources and javadoc] INFO  o.e.m.j.internal.DownloadSourcesJob - Downloaded sources for org.springframework.boot:spring-boot-http-converter:4.0.7
2026-07-14 16:55:23,087 [Worker-17: Download sources and javadoc] INFO  o.e.m.c.i.e.AbstractTransferListenerAdapter - Downloading https://repo.maven.apache.org/maven2/org/springframework/spring-web/7.0.8/spring-web-7.0.8-sources.jar
2026-07-14 16:55:23,753 [Worker-17: Download sources and javadoc] INFO  o.e.m.c.i.e.AbstractTransferListenerAdapter - Downloaded https://repo.maven.apache.org/maven2/org/springframework/spring-web/7.0.8/spring-web-7.0.8-sources.jar
2026-07-14 16:55:23,757 [Worker-17: Download sources and javadoc] INFO  o.e.m.j.internal.DownloadSourcesJob - Downloaded sources for org.springframework:spring-web:7.0.8
2026-07-14 16:55:24,006 [Worker-17: Download sources and javadoc] INFO  o.e.m.c.i.e.AbstractTransferListenerAdapter - Downloading https://repo.maven.apache.org/maven2/io/micrometer/micrometer-observation/1.16.6/micrometer-observation-1.16.6-sources.jar
2026-07-14 16:55:24,147 [Worker-17: Download sources and javadoc] INFO  o.e.m.c.i.e.AbstractTransferListenerAdapter - Downloaded https://repo.maven.apache.org/maven2/io/micrometer/micrometer-observation/1.16.6/micrometer-observation-1.16.6-sources.jar
2026-07-14 16:55:24,151 [Worker-17: Download sources and javadoc] INFO  o.e.m.j.internal.DownloadSourcesJob - Downloaded sources for io.micrometer:micrometer-observation:1.16.6
2026-07-14 16:55:24,342 [Worker-17: Download sources and javadoc] INFO  o.e.m.c.i.e.AbstractTransferListenerAdapter - Downloading https://repo.maven.apache.org/maven2/io/micrometer/micrometer-commons/1.16.6/micrometer-commons-1.16.6-sources.jar
2026-07-14 16:55:24,404 [Worker-17: Download sources and javadoc] INFO  o.e.m.c.i.e.AbstractTransferListenerAdapter - Downloaded https://repo.maven.apache.org/maven2/io/micrometer/micrometer-commons/1.16.6/micrometer-commons-1.16.6-sources.jar
2026-07-14 16:55:24,410 [Worker-17: Download sources and javadoc] INFO  o.e.m.j.internal.DownloadSourcesJob - Downloaded sources for io.micrometer:micrometer-commons:1.16.6
2026-07-14 16:55:25,151 [Worker-17: Download sources and javadoc] INFO  o.e.m.c.i.e.AbstractTransferListenerAdapter - Downloading https://repo.maven.apache.org/maven2/org/springframework/boot/spring-boot-webmvc/4.0.7/spring-boot-webmvc-4.0.7-sources.jar
2026-07-14 16:55:25,205 [Worker-17: Download sources and javadoc] INFO  o.e.m.c.i.e.AbstractTransferListenerAdapter - Downloaded https://repo.maven.apache.org/maven2/org/springframework/boot/spring-boot-webmvc/4.0.7/spring-boot-webmvc-4.0.7-sources.jar
2026-07-14 16:55:25,209 [Worker-17: Download sources and javadoc] INFO  o.e.m.j.internal.DownloadSourcesJob - Downloaded sources for org.springframework.boot:spring-boot-webmvc:4.0.7
2026-07-14 16:55:25,558 [Worker-17: Download sources and javadoc] INFO  o.e.m.c.i.e.AbstractTransferListenerAdapter - Downloading https://repo.maven.apache.org/maven2/org/springframework/boot/spring-boot-servlet/4.0.7/spring-boot-servlet-4.0.7-sources.jar
2026-07-14 16:55:25,581 [Worker-17: Download sources and javadoc] INFO  o.e.m.c.i.e.AbstractTransferListenerAdapter - Downloaded https://repo.maven.apache.org/maven2/org/springframework/boot/spring-boot-servlet/4.0.7/spring-boot-servlet-4.0.7-sources.jar
2026-07-14 16:55:25,584 [Worker-17: Download sources and javadoc] INFO  o.e.m.j.internal.DownloadSourcesJob - Downloaded sources for org.springframework.boot:spring-boot-servlet:4.0.7
2026-07-14 16:55:25,837 [Worker-17: Download sources and javadoc] INFO  o.e.m.c.i.e.AbstractTransferListenerAdapter - Downloading https://repo.maven.apache.org/maven2/org/springframework/spring-webmvc/7.0.8/spring-webmvc-7.0.8-sources.jar
2026-07-14 16:55:26,296 [Worker-17: Download sources and javadoc] INFO  o.e.m.c.i.e.AbstractTransferListenerAdapter - Downloaded https://repo.maven.apache.org/maven2/org/springframework/spring-webmvc/7.0.8/spring-webmvc-7.0.8-sources.jar
2026-07-14 16:55:26,299 [Worker-17: Download sources and javadoc] INFO  o.e.m.j.internal.DownloadSourcesJob - Downloaded sources for org.springframework:spring-webmvc:7.0.8
2026-07-14 16:55:26,735 [Worker-17: Download sources and javadoc] INFO  o.e.m.c.i.e.AbstractTransferListenerAdapter - Downloading https://repo.maven.apache.org/maven2/org/springframework/boot/spring-boot-starter-data-jpa-test/4.0.7/spring-boot-starter-data-jpa-test-4.0.7-sources.jar
2026-07-14 16:55:26,742 [Worker-17: Download sources and javadoc] INFO  o.e.m.c.i.e.AbstractTransferListenerAdapter - Downloaded https://repo.maven.apache.org/maven2/org/springframework/boot/spring-boot-starter-data-jpa-test/4.0.7/spring-boot-starter-data-jpa-test-4.0.7-sources.jar
2026-07-14 16:55:26,746 [Worker-17: Download sources and javadoc] INFO  o.e.m.j.internal.DownloadSourcesJob - Downloaded sources for org.springframework.boot:spring-boot-starter-data-jpa-test:4.0.7
2026-07-14 16:55:26,930 [Worker-17: Download sources and javadoc] INFO  o.e.m.c.i.e.AbstractTransferListenerAdapter - Downloading https://repo.maven.apache.org/maven2/org/springframework/boot/spring-boot-starter-test/4.0.7/spring-boot-starter-test-4.0.7-sources.jar
2026-07-14 16:55:26,935 [Worker-17: Download sources and javadoc] INFO  o.e.m.c.i.e.AbstractTransferListenerAdapter - Downloaded https://repo.maven.apache.org/maven2/org/springframework/boot/spring-boot-starter-test/4.0.7/spring-boot-starter-test-4.0.7-sources.jar
2026-07-14 16:55:26,940 [Worker-17: Download sources and javadoc] INFO  o.e.m.j.internal.DownloadSourcesJob - Downloaded sources for org.springframework.boot:spring-boot-starter-test:4.0.7
2026-07-14 16:55:27,144 [Worker-17: Download sources and javadoc] INFO  o.e.m.c.i.e.AbstractTransferListenerAdapter - Downloading https://repo.maven.apache.org/maven2/org/springframework/boot/spring-boot-test/4.0.7/spring-boot-test-4.0.7-sources.jar
2026-07-14 16:55:27,227 [Worker-17: Download sources and javadoc] INFO  o.e.m.c.i.e.AbstractTransferListenerAdapter - Downloaded https://repo.maven.apache.org/maven2/org/springframework/boot/spring-boot-test/4.0.7/spring-boot-test-4.0.7-sources.jar
2026-07-14 16:55:27,232 [Worker-17: Download sources and javadoc] INFO  o.e.m.j.internal.DownloadSourcesJob - Downloaded sources for org.springframework.boot:spring-boot-test:4.0.7
2026-07-14 16:55:27,411 [Worker-17: Download sources and javadoc] INFO  o.e.m.c.i.e.AbstractTransferListenerAdapter - Downloading https://repo.maven.apache.org/maven2/org/springframework/boot/spring-boot-test-autoconfigure/4.0.7/spring-boot-test-autoconfigure-4.0.7-sources.jar
2026-07-14 16:55:27,417 [Worker-17: Download sources and javadoc] INFO  o.e.m.c.i.e.AbstractTransferListenerAdapter - Downloaded https://repo.maven.apache.org/maven2/org/springframework/boot/spring-boot-test-autoconfigure/4.0.7/spring-boot-test-autoconfigure-4.0.7-sources.jar
2026-07-14 16:55:27,421 [Worker-17: Download sources and javadoc] INFO  o.e.m.j.internal.DownloadSourcesJob - Downloaded sources for org.springframework.boot:spring-boot-test-autoconfigure:4.0.7
2026-07-14 16:55:27,637 [Worker-17: Download sources and javadoc] INFO  o.e.m.c.i.e.AbstractTransferListenerAdapter - Downloading https://repo.maven.apache.org/maven2/jakarta/xml/bind/jakarta.xml.bind-api/4.0.5/jakarta.xml.bind-api-4.0.5-sources.jar
2026-07-14 16:55:27,830 [Worker-17: Download sources and javadoc] INFO  o.e.m.c.i.e.AbstractTransferListenerAdapter - Downloaded https://repo.maven.apache.org/maven2/jakarta/xml/bind/jakarta.xml.bind-api/4.0.5/jakarta.xml.bind-api-4.0.5-sources.jar
2026-07-14 16:55:27,834 [Worker-17: Download sources and javadoc] INFO  o.e.m.j.internal.DownloadSourcesJob - Downloaded sources for jakarta.xml.bind:jakarta.xml.bind-api:4.0.5
2026-07-14 16:55:28,015 [Worker-17: Download sources and javadoc] INFO  o.e.m.c.i.e.AbstractTransferListenerAdapter - Downloading https://repo.maven.apache.org/maven2/org/springframework/spring-test/7.0.8/spring-test-7.0.8-sources.jar
2026-07-14 16:55:28,492 [Worker-17: Download sources and javadoc] INFO  o.e.m.c.i.e.AbstractTransferListenerAdapter - Downloaded https://repo.maven.apache.org/maven2/org/springframework/spring-test/7.0.8/spring-test-7.0.8-sources.jar
2026-07-14 16:55:28,497 [Worker-17: Download sources and javadoc] INFO  o.e.m.j.internal.DownloadSourcesJob - Downloaded sources for org.springframework:spring-test:7.0.8
2026-07-14 16:55:28,794 [Worker-17: Download sources and javadoc] INFO  o.e.m.c.i.e.AbstractTransferListenerAdapter - Downloading https://repo.maven.apache.org/maven2/org/springframework/boot/spring-boot-starter-jdbc-test/4.0.7/spring-boot-starter-jdbc-test-4.0.7-sources.jar
2026-07-14 16:55:28,818 [Worker-17: Download sources and javadoc] INFO  o.e.m.c.i.e.AbstractTransferListenerAdapter - Downloaded https://repo.maven.apache.org/maven2/org/springframework/boot/spring-boot-starter-jdbc-test/4.0.7/spring-boot-starter-jdbc-test-4.0.7-sources.jar
2026-07-14 16:55:28,823 [Worker-17: Download sources and javadoc] INFO  o.e.m.j.internal.DownloadSourcesJob - Downloaded sources for org.springframework.boot:spring-boot-starter-jdbc-test:4.0.7
2026-07-14 16:55:29,345 [Worker-17: Download sources and javadoc] INFO  o.e.m.c.i.e.AbstractTransferListenerAdapter - Downloading https://repo.maven.apache.org/maven2/org/springframework/boot/spring-boot-jdbc-test/4.0.7/spring-boot-jdbc-test-4.0.7-sources.jar
2026-07-14 16:55:29,350 [Worker-17: Download sources and javadoc] INFO  o.e.m.c.i.e.AbstractTransferListenerAdapter - Downloaded https://repo.maven.apache.org/maven2/org/springframework/boot/spring-boot-jdbc-test/4.0.7/spring-boot-jdbc-test-4.0.7-sources.jar
2026-07-14 16:55:29,354 [Worker-17: Download sources and javadoc] INFO  o.e.m.j.internal.DownloadSourcesJob - Downloaded sources for org.springframework.boot:spring-boot-jdbc-test:4.0.7
2026-07-14 16:55:29,858 [Worker-17: Download sources and javadoc] INFO  o.e.m.c.i.e.AbstractTransferListenerAdapter - Downloading https://repo.maven.apache.org/maven2/org/springframework/boot/spring-boot-data-jpa-test/4.0.7/spring-boot-data-jpa-test-4.0.7-sources.jar
2026-07-14 16:55:29,878 [Worker-17: Download sources and javadoc] INFO  o.e.m.c.i.e.AbstractTransferListenerAdapter - Downloaded https://repo.maven.apache.org/maven2/org/springframework/boot/spring-boot-data-jpa-test/4.0.7/spring-boot-data-jpa-test-4.0.7-sources.jar
2026-07-14 16:55:29,883 [Worker-17: Download sources and javadoc] INFO  o.e.m.j.internal.DownloadSourcesJob - Downloaded sources for org.springframework.boot:spring-boot-data-jpa-test:4.0.7
2026-07-14 16:55:30,283 [Worker-17: Download sources and javadoc] INFO  o.e.m.c.i.e.AbstractTransferListenerAdapter - Downloading https://repo.maven.apache.org/maven2/org/springframework/boot/spring-boot-jpa-test/4.0.7/spring-boot-jpa-test-4.0.7-sources.jar
2026-07-14 16:55:30,290 [Worker-17: Download sources and javadoc] INFO  o.e.m.c.i.e.AbstractTransferListenerAdapter - Downloaded https://repo.maven.apache.org/maven2/org/springframework/boot/spring-boot-jpa-test/4.0.7/spring-boot-jpa-test-4.0.7-sources.jar
2026-07-14 16:55:30,294 [Worker-17: Download sources and javadoc] INFO  o.e.m.j.internal.DownloadSourcesJob - Downloaded sources for org.springframework.boot:spring-boot-jpa-test:4.0.7
2026-07-14 16:55:30,483 [Worker-17: Download sources and javadoc] INFO  o.e.m.c.i.e.AbstractTransferListenerAdapter - Downloading https://repo.maven.apache.org/maven2/org/springframework/boot/spring-boot-starter-security-test/4.0.7/spring-boot-starter-security-test-4.0.7-sources.jar
2026-07-14 16:55:30,490 [Worker-17: Download sources and javadoc] INFO  o.e.m.c.i.e.AbstractTransferListenerAdapter - Downloaded https://repo.maven.apache.org/maven2/org/springframework/boot/spring-boot-starter-security-test/4.0.7/spring-boot-starter-security-test-4.0.7-sources.jar
2026-07-14 16:55:30,494 [Worker-17: Download sources and javadoc] INFO  o.e.m.j.internal.DownloadSourcesJob - Downloaded sources for org.springframework.boot:spring-boot-starter-security-test:4.0.7
2026-07-14 16:55:30,694 [Worker-17: Download sources and javadoc] INFO  o.e.m.c.i.e.AbstractTransferListenerAdapter - Downloading https://repo.maven.apache.org/maven2/org/springframework/boot/spring-boot-security-test/4.0.7/spring-boot-security-test-4.0.7-sources.jar
2026-07-14 16:55:30,702 [Worker-17: Download sources and javadoc] INFO  o.e.m.c.i.e.AbstractTransferListenerAdapter - Downloaded https://repo.maven.apache.org/maven2/org/springframework/boot/spring-boot-security-test/4.0.7/spring-boot-security-test-4.0.7-sources.jar
2026-07-14 16:55:30,706 [Worker-17: Download sources and javadoc] INFO  o.e.m.j.internal.DownloadSourcesJob - Downloaded sources for org.springframework.boot:spring-boot-security-test:4.0.7
2026-07-14 16:55:30,887 [Worker-17: Download sources and javadoc] INFO  o.e.m.c.i.e.AbstractTransferListenerAdapter - Downloading https://repo.maven.apache.org/maven2/org/springframework/security/spring-security-test/7.0.6/spring-security-test-7.0.6-sources.jar
2026-07-14 16:55:30,948 [Worker-17: Download sources and javadoc] INFO  o.e.m.c.i.e.AbstractTransferListenerAdapter - Downloaded https://repo.maven.apache.org/maven2/org/springframework/security/spring-security-test/7.0.6/spring-security-test-7.0.6-sources.jar
2026-07-14 16:55:30,951 [Worker-17: Download sources and javadoc] INFO  o.e.m.j.internal.DownloadSourcesJob - Downloaded sources for org.springframework.security:spring-security-test:7.0.6
2026-07-14 16:55:31,151 [Worker-17: Download sources and javadoc] INFO  o.e.m.c.i.e.AbstractTransferListenerAdapter - Downloading https://repo.maven.apache.org/maven2/org/springframework/boot/spring-boot-starter-webmvc-test/4.0.7/spring-boot-starter-webmvc-test-4.0.7-sources.jar
2026-07-14 16:55:31,159 [Worker-17: Download sources and javadoc] INFO  o.e.m.c.i.e.AbstractTransferListenerAdapter - Downloaded https://repo.maven.apache.org/maven2/org/springframework/boot/spring-boot-starter-webmvc-test/4.0.7/spring-boot-starter-webmvc-test-4.0.7-sources.jar
2026-07-14 16:55:31,163 [Worker-17: Download sources and javadoc] INFO  o.e.m.j.internal.DownloadSourcesJob - Downloaded sources for org.springframework.boot:spring-boot-starter-webmvc-test:4.0.7
2026-07-14 16:55:31,354 [Worker-17: Download sources and javadoc] INFO  o.e.m.c.i.e.AbstractTransferListenerAdapter - Downloading https://repo.maven.apache.org/maven2/org/springframework/boot/spring-boot-starter-jackson-test/4.0.7/spring-boot-starter-jackson-test-4.0.7-sources.jar
2026-07-14 16:55:31,361 [Worker-17: Download sources and javadoc] INFO  o.e.m.c.i.e.AbstractTransferListenerAdapter - Downloaded https://repo.maven.apache.org/maven2/org/springframework/boot/spring-boot-starter-jackson-test/4.0.7/spring-boot-starter-jackson-test-4.0.7-sources.jar
2026-07-14 16:55:31,365 [Worker-17: Download sources and javadoc] INFO  o.e.m.j.internal.DownloadSourcesJob - Downloaded sources for org.springframework.boot:spring-boot-starter-jackson-test:4.0.7
2026-07-14 16:55:31,530 [Worker-17: Download sources and javadoc] INFO  o.e.m.c.i.e.AbstractTransferListenerAdapter - Downloading https://repo.maven.apache.org/maven2/org/springframework/boot/spring-boot-webmvc-test/4.0.7/spring-boot-webmvc-test-4.0.7-sources.jar
2026-07-14 16:55:31,550 [Worker-17: Download sources and javadoc] INFO  o.e.m.c.i.e.AbstractTransferListenerAdapter - Downloaded https://repo.maven.apache.org/maven2/org/springframework/boot/spring-boot-webmvc-test/4.0.7/spring-boot-webmvc-test-4.0.7-sources.jar
2026-07-14 16:55:31,555 [Worker-17: Download sources and javadoc] INFO  o.e.m.j.internal.DownloadSourcesJob - Downloaded sources for org.springframework.boot:spring-boot-webmvc-test:4.0.7
2026-07-14 16:55:31,759 [Worker-17: Download sources and javadoc] INFO  o.e.m.c.i.e.AbstractTransferListenerAdapter - Downloading https://repo.maven.apache.org/maven2/org/springframework/boot/spring-boot-web-server/4.0.7/spring-boot-web-server-4.0.7-sources.jar
2026-07-14 16:55:32,403 [Worker-17: Download sources and javadoc] INFO  o.e.m.c.i.e.AbstractTransferListenerAdapter - Downloaded https://repo.maven.apache.org/maven2/org/springframework/boot/spring-boot-web-server/4.0.7/spring-boot-web-server-4.0.7-sources.jar
2026-07-14 16:55:32,408 [Worker-17: Download sources and javadoc] INFO  o.e.m.j.internal.DownloadSourcesJob - Downloaded sources for org.springframework.boot:spring-boot-web-server:4.0.7
2026-07-14 16:55:32,607 [Worker-17: Download sources and javadoc] INFO  o.e.m.c.i.e.AbstractTransferListenerAdapter - Downloading https://repo.maven.apache.org/maven2/org/springframework/boot/spring-boot-resttestclient/4.0.7/spring-boot-resttestclient-4.0.7-sources.jar
2026-07-14 16:55:32,612 [Worker-17: Download sources and javadoc] INFO  o.e.m.c.i.e.AbstractTransferListenerAdapter - Downloaded https://repo.maven.apache.org/maven2/org/springframework/boot/spring-boot-resttestclient/4.0.7/spring-boot-resttestclient-4.0.7-sources.jar
2026-07-14 16:55:32,615 [Worker-17: Download sources and javadoc] INFO  o.e.m.j.internal.DownloadSourcesJob - Downloaded sources for org.springframework.boot:spring-boot-resttestclient:4.0.7
2026-07-14 16:56:24,861 [Worker-20: Building] INFO  o.a.m.s.f.DefaultMavenResourcesFiltering - Copying 1 resource from src\main\resources to target\classes
2026-07-14 16:56:24,878 [Worker-20: Building] INFO  o.a.m.s.f.DefaultMavenResourcesFiltering - Copying 0 resource from src\main\resources to target\classes
2026-07-14 16:56:24,882 [Worker-20: Building] INFO  o.a.m.s.f.DefaultMavenResourcesFiltering - skip non existing resourceDirectory C:\Users\PMLS\Desktop\RealProjects\WhatsAppOrderManagement\src\test\resources
2026-07-14 16:56:24,884 [Worker-20: Building] WARN  o.apache.maven.project.MavenProject - Direct modification of compileSourceRoots through clear() is deprecated and will not work in Maven 4.0.0. Please use the add/remove methods instead. If you're using a plugin that causes this warning, please upgrade to the latest version and report an issue if the warning persists. To disable these warnings, set -Dmaven.project.sourceRoots.warningsDisabled=true on the command line, in the .mvn/maven.config file, or in project POM properties.
2026-07-14 16:56:24,885 [Worker-20: Building] WARN  o.apache.maven.project.MavenProject - Direct modification of compileSourceRoots through add() is deprecated and will not work in Maven 4.0.0. Please use the add/remove methods instead. If you're using a plugin that causes this warning, please upgrade to the latest version and report an issue if the warning persists. To disable these warnings, set -Dmaven.project.sourceRoots.warningsDisabled=true on the command line, in the .mvn/maven.config file, or in project POM properties.
2026-07-14 16:56:24,885 [Worker-20: Building] WARN  o.apache.maven.project.MavenProject - Direct modification of testCompileSourceRoots through clear() is deprecated and will not work in Maven 4.0.0. Please use the add/remove methods instead. If you're using a plugin that causes this warning, please upgrade to the latest version and report an issue if the warning persists. To disable these warnings, set -Dmaven.project.sourceRoots.warningsDisabled=true on the command line, in the .mvn/maven.config file, or in project POM properties.
2026-07-14 16:56:24,886 [Worker-20: Building] WARN  o.apache.maven.project.MavenProject - Direct modification of testCompileSourceRoots through add() is deprecated and will not work in Maven 4.0.0. Please use the add/remove methods instead. If you're using a plugin that causes this warning, please upgrade to the latest version and report an issue if the warning persists. To disable these warnings, set -Dmaven.project.sourceRoots.warningsDisabled=true on the command line, in the .mvn/maven.config file, or in project POM properties.
2026-07-14 16:57:25,375 [Worker-19: Building] INFO  o.a.m.s.f.DefaultMavenResourcesFiltering - Copying 1 resource from src\main\resources to target\classes
2026-07-14 16:57:25,388 [Worker-19: Building] INFO  o.a.m.s.f.DefaultMavenResourcesFiltering - Copying 0 resource from src\main\resources to target\classes
2026-07-14 16:57:25,393 [Worker-19: Building] INFO  o.a.m.s.f.DefaultMavenResourcesFiltering - skip non existing resourceDirectory C:\Users\PMLS\Desktop\RealProjects\WhatsAppOrderManagement\src\test\resources
2026-07-14 16:57:25,394 [Worker-19: Building] WARN  o.apache.maven.project.MavenProject - Direct modification of compileSourceRoots through clear() is deprecated and will not work in Maven 4.0.0. Please use the add/remove methods instead. If you're using a plugin that causes this warning, please upgrade to the latest version and report an issue if the warning persists. To disable these warnings, set -Dmaven.project.sourceRoots.warningsDisabled=true on the command line, in the .mvn/maven.config file, or in project POM properties.
2026-07-14 16:57:25,395 [Worker-19: Building] WARN  o.apache.maven.project.MavenProject - Direct modification of compileSourceRoots through add() is deprecated and will not work in Maven 4.0.0. Please use the add/remove methods instead. If you're using a plugin that causes this warning, please upgrade to the latest version and report an issue if the warning persists. To disable these warnings, set -Dmaven.project.sourceRoots.warningsDisabled=true on the command line, in the .mvn/maven.config file, or in project POM properties.
2026-07-14 16:57:25,396 [Worker-19: Building] WARN  o.apache.maven.project.MavenProject - Direct modification of testCompileSourceRoots through clear() is deprecated and will not work in Maven 4.0.0. Please use the add/remove methods instead. If you're using a plugin that causes this warning, please upgrade to the latest version and report an issue if the warning persists. To disable these warnings, set -Dmaven.project.sourceRoots.warningsDisabled=true on the command line, in the .mvn/maven.config file, or in project POM properties.
2026-07-14 16:57:25,397 [Worker-19: Building] WARN  o.apache.maven.project.MavenProject - Direct modification of testCompileSourceRoots through add() is deprecated and will not work in Maven 4.0.0. Please use the add/remove methods instead. If you're using a plugin that causes this warning, please upgrade to the latest version and report an issue if the warning persists. To disable these warnings, set -Dmaven.project.sourceRoots.warningsDisabled=true on the command line, in the .mvn/maven.config file, or in project POM properties.
2026-07-14 16:58:20,471 [Worker-14: Building] INFO  o.a.m.s.f.DefaultMavenResourcesFiltering - Copying 1 resource from src\main\resources to target\classes
2026-07-14 16:58:20,479 [Worker-14: Building] INFO  o.a.m.s.f.DefaultMavenResourcesFiltering - Copying 0 resource from src\main\resources to target\classes
2026-07-14 16:58:20,485 [Worker-14: Building] INFO  o.a.m.s.f.DefaultMavenResourcesFiltering - skip non existing resourceDirectory C:\Users\PMLS\Desktop\RealProjects\WhatsAppOrderManagement\src\test\resources
2026-07-14 16:58:20,485 [Worker-14: Building] WARN  o.apache.maven.project.MavenProject - Direct modification of compileSourceRoots through clear() is deprecated and will not work in Maven 4.0.0. Please use the add/remove methods instead. If you're using a plugin that causes this warning, please upgrade to the latest version and report an issue if the warning persists. To disable these warnings, set -Dmaven.project.sourceRoots.warningsDisabled=true on the command line, in the .mvn/maven.config file, or in project POM properties.
2026-07-14 16:58:20,486 [Worker-14: Building] WARN  o.apache.maven.project.MavenProject - Direct modification of compileSourceRoots through add() is deprecated and will not work in Maven 4.0.0. Please use the add/remove methods instead. If you're using a plugin that causes this warning, please upgrade to the latest version and report an issue if the warning persists. To disable these warnings, set -Dmaven.project.sourceRoots.warningsDisabled=true on the command line, in the .mvn/maven.config file, or in project POM properties.
2026-07-14 16:58:20,486 [Worker-14: Building] WARN  o.apache.maven.project.MavenProject - Direct modification of testCompileSourceRoots through clear() is deprecated and will not work in Maven 4.0.0. Please use the add/remove methods instead. If you're using a plugin that causes this warning, please upgrade to the latest version and report an issue if the warning persists. To disable these warnings, set -Dmaven.project.sourceRoots.warningsDisabled=true on the command line, in the .mvn/maven.config file, or in project POM properties.
2026-07-14 16:58:20,487 [Worker-14: Building] WARN  o.apache.maven.project.MavenProject - Direct modification of testCompileSourceRoots through add() is deprecated and will not work in Maven 4.0.0. Please use the add/remove methods instead. If you're using a plugin that causes this warning, please upgrade to the latest version and report an issue if the warning persists. To disable these warnings, set -Dmaven.project.sourceRoots.warningsDisabled=true on the command line, in the .mvn/maven.config file, or in project POM properties.
2026-07-14 16:59:08,754 [Worker-18: Building Workspace] INFO  o.a.m.s.f.DefaultMavenResourcesFiltering - Copying 1 resource from src\main\resources to target\classes
2026-07-14 16:59:08,763 [Worker-18: Building Workspace] INFO  o.a.m.s.f.DefaultMavenResourcesFiltering - Copying 0 resource from src\main\resources to target\classes
2026-07-14 16:59:08,769 [Worker-18: Building Workspace] INFO  o.a.m.s.f.DefaultMavenResourcesFiltering - skip non existing resourceDirectory C:\Users\PMLS\Desktop\RealProjects\WhatsAppOrderManagement\src\test\resources
2026-07-14 16:59:08,769 [Worker-18: Building Workspace] WARN  o.apache.maven.project.MavenProject - Direct modification of compileSourceRoots through clear() is deprecated and will not work in Maven 4.0.0. Please use the add/remove methods instead. If you're using a plugin that causes this warning, please upgrade to the latest version and report an issue if the warning persists. To disable these warnings, set -Dmaven.project.sourceRoots.warningsDisabled=true on the command line, in the .mvn/maven.config file, or in project POM properties.
2026-07-14 16:59:08,770 [Worker-18: Building Workspace] WARN  o.apache.maven.project.MavenProject - Direct modification of compileSourceRoots through add() is deprecated and will not work in Maven 4.0.0. Please use the add/remove methods instead. If you're using a plugin that causes this warning, please upgrade to the latest version and report an issue if the warning persists. To disable these warnings, set -Dmaven.project.sourceRoots.warningsDisabled=true on the command line, in the .mvn/maven.config file, or in project POM properties.
2026-07-14 16:59:08,771 [Worker-18: Building Workspace] WARN  o.apache.maven.project.MavenProject - Direct modification of testCompileSourceRoots through clear() is deprecated and will not work in Maven 4.0.0. Please use the add/remove methods instead. If you're using a plugin that causes this warning, please upgrade to the latest version and report an issue if the warning persists. To disable these warnings, set -Dmaven.project.sourceRoots.warningsDisabled=true on the command line, in the .mvn/maven.config file, or in project POM properties.
2026-07-14 16:59:08,771 [Worker-18: Building Workspace] WARN  o.apache.maven.project.MavenProject - Direct modification of testCompileSourceRoots through add() is deprecated and will not work in Maven 4.0.0. Please use the add/remove methods instead. If you're using a plugin that causes this warning, please upgrade to the latest version and report an issue if the warning persists. To disable these warnings, set -Dmaven.project.sourceRoots.warningsDisabled=true on the command line, in the .mvn/maven.config file, or in project POM properties.
2026-07-14 17:00:06,967 [Worker-17: Import Getting Started Content] INFO  o.e.m.c.i.l.LifecycleMappingFactory - Using org.eclipse.m2e.jdt.JarLifecycleMapping lifecycle mapping for MavenProject: in.cs:WhatsAppOrderManagementSystem:1.0 @ C:\Users\PMLS\Desktop\RealProjects\WhatsAppOrderManagementSystem\pom.xml.
2026-07-14 17:00:07,818 [Worker-17: Import Getting Started Content] INFO  o.e.m.j.i.AbstractJavaProjectConfigurator - Adding source folder /WhatsAppOrderManagementSystem/src/main/java
2026-07-14 17:00:07,818 [Worker-17: Import Getting Started Content] INFO  o.e.m.j.i.AbstractJavaProjectConfigurator - Adding resource folder /WhatsAppOrderManagementSystem/src/main/resources
2026-07-14 17:00:07,821 [Worker-17: Import Getting Started Content] INFO  o.e.m.j.i.AbstractJavaProjectConfigurator - Adding resource folder /WhatsAppOrderManagementSystem/src/main/resources
2026-07-14 17:00:07,824 [Worker-17: Import Getting Started Content] INFO  o.e.m.j.i.AbstractJavaProjectConfigurator - Adding source folder /WhatsAppOrderManagementSystem/src/test/java
2026-07-14 17:00:07,825 [Worker-17: Import Getting Started Content] INFO  o.e.m.j.i.AbstractJavaProjectConfigurator - Adding resource folder /WhatsAppOrderManagementSystem/src/test/resources
2026-07-14 17:00:08,178 [Worker-17: Import Getting Started Content] WARN  o.apache.maven.project.MavenProject - Direct modification of compileSourceRoots through clear() is deprecated and will not work in Maven 4.0.0. Please use the add/remove methods instead. If you're using a plugin that causes this warning, please upgrade to the latest version and report an issue if the warning persists. To disable these warnings, set -Dmaven.project.sourceRoots.warningsDisabled=true on the command line, in the .mvn/maven.config file, or in project POM properties.
2026-07-14 17:00:08,179 [Worker-17: Import Getting Started Content] WARN  o.apache.maven.project.MavenProject - Direct modification of compileSourceRoots through add() is deprecated and will not work in Maven 4.0.0. Please use the add/remove methods instead. If you're using a plugin that causes this warning, please upgrade to the latest version and report an issue if the warning persists. To disable these warnings, set -Dmaven.project.sourceRoots.warningsDisabled=true on the command line, in the .mvn/maven.config file, or in project POM properties.
2026-07-14 17:00:08,179 [Worker-17: Import Getting Started Content] WARN  o.apache.maven.project.MavenProject - Direct modification of testCompileSourceRoots through clear() is deprecated and will not work in Maven 4.0.0. Please use the add/remove methods instead. If you're using a plugin that causes this warning, please upgrade to the latest version and report an issue if the warning persists. To disable these warnings, set -Dmaven.project.sourceRoots.warningsDisabled=true on the command line, in the .mvn/maven.config file, or in project POM properties.
2026-07-14 17:00:08,179 [Worker-17: Import Getting Started Content] WARN  o.apache.maven.project.MavenProject - Direct modification of testCompileSourceRoots through add() is deprecated and will not work in Maven 4.0.0. Please use the add/remove methods instead. If you're using a plugin that causes this warning, please upgrade to the latest version and report an issue if the warning persists. To disable these warnings, set -Dmaven.project.sourceRoots.warningsDisabled=true on the command line, in the .mvn/maven.config file, or in project POM properties.
2026-07-14 17:00:08,184 [Worker-17: Import Getting Started Content] INFO  o.e.m.c.i.p.ProjectConfigurationManager - Imported and configured 1 project(s) in 1 sec
2026-07-14 17:00:08,185 [Worker-17: Import Getting Started Content] INFO  o.e.m.c.i.p.ProjectConfigurationManager - Update started
2026-07-14 17:00:08,474 [Worker-17: Import Getting Started Content] INFO  o.e.m.c.i.l.LifecycleMappingFactory - Using org.eclipse.m2e.jdt.JarLifecycleMapping lifecycle mapping for MavenProject: in.cs:WhatsAppOrderManagementSystem:1.0 @ C:\Users\PMLS\Desktop\RealProjects\WhatsAppOrderManagementSystem\pom.xml.
2026-07-14 17:00:09,073 [Worker-17: Import Getting Started Content] INFO  o.e.m.j.i.AbstractJavaProjectConfigurator - Adding source folder /WhatsAppOrderManagementSystem/src/main/java
2026-07-14 17:00:09,074 [Worker-17: Import Getting Started Content] INFO  o.e.m.j.i.AbstractJavaProjectConfigurator - Adding resource folder /WhatsAppOrderManagementSystem/src/main/resources
2026-07-14 17:00:09,075 [Worker-17: Import Getting Started Content] INFO  o.e.m.j.i.AbstractJavaProjectConfigurator - Adding resource folder /WhatsAppOrderManagementSystem/src/main/resources
2026-07-14 17:00:09,077 [Worker-17: Import Getting Started Content] INFO  o.e.m.j.i.AbstractJavaProjectConfigurator - Adding source folder /WhatsAppOrderManagementSystem/src/test/java
2026-07-14 17:00:09,077 [Worker-17: Import Getting Started Content] INFO  o.e.m.j.i.AbstractJavaProjectConfigurator - Adding resource folder /WhatsAppOrderManagementSystem/src/test/resources
2026-07-14 17:00:09,274 [Worker-17: Import Getting Started Content] WARN  o.apache.maven.project.MavenProject - Direct modification of compileSourceRoots through clear() is deprecated and will not work in Maven 4.0.0. Please use the add/remove methods instead. If you're using a plugin that causes this warning, please upgrade to the latest version and report an issue if the warning persists. To disable these warnings, set -Dmaven.project.sourceRoots.warningsDisabled=true on the command line, in the .mvn/maven.config file, or in project POM properties.
2026-07-14 17:00:09,275 [Worker-17: Import Getting Started Content] WARN  o.apache.maven.project.MavenProject - Direct modification of compileSourceRoots through add() is deprecated and will not work in Maven 4.0.0. Please use the add/remove methods instead. If you're using a plugin that causes this warning, please upgrade to the latest version and report an issue if the warning persists. To disable these warnings, set -Dmaven.project.sourceRoots.warningsDisabled=true on the command line, in the .mvn/maven.config file, or in project POM properties.
2026-07-14 17:00:09,275 [Worker-17: Import Getting Started Content] WARN  o.apache.maven.project.MavenProject - Direct modification of testCompileSourceRoots through clear() is deprecated and will not work in Maven 4.0.0. Please use the add/remove methods instead. If you're using a plugin that causes this warning, please upgrade to the latest version and report an issue if the warning persists. To disable these warnings, set -Dmaven.project.sourceRoots.warningsDisabled=true on the command line, in the .mvn/maven.config file, or in project POM properties.
2026-07-14 17:00:09,276 [Worker-17: Import Getting Started Content] WARN  o.apache.maven.project.MavenProject - Direct modification of testCompileSourceRoots through add() is deprecated and will not work in Maven 4.0.0. Please use the add/remove methods instead. If you're using a plugin that causes this warning, please upgrade to the latest version and report an issue if the warning persists. To disable these warnings, set -Dmaven.project.sourceRoots.warningsDisabled=true on the command line, in the .mvn/maven.config file, or in project POM properties.
2026-07-14 17:00:09,358 [Worker-17: Import Getting Started Content] INFO  o.e.m.c.i.p.ProjectConfigurationManager - Update completed for 1 poms: local refresh takes 0.00 sec, refresh facades takes 0.00 sec, update config takes 0.00 sec 
2026-07-14 17:00:09,768 [Worker-15: Building] INFO  o.a.m.s.f.DefaultMavenResourcesFiltering - Copying 1 resource from src\main\resources to target\classes
2026-07-14 17:00:09,785 [Worker-15: Building] INFO  o.a.m.s.f.DefaultMavenResourcesFiltering - Copying 0 resource from src\main\resources to target\classes
2026-07-14 17:00:09,791 [Worker-15: Building] INFO  o.a.m.s.f.DefaultMavenResourcesFiltering - skip non existing resourceDirectory C:\Users\PMLS\Desktop\RealProjects\WhatsAppOrderManagementSystem\src\test\resources
2026-07-14 17:00:09,814 [Worker-15: Building] WARN  o.apache.maven.project.MavenProject - Direct modification of compileSourceRoots through clear() is deprecated and will not work in Maven 4.0.0. Please use the add/remove methods instead. If you're using a plugin that causes this warning, please upgrade to the latest version and report an issue if the warning persists. To disable these warnings, set -Dmaven.project.sourceRoots.warningsDisabled=true on the command line, in the .mvn/maven.config file, or in project POM properties.
2026-07-14 17:00:09,814 [Worker-15: Building] WARN  o.apache.maven.project.MavenProject - Direct modification of compileSourceRoots through add() is deprecated and will not work in Maven 4.0.0. Please use the add/remove methods instead. If you're using a plugin that causes this warning, please upgrade to the latest version and report an issue if the warning persists. To disable these warnings, set -Dmaven.project.sourceRoots.warningsDisabled=true on the command line, in the .mvn/maven.config file, or in project POM properties.
2026-07-14 17:00:09,815 [Worker-15: Building] WARN  o.apache.maven.project.MavenProject - Direct modification of testCompileSourceRoots through clear() is deprecated and will not work in Maven 4.0.0. Please use the add/remove methods instead. If you're using a plugin that causes this warning, please upgrade to the latest version and report an issue if the warning persists. To disable these warnings, set -Dmaven.project.sourceRoots.warningsDisabled=true on the command line, in the .mvn/maven.config file, or in project POM properties.
2026-07-14 17:00:09,815 [Worker-15: Building] WARN  o.apache.maven.project.MavenProject - Direct modification of testCompileSourceRoots through add() is deprecated and will not work in Maven 4.0.0. Please use the add/remove methods instead. If you're using a plugin that causes this warning, please upgrade to the latest version and report an issue if the warning persists. To disable these warnings, set -Dmaven.project.sourceRoots.warningsDisabled=true on the command line, in the .mvn/maven.config file, or in project POM properties.
2026-07-14 18:09:10,048 [Worker-28: Building] INFO  o.a.m.s.f.DefaultMavenResourcesFiltering - Copying 1 resource from src\main\resources to target\classes
2026-07-14 18:09:10,119 [Worker-28: Building] INFO  o.a.m.s.f.DefaultMavenResourcesFiltering - Copying 0 resource from src\main\resources to target\classes
2026-07-14 18:09:10,124 [Worker-28: Building] INFO  o.a.m.s.f.DefaultMavenResourcesFiltering - skip non existing resourceDirectory C:\Users\PMLS\Desktop\RealProjects\WhatsAppOrderManagementSystem\src\test\resources
2026-07-14 18:09:10,126 [Worker-28: Building] WARN  o.apache.maven.project.MavenProject - Direct modification of compileSourceRoots through clear() is deprecated and will not work in Maven 4.0.0. Please use the add/remove methods instead. If you're using a plugin that causes this warning, please upgrade to the latest version and report an issue if the warning persists. To disable these warnings, set -Dmaven.project.sourceRoots.warningsDisabled=true on the command line, in the .mvn/maven.config file, or in project POM properties.
2026-07-14 18:09:10,131 [Worker-28: Building] WARN  o.apache.maven.project.MavenProject - Direct modification of compileSourceRoots through add() is deprecated and will not work in Maven 4.0.0. Please use the add/remove methods instead. If you're using a plugin that causes this warning, please upgrade to the latest version and report an issue if the warning persists. To disable these warnings, set -Dmaven.project.sourceRoots.warningsDisabled=true on the command line, in the .mvn/maven.config file, or in project POM properties.
2026-07-14 18:09:10,132 [Worker-28: Building] WARN  o.apache.maven.project.MavenProject - Direct modification of testCompileSourceRoots through clear() is deprecated and will not work in Maven 4.0.0. Please use the add/remove methods instead. If you're using a plugin that causes this warning, please upgrade to the latest version and report an issue if the warning persists. To disable these warnings, set -Dmaven.project.sourceRoots.warningsDisabled=true on the command line, in the .mvn/maven.config file, or in project POM properties.
2026-07-14 18:09:10,132 [Worker-28: Building] WARN  o.apache.maven.project.MavenProject - Direct modification of testCompileSourceRoots through add() is deprecated and will not work in Maven 4.0.0. Please use the add/remove methods instead. If you're using a plugin that causes this warning, please upgrade to the latest version and report an issue if the warning persists. To disable these warnings, set -Dmaven.project.sourceRoots.warningsDisabled=true on the command line, in the .mvn/maven.config file, or in project POM properties.
2026-07-14 18:10:37,611 [Worker-30: Building] INFO  o.a.m.s.f.DefaultMavenResourcesFiltering - Copying 1 resource from src\main\resources to target\classes
2026-07-14 18:10:37,725 [Worker-30: Building] INFO  o.a.m.s.f.DefaultMavenResourcesFiltering - Copying 0 resource from src\main\resources to target\classes
2026-07-14 18:10:37,734 [Worker-30: Building] INFO  o.a.m.s.f.DefaultMavenResourcesFiltering - skip non existing resourceDirectory C:\Users\PMLS\Desktop\RealProjects\WhatsAppOrderManagementSystem\src\test\resources
2026-07-14 18:10:37,736 [Worker-30: Building] WARN  o.apache.maven.project.MavenProject - Direct modification of compileSourceRoots through clear() is deprecated and will not work in Maven 4.0.0. Please use the add/remove methods instead. If you're using a plugin that causes this warning, please upgrade to the latest version and report an issue if the warning persists. To disable these warnings, set -Dmaven.project.sourceRoots.warningsDisabled=true on the command line, in the .mvn/maven.config file, or in project POM properties.
2026-07-14 18:10:37,737 [Worker-30: Building] WARN  o.apache.maven.project.MavenProject - Direct modification of compileSourceRoots through add() is deprecated and will not work in Maven 4.0.0. Please use the add/remove methods instead. If you're using a plugin that causes this warning, please upgrade to the latest version and report an issue if the warning persists. To disable these warnings, set -Dmaven.project.sourceRoots.warningsDisabled=true on the command line, in the .mvn/maven.config file, or in project POM properties.
2026-07-14 18:10:37,738 [Worker-30: Building] WARN  o.apache.maven.project.MavenProject - Direct modification of testCompileSourceRoots through clear() is deprecated and will not work in Maven 4.0.0. Please use the add/remove methods instead. If you're using a plugin that causes this warning, please upgrade to the latest version and report an issue if the warning persists. To disable these warnings, set -Dmaven.project.sourceRoots.warningsDisabled=true on the command line, in the .mvn/maven.config file, or in project POM properties.
2026-07-14 18:10:37,738 [Worker-30: Building] WARN  o.apache.maven.project.MavenProject - Direct modification of testCompileSourceRoots through add() is deprecated and will not work in Maven 4.0.0. Please use the add/remove methods instead. If you're using a plugin that causes this warning, please upgrade to the latest version and report an issue if the warning persists. To disable these warnings, set -Dmaven.project.sourceRoots.warningsDisabled=true on the command line, in the .mvn/maven.config file, or in project POM properties.
2026-07-14 18:12:02,260 [Worker-32: Building] INFO  o.a.m.s.f.DefaultMavenResourcesFiltering - Copying 1 resource from src\main\resources to target\classes
2026-07-14 18:12:02,279 [Worker-32: Building] INFO  o.a.m.s.f.DefaultMavenResourcesFiltering - Copying 0 resource from src\main\resources to target\classes
2026-07-14 18:12:02,287 [Worker-32: Building] INFO  o.a.m.s.f.DefaultMavenResourcesFiltering - skip non existing resourceDirectory C:\Users\PMLS\Desktop\RealProjects\WhatsAppOrderManagementSystem\src\test\resources
2026-07-14 18:12:02,287 [Worker-32: Building] WARN  o.apache.maven.project.MavenProject - Direct modification of compileSourceRoots through clear() is deprecated and will not work in Maven 4.0.0. Please use the add/remove methods instead. If you're using a plugin that causes this warning, please upgrade to the latest version and report an issue if the warning persists. To disable these warnings, set -Dmaven.project.sourceRoots.warningsDisabled=true on the command line, in the .mvn/maven.config file, or in project POM properties.
2026-07-14 18:12:02,288 [Worker-32: Building] WARN  o.apache.maven.project.MavenProject - Direct modification of compileSourceRoots through add() is deprecated and will not work in Maven 4.0.0. Please use the add/remove methods instead. If you're using a plugin that causes this warning, please upgrade to the latest version and report an issue if the warning persists. To disable these warnings, set -Dmaven.project.sourceRoots.warningsDisabled=true on the command line, in the .mvn/maven.config file, or in project POM properties.
2026-07-14 18:12:02,288 [Worker-32: Building] WARN  o.apache.maven.project.MavenProject - Direct modification of testCompileSourceRoots through clear() is deprecated and will not work in Maven 4.0.0. Please use the add/remove methods instead. If you're using a plugin that causes this warning, please upgrade to the latest version and report an issue if the warning persists. To disable these warnings, set -Dmaven.project.sourceRoots.warningsDisabled=true on the command line, in the .mvn/maven.config file, or in project POM properties.
2026-07-14 18:12:02,289 [Worker-32: Building] WARN  o.apache.maven.project.MavenProject - Direct modification of testCompileSourceRoots through add() is deprecated and will not work in Maven 4.0.0. Please use the add/remove methods instead. If you're using a plugin that causes this warning, please upgrade to the latest version and report an issue if the warning persists. To disable these warnings, set -Dmaven.project.sourceRoots.warningsDisabled=true on the command line, in the .mvn/maven.config file, or in project POM properties.
2026-07-14 18:18:53,730 [Worker-32: Building] INFO  o.a.m.s.f.DefaultMavenResourcesFiltering - Copying 1 resource from src\main\resources to target\classes
2026-07-14 18:18:53,750 [Worker-32: Building] INFO  o.a.m.s.f.DefaultMavenResourcesFiltering - Copying 0 resource from src\main\resources to target\classes
2026-07-14 18:18:53,757 [Worker-32: Building] INFO  o.a.m.s.f.DefaultMavenResourcesFiltering - skip non existing resourceDirectory C:\Users\PMLS\Desktop\RealProjects\WhatsAppOrderManagementSystem\src\test\resources
2026-07-14 18:18:53,758 [Worker-32: Building] WARN  o.apache.maven.project.MavenProject - Direct modification of compileSourceRoots through clear() is deprecated and will not work in Maven 4.0.0. Please use the add/remove methods instead. If you're using a plugin that causes this warning, please upgrade to the latest version and report an issue if the warning persists. To disable these warnings, set -Dmaven.project.sourceRoots.warningsDisabled=true on the command line, in the .mvn/maven.config file, or in project POM properties.
2026-07-14 18:18:53,761 [Worker-32: Building] WARN  o.apache.maven.project.MavenProject - Direct modification of compileSourceRoots through add() is deprecated and will not work in Maven 4.0.0. Please use the add/remove methods instead. If you're using a plugin that causes this warning, please upgrade to the latest version and report an issue if the warning persists. To disable these warnings, set -Dmaven.project.sourceRoots.warningsDisabled=true on the command line, in the .mvn/maven.config file, or in project POM properties.
2026-07-14 18:18:53,762 [Worker-32: Building] WARN  o.apache.maven.project.MavenProject - Direct modification of testCompileSourceRoots through clear() is deprecated and will not work in Maven 4.0.0. Please use the add/remove methods instead. If you're using a plugin that causes this warning, please upgrade to the latest version and report an issue if the warning persists. To disable these warnings, set -Dmaven.project.sourceRoots.warningsDisabled=true on the command line, in the .mvn/maven.config file, or in project POM properties.
2026-07-14 18:18:53,763 [Worker-32: Building] WARN  o.apache.maven.project.MavenProject - Direct modification of testCompileSourceRoots through add() is deprecated and will not work in Maven 4.0.0. Please use the add/remove methods instead. If you're using a plugin that causes this warning, please upgrade to the latest version and report an issue if the warning persists. To disable these warnings, set -Dmaven.project.sourceRoots.warningsDisabled=true on the command line, in the .mvn/maven.config file, or in project POM properties.
2026-07-14 21:04:54,806 [Worker-57: Building] INFO  o.a.m.s.f.DefaultMavenResourcesFiltering - Copying 1 resource from src\main\resources to target\classes
2026-07-14 21:04:54,827 [Worker-57: Building] INFO  o.a.m.s.f.DefaultMavenResourcesFiltering - Copying 0 resource from src\main\resources to target\classes
2026-07-14 21:04:54,830 [Worker-57: Building] INFO  o.a.m.s.f.DefaultMavenResourcesFiltering - skip non existing resourceDirectory C:\Users\PMLS\Desktop\RealProjects\WhatsAppOrderManagementSystem\src\test\resources
2026-07-14 21:04:54,830 [Worker-57: Building] WARN  o.apache.maven.project.MavenProject - Direct modification of compileSourceRoots through clear() is deprecated and will not work in Maven 4.0.0. Please use the add/remove methods instead. If you're using a plugin that causes this warning, please upgrade to the latest version and report an issue if the warning persists. To disable these warnings, set -Dmaven.project.sourceRoots.warningsDisabled=true on the command line, in the .mvn/maven.config file, or in project POM properties.
2026-07-14 21:04:54,835 [Worker-57: Building] WARN  o.apache.maven.project.MavenProject - Direct modification of compileSourceRoots through add() is deprecated and will not work in Maven 4.0.0. Please use the add/remove methods instead. If you're using a plugin that causes this warning, please upgrade to the latest version and report an issue if the warning persists. To disable these warnings, set -Dmaven.project.sourceRoots.warningsDisabled=true on the command line, in the .mvn/maven.config file, or in project POM properties.
2026-07-14 21:04:54,836 [Worker-57: Building] WARN  o.apache.maven.project.MavenProject - Direct modification of testCompileSourceRoots through clear() is deprecated and will not work in Maven 4.0.0. Please use the add/remove methods instead. If you're using a plugin that causes this warning, please upgrade to the latest version and report an issue if the warning persists. To disable these warnings, set -Dmaven.project.sourceRoots.warningsDisabled=true on the command line, in the .mvn/maven.config file, or in project POM properties.
2026-07-14 21:04:54,836 [Worker-57: Building] WARN  o.apache.maven.project.MavenProject - Direct modification of testCompileSourceRoots through add() is deprecated and will not work in Maven 4.0.0. Please use the add/remove methods instead. If you're using a plugin that causes this warning, please upgrade to the latest version and report an issue if the warning persists. To disable these warnings, set -Dmaven.project.sourceRoots.warningsDisabled=true on the command line, in the .mvn/maven.config file, or in project POM properties.
2026-07-14 21:06:35,956 [Worker-63: Building] INFO  o.a.m.s.f.DefaultMavenResourcesFiltering - Copying 1 resource from src\main\resources to target\classes
2026-07-14 21:06:35,979 [Worker-63: Building] INFO  o.a.m.s.f.DefaultMavenResourcesFiltering - Copying 0 resource from src\main\resources to target\classes
2026-07-14 21:06:35,988 [Worker-63: Building] INFO  o.a.m.s.f.DefaultMavenResourcesFiltering - skip non existing resourceDirectory C:\Users\PMLS\Desktop\RealProjects\WhatsAppOrderManagementSystem\src\test\resources
2026-07-14 21:06:35,989 [Worker-63: Building] WARN  o.apache.maven.project.MavenProject - Direct modification of compileSourceRoots through clear() is deprecated and will not work in Maven 4.0.0. Please use the add/remove methods instead. If you're using a plugin that causes this warning, please upgrade to the latest version and report an issue if the warning persists. To disable these warnings, set -Dmaven.project.sourceRoots.warningsDisabled=true on the command line, in the .mvn/maven.config file, or in project POM properties.
2026-07-14 21:06:35,990 [Worker-63: Building] WARN  o.apache.maven.project.MavenProject - Direct modification of compileSourceRoots through add() is deprecated and will not work in Maven 4.0.0. Please use the add/remove methods instead. If you're using a plugin that causes this warning, please upgrade to the latest version and report an issue if the warning persists. To disable these warnings, set -Dmaven.project.sourceRoots.warningsDisabled=true on the command line, in the .mvn/maven.config file, or in project POM properties.
2026-07-14 21:06:35,990 [Worker-63: Building] WARN  o.apache.maven.project.MavenProject - Direct modification of testCompileSourceRoots through clear() is deprecated and will not work in Maven 4.0.0. Please use the add/remove methods instead. If you're using a plugin that causes this warning, please upgrade to the latest version and report an issue if the warning persists. To disable these warnings, set -Dmaven.project.sourceRoots.warningsDisabled=true on the command line, in the .mvn/maven.config file, or in project POM properties.
2026-07-14 21:06:35,991 [Worker-63: Building] WARN  o.apache.maven.project.MavenProject - Direct modification of testCompileSourceRoots through add() is deprecated and will not work in Maven 4.0.0. Please use the add/remove methods instead. If you're using a plugin that causes this warning, please upgrade to the latest version and report an issue if the warning persists. To disable these warnings, set -Dmaven.project.sourceRoots.warningsDisabled=true on the command line, in the .mvn/maven.config file, or in project POM properties.
2026-07-14 21:07:36,958 [Worker-63: Building] INFO  o.a.m.s.f.DefaultMavenResourcesFiltering - Copying 1 resource from src\main\resources to target\classes
2026-07-14 21:07:36,970 [Worker-63: Building] INFO  o.a.m.s.f.DefaultMavenResourcesFiltering - Copying 0 resource from src\main\resources to target\classes
2026-07-14 21:07:36,975 [Worker-63: Building] INFO  o.a.m.s.f.DefaultMavenResourcesFiltering - skip non existing resourceDirectory C:\Users\PMLS\Desktop\RealProjects\WhatsAppOrderManagementSystem\src\test\resources
2026-07-14 21:07:36,975 [Worker-63: Building] WARN  o.apache.maven.project.MavenProject - Direct modification of compileSourceRoots through clear() is deprecated and will not work in Maven 4.0.0. Please use the add/remove methods instead. If you're using a plugin that causes this warning, please upgrade to the latest version and report an issue if the warning persists. To disable these warnings, set -Dmaven.project.sourceRoots.warningsDisabled=true on the command line, in the .mvn/maven.config file, or in project POM properties.
2026-07-14 21:07:36,976 [Worker-63: Building] WARN  o.apache.maven.project.MavenProject - Direct modification of compileSourceRoots through add() is deprecated and will not work in Maven 4.0.0. Please use the add/remove methods instead. If you're using a plugin that causes this warning, please upgrade to the latest version and report an issue if the warning persists. To disable these warnings, set -Dmaven.project.sourceRoots.warningsDisabled=true on the command line, in the .mvn/maven.config file, or in project POM properties.
2026-07-14 21:07:36,977 [Worker-63: Building] WARN  o.apache.maven.project.MavenProject - Direct modification of testCompileSourceRoots through clear() is deprecated and will not work in Maven 4.0.0. Please use the add/remove methods instead. If you're using a plugin that causes this warning, please upgrade to the latest version and report an issue if the warning persists. To disable these warnings, set -Dmaven.project.sourceRoots.warningsDisabled=true on the command line, in the .mvn/maven.config file, or in project POM properties.
2026-07-14 21:07:36,978 [Worker-63: Building] WARN  o.apache.maven.project.MavenProject - Direct modification of testCompileSourceRoots through add() is deprecated and will not work in Maven 4.0.0. Please use the add/remove methods instead. If you're using a plugin that causes this warning, please upgrade to the latest version and report an issue if the warning persists. To disable these warnings, set -Dmaven.project.sourceRoots.warningsDisabled=true on the command line, in the .mvn/maven.config file, or in project POM properties.
2026-07-14 21:12:02,704 [Worker-58: Building] INFO  o.a.m.s.f.DefaultMavenResourcesFiltering - Copying 1 resource from src\main\resources to target\classes
2026-07-14 21:12:02,752 [Worker-58: Building] INFO  o.a.m.s.f.DefaultMavenResourcesFiltering - Copying 0 resource from src\main\resources to target\classes
2026-07-14 21:12:02,755 [Worker-58: Building] INFO  o.a.m.s.f.DefaultMavenResourcesFiltering - skip non existing resourceDirectory C:\Users\PMLS\Desktop\RealProjects\WhatsAppOrderManagementSystem\src\test\resources
2026-07-14 21:12:02,756 [Worker-58: Building] WARN  o.apache.maven.project.MavenProject - Direct modification of compileSourceRoots through clear() is deprecated and will not work in Maven 4.0.0. Please use the add/remove methods instead. If you're using a plugin that causes this warning, please upgrade to the latest version and report an issue if the warning persists. To disable these warnings, set -Dmaven.project.sourceRoots.warningsDisabled=true on the command line, in the .mvn/maven.config file, or in project POM properties.
2026-07-14 21:12:02,757 [Worker-58: Building] WARN  o.apache.maven.project.MavenProject - Direct modification of compileSourceRoots through add() is deprecated and will not work in Maven 4.0.0. Please use the add/remove methods instead. If you're using a plugin that causes this warning, please upgrade to the latest version and report an issue if the warning persists. To disable these warnings, set -Dmaven.project.sourceRoots.warningsDisabled=true on the command line, in the .mvn/maven.config file, or in project POM properties.
2026-07-14 21:12:02,758 [Worker-58: Building] WARN  o.apache.maven.project.MavenProject - Direct modification of testCompileSourceRoots through clear() is deprecated and will not work in Maven 4.0.0. Please use the add/remove methods instead. If you're using a plugin that causes this warning, please upgrade to the latest version and report an issue if the warning persists. To disable these warnings, set -Dmaven.project.sourceRoots.warningsDisabled=true on the command line, in the .mvn/maven.config file, or in project POM properties.
2026-07-14 21:12:02,759 [Worker-58: Building] WARN  o.apache.maven.project.MavenProject - Direct modification of testCompileSourceRoots through add() is deprecated and will not work in Maven 4.0.0. Please use the add/remove methods instead. If you're using a plugin that causes this warning, please upgrade to the latest version and report an issue if the warning persists. To disable these warnings, set -Dmaven.project.sourceRoots.warningsDisabled=true on the command line, in the .mvn/maven.config file, or in project POM properties.
2026-07-15 07:44:10,938 [Worker-6: Loading available Gradle versions] INFO  o.e.b.c.i.u.g.PublishedGradleVersions - Gradle version information cache is up-to-date. Trying to read.
2026-07-17 10:36:34,079 [Worker-6: Loading available Gradle versions] INFO  o.e.b.c.i.u.g.PublishedGradleVersions - Gradle version information cache is out-of-date. Trying to update.
2026-07-17 19:21:57,156 [Worker-69: Building] INFO  o.a.m.s.f.DefaultMavenResourcesFiltering - Copying 1 resource from src\main\resources to target\classes
2026-07-17 19:21:57,190 [Worker-69: Building] INFO  o.a.m.s.f.DefaultMavenResourcesFiltering - Copying 0 resource from src\main\resources to target\classes
2026-07-17 19:21:57,195 [Worker-69: Building] INFO  o.a.m.s.f.DefaultMavenResourcesFiltering - skip non existing resourceDirectory C:\Users\PMLS\Desktop\RealProjects\WhatsAppOrderManagementSystem\src\test\resources
2026-07-17 19:21:57,588 [Worker-69: Building] WARN  o.apache.maven.project.MavenProject - Direct modification of compileSourceRoots through clear() is deprecated and will not work in Maven 4.0.0. Please use the add/remove methods instead. If you're using a plugin that causes this warning, please upgrade to the latest version and report an issue if the warning persists. To disable these warnings, set -Dmaven.project.sourceRoots.warningsDisabled=true on the command line, in the .mvn/maven.config file, or in project POM properties.
2026-07-17 19:21:57,589 [Worker-69: Building] WARN  o.apache.maven.project.MavenProject - Direct modification of compileSourceRoots through add() is deprecated and will not work in Maven 4.0.0. Please use the add/remove methods instead. If you're using a plugin that causes this warning, please upgrade to the latest version and report an issue if the warning persists. To disable these warnings, set -Dmaven.project.sourceRoots.warningsDisabled=true on the command line, in the .mvn/maven.config file, or in project POM properties.
2026-07-17 19:21:57,589 [Worker-69: Building] WARN  o.apache.maven.project.MavenProject - Direct modification of testCompileSourceRoots through clear() is deprecated and will not work in Maven 4.0.0. Please use the add/remove methods instead. If you're using a plugin that causes this warning, please upgrade to the latest version and report an issue if the warning persists. To disable these warnings, set -Dmaven.project.sourceRoots.warningsDisabled=true on the command line, in the .mvn/maven.config file, or in project POM properties.
2026-07-17 19:21:57,590 [Worker-69: Building] WARN  o.apache.maven.project.MavenProject - Direct modification of testCompileSourceRoots through add() is deprecated and will not work in Maven 4.0.0. Please use the add/remove methods instead. If you're using a plugin that causes this warning, please upgrade to the latest version and report an issue if the warning persists. To disable these warnings, set -Dmaven.project.sourceRoots.warningsDisabled=true on the command line, in the .mvn/maven.config file, or in project POM properties.
2026-07-17 19:24:50,277 [Worker-70: Building] INFO  o.a.m.s.f.DefaultMavenResourcesFiltering - Copying 1 resource from src\main\resources to target\classes
2026-07-17 19:24:50,288 [Worker-70: Building] INFO  o.a.m.s.f.DefaultMavenResourcesFiltering - Copying 0 resource from src\main\resources to target\classes
2026-07-17 19:24:50,295 [Worker-70: Building] INFO  o.a.m.s.f.DefaultMavenResourcesFiltering - skip non existing resourceDirectory C:\Users\PMLS\Desktop\RealProjects\WhatsAppOrderManagementSystem\src\test\resources
2026-07-17 19:24:50,296 [Worker-70: Building] WARN  o.apache.maven.project.MavenProject - Direct modification of compileSourceRoots through clear() is deprecated and will not work in Maven 4.0.0. Please use the add/remove methods instead. If you're using a plugin that causes this warning, please upgrade to the latest version and report an issue if the warning persists. To disable these warnings, set -Dmaven.project.sourceRoots.warningsDisabled=true on the command line, in the .mvn/maven.config file, or in project POM properties.
2026-07-17 19:24:50,297 [Worker-70: Building] WARN  o.apache.maven.project.MavenProject - Direct modification of compileSourceRoots through add() is deprecated and will not work in Maven 4.0.0. Please use the add/remove methods instead. If you're using a plugin that causes this warning, please upgrade to the latest version and report an issue if the warning persists. To disable these warnings, set -Dmaven.project.sourceRoots.warningsDisabled=true on the command line, in the .mvn/maven.config file, or in project POM properties.
2026-07-17 19:24:50,297 [Worker-70: Building] WARN  o.apache.maven.project.MavenProject - Direct modification of testCompileSourceRoots through clear() is deprecated and will not work in Maven 4.0.0. Please use the add/remove methods instead. If you're using a plugin that causes this warning, please upgrade to the latest version and report an issue if the warning persists. To disable these warnings, set -Dmaven.project.sourceRoots.warningsDisabled=true on the command line, in the .mvn/maven.config file, or in project POM properties.
2026-07-17 19:24:50,298 [Worker-70: Building] WARN  o.apache.maven.project.MavenProject - Direct modification of testCompileSourceRoots through add() is deprecated and will not work in Maven 4.0.0. Please use the add/remove methods instead. If you're using a plugin that causes this warning, please upgrade to the latest version and report an issue if the warning persists. To disable these warnings, set -Dmaven.project.sourceRoots.warningsDisabled=true on the command line, in the .mvn/maven.config file, or in project POM properties.
2026-07-17 19:25:16,865 [Worker-70: Building] INFO  o.a.m.s.f.DefaultMavenResourcesFiltering - Copying 1 resource from src\main\resources to target\classes
2026-07-17 19:25:16,887 [Worker-70: Building] INFO  o.a.m.s.f.DefaultMavenResourcesFiltering - Copying 0 resource from src\main\resources to target\classes
2026-07-17 19:25:16,898 [Worker-70: Building] INFO  o.a.m.s.f.DefaultMavenResourcesFiltering - skip non existing resourceDirectory C:\Users\PMLS\Desktop\RealProjects\WhatsAppOrderManagementSystem\src\test\resources
2026-07-17 19:25:16,900 [Worker-70: Building] WARN  o.apache.maven.project.MavenProject - Direct modification of compileSourceRoots through clear() is deprecated and will not work in Maven 4.0.0. Please use the add/remove methods instead. If you're using a plugin that causes this warning, please upgrade to the latest version and report an issue if the warning persists. To disable these warnings, set -Dmaven.project.sourceRoots.warningsDisabled=true on the command line, in the .mvn/maven.config file, or in project POM properties.
2026-07-17 19:25:16,902 [Worker-70: Building] WARN  o.apache.maven.project.MavenProject - Direct modification of compileSourceRoots through add() is deprecated and will not work in Maven 4.0.0. Please use the add/remove methods instead. If you're using a plugin that causes this warning, please upgrade to the latest version and report an issue if the warning persists. To disable these warnings, set -Dmaven.project.sourceRoots.warningsDisabled=true on the command line, in the .mvn/maven.config file, or in project POM properties.
2026-07-17 19:25:16,905 [Worker-70: Building] WARN  o.apache.maven.project.MavenProject - Direct modification of testCompileSourceRoots through clear() is deprecated and will not work in Maven 4.0.0. Please use the add/remove methods instead. If you're using a plugin that causes this warning, please upgrade to the latest version and report an issue if the warning persists. To disable these warnings, set -Dmaven.project.sourceRoots.warningsDisabled=true on the command line, in the .mvn/maven.config file, or in project POM properties.
2026-07-17 19:25:16,910 [Worker-70: Building] WARN  o.apache.maven.project.MavenProject - Direct modification of testCompileSourceRoots through add() is deprecated and will not work in Maven 4.0.0. Please use the add/remove methods instead. If you're using a plugin that causes this warning, please upgrade to the latest version and report an issue if the warning persists. To disable these warnings, set -Dmaven.project.sourceRoots.warningsDisabled=true on the command line, in the .mvn/maven.config file, or in project POM properties.
2026-07-17 21:34:14,194 [Worker-91: Building] INFO  o.a.m.s.f.DefaultMavenResourcesFiltering - Copying 1 resource from src\main\resources to target\classes
2026-07-17 21:34:14,221 [Worker-91: Building] INFO  o.a.m.s.f.DefaultMavenResourcesFiltering - Copying 0 resource from src\main\resources to target\classes
2026-07-17 21:34:14,229 [Worker-91: Building] INFO  o.a.m.s.f.DefaultMavenResourcesFiltering - skip non existing resourceDirectory C:\Users\PMLS\Desktop\RealProjects\WhatsAppOrderManagementSystem\src\test\resources
2026-07-17 21:34:14,230 [Worker-91: Building] WARN  o.apache.maven.project.MavenProject - Direct modification of compileSourceRoots through clear() is deprecated and will not work in Maven 4.0.0. Please use the add/remove methods instead. If you're using a plugin that causes this warning, please upgrade to the latest version and report an issue if the warning persists. To disable these warnings, set -Dmaven.project.sourceRoots.warningsDisabled=true on the command line, in the .mvn/maven.config file, or in project POM properties.
2026-07-17 21:34:14,231 [Worker-91: Building] WARN  o.apache.maven.project.MavenProject - Direct modification of compileSourceRoots through add() is deprecated and will not work in Maven 4.0.0. Please use the add/remove methods instead. If you're using a plugin that causes this warning, please upgrade to the latest version and report an issue if the warning persists. To disable these warnings, set -Dmaven.project.sourceRoots.warningsDisabled=true on the command line, in the .mvn/maven.config file, or in project POM properties.
2026-07-17 21:34:14,233 [Worker-91: Building] WARN  o.apache.maven.project.MavenProject - Direct modification of testCompileSourceRoots through clear() is deprecated and will not work in Maven 4.0.0. Please use the add/remove methods instead. If you're using a plugin that causes this warning, please upgrade to the latest version and report an issue if the warning persists. To disable these warnings, set -Dmaven.project.sourceRoots.warningsDisabled=true on the command line, in the .mvn/maven.config file, or in project POM properties.
2026-07-17 21:34:14,234 [Worker-91: Building] WARN  o.apache.maven.project.MavenProject - Direct modification of testCompileSourceRoots through add() is deprecated and will not work in Maven 4.0.0. Please use the add/remove methods instead. If you're using a plugin that causes this warning, please upgrade to the latest version and report an issue if the warning persists. To disable these warnings, set -Dmaven.project.sourceRoots.warningsDisabled=true on the command line, in the .mvn/maven.config file, or in project POM properties.
2026-07-18 16:59:21,696 [Worker-2: Loading available Gradle versions] INFO  o.e.b.c.i.u.g.PublishedGradleVersions - Gradle version information cache is out-of-date. Trying to update.
2026-07-18 20:36:59,486 [Worker-28: Building] INFO  o.a.m.s.f.DefaultMavenResourcesFiltering - Copying 1 resource from src\main\resources to target\classes
2026-07-18 20:36:59,508 [Worker-28: Building] INFO  o.a.m.s.f.DefaultMavenResourcesFiltering - Copying 0 resource from src\main\resources to target\classes
2026-07-18 20:36:59,512 [Worker-28: Building] INFO  o.a.m.s.f.DefaultMavenResourcesFiltering - skip non existing resourceDirectory C:\Users\PMLS\Desktop\RealProjects\WhatsAppOrderManagementSystem\src\test\resources
2026-07-18 20:36:59,975 [Worker-28: Building] WARN  o.apache.maven.project.MavenProject - Direct modification of compileSourceRoots through clear() is deprecated and will not work in Maven 4.0.0. Please use the add/remove methods instead. If you're using a plugin that causes this warning, please upgrade to the latest version and report an issue if the warning persists. To disable these warnings, set -Dmaven.project.sourceRoots.warningsDisabled=true on the command line, in the .mvn/maven.config file, or in project POM properties.
2026-07-18 20:36:59,976 [Worker-28: Building] WARN  o.apache.maven.project.MavenProject - Direct modification of compileSourceRoots through add() is deprecated and will not work in Maven 4.0.0. Please use the add/remove methods instead. If you're using a plugin that causes this warning, please upgrade to the latest version and report an issue if the warning persists. To disable these warnings, set -Dmaven.project.sourceRoots.warningsDisabled=true on the command line, in the .mvn/maven.config file, or in project POM properties.
2026-07-18 20:36:59,976 [Worker-28: Building] WARN  o.apache.maven.project.MavenProject - Direct modification of testCompileSourceRoots through clear() is deprecated and will not work in Maven 4.0.0. Please use the add/remove methods instead. If you're using a plugin that causes this warning, please upgrade to the latest version and report an issue if the warning persists. To disable these warnings, set -Dmaven.project.sourceRoots.warningsDisabled=true on the command line, in the .mvn/maven.config file, or in project POM properties.
2026-07-18 20:36:59,977 [Worker-28: Building] WARN  o.apache.maven.project.MavenProject - Direct modification of testCompileSourceRoots through add() is deprecated and will not work in Maven 4.0.0. Please use the add/remove methods instead. If you're using a plugin that causes this warning, please upgrade to the latest version and report an issue if the warning persists. To disable these warnings, set -Dmaven.project.sourceRoots.warningsDisabled=true on the command line, in the .mvn/maven.config file, or in project POM properties.
2026-07-18 20:46:37,302 [Worker-32: Building] INFO  o.a.m.s.f.DefaultMavenResourcesFiltering - Copying 1 resource from src\main\resources to target\classes
2026-07-18 20:46:37,336 [Worker-32: Building] INFO  o.a.m.s.f.DefaultMavenResourcesFiltering - Copying 0 resource from src\main\resources to target\classes
2026-07-18 20:46:37,345 [Worker-32: Building] INFO  o.a.m.s.f.DefaultMavenResourcesFiltering - skip non existing resourceDirectory C:\Users\PMLS\Desktop\RealProjects\WhatsAppOrderManagementSystem\src\test\resources
2026-07-18 20:46:37,346 [Worker-32: Building] WARN  o.apache.maven.project.MavenProject - Direct modification of compileSourceRoots through clear() is deprecated and will not work in Maven 4.0.0. Please use the add/remove methods instead. If you're using a plugin that causes this warning, please upgrade to the latest version and report an issue if the warning persists. To disable these warnings, set -Dmaven.project.sourceRoots.warningsDisabled=true on the command line, in the .mvn/maven.config file, or in project POM properties.
2026-07-18 20:46:37,349 [Worker-32: Building] WARN  o.apache.maven.project.MavenProject - Direct modification of compileSourceRoots through add() is deprecated and will not work in Maven 4.0.0. Please use the add/remove methods instead. If you're using a plugin that causes this warning, please upgrade to the latest version and report an issue if the warning persists. To disable these warnings, set -Dmaven.project.sourceRoots.warningsDisabled=true on the command line, in the .mvn/maven.config file, or in project POM properties.
2026-07-18 20:46:37,350 [Worker-32: Building] WARN  o.apache.maven.project.MavenProject - Direct modification of testCompileSourceRoots through clear() is deprecated and will not work in Maven 4.0.0. Please use the add/remove methods instead. If you're using a plugin that causes this warning, please upgrade to the latest version and report an issue if the warning persists. To disable these warnings, set -Dmaven.project.sourceRoots.warningsDisabled=true on the command line, in the .mvn/maven.config file, or in project POM properties.
2026-07-18 20:46:37,352 [Worker-32: Building] WARN  o.apache.maven.project.MavenProject - Direct modification of testCompileSourceRoots through add() is deprecated and will not work in Maven 4.0.0. Please use the add/remove methods instead. If you're using a plugin that causes this warning, please upgrade to the latest version and report an issue if the warning persists. To disable these warnings, set -Dmaven.project.sourceRoots.warningsDisabled=true on the command line, in the .mvn/maven.config file, or in project POM properties.
2026-07-27 11:41:12,421 [Worker-1: Loading available Gradle versions] INFO  o.e.b.c.i.u.g.PublishedGradleVersions - Gradle version information cache is out-of-date. Trying to update.
2026-07-28 10:04:06,994 [Worker-1: Loading available Gradle versions] INFO  o.e.b.c.i.u.g.PublishedGradleVersions - Gradle version information cache is up-to-date. Trying to read.
2026-07-31 18:27:50,900 [Worker-5: Loading available Gradle versions] INFO  o.e.b.c.i.u.g.PublishedGradleVersions - Gradle version information cache is out-of-date. Trying to update.
2026-07-31 18:27:51,208 [Worker-5: Loading available Gradle versions] INFO  o.e.b.c.i.u.g.PublishedGradleVersions - Updating Gradle version information cache failed. Using outdated cache.
2026-08-01 08:57:12,971 [Worker-2: Loading available Gradle versions] INFO  o.e.b.c.i.u.g.PublishedGradleVersions - Gradle version information cache is out-of-date. Trying to update.
2026-08-01 08:57:25,428 [Worker-2: Loading available Gradle versions] INFO  o.e.b.c.i.u.g.PublishedGradleVersions - Updating Gradle version information cache failed. Using outdated cache.
2026-08-07 17:14:15,920 [Worker-2: Loading available Gradle versions] INFO  o.e.b.c.i.u.g.PublishedGradleVersions - Gradle version information cache is out-of-date. Trying to update.
2026-08-07 17:14:29,800 [Worker-2: Loading available Gradle versions] INFO  o.e.b.c.i.u.g.PublishedGradleVersions - Updating Gradle version information cache failed. Using outdated cache.
2026-08-09 21:52:56,103 [Worker-1: Loading available Gradle versions] INFO  o.e.b.c.i.u.g.PublishedGradleVersions - Gradle version information cache is out-of-date. Trying to update.
2026-08-09 21:53:15,710 [Worker-1: Loading available Gradle versions] INFO  o.e.b.c.i.u.g.PublishedGradleVersions - Updating Gradle version information cache failed. Using outdated cache.
2026-08-11 12:37:59,192 [Worker-2: Loading available Gradle versions] INFO  o.e.b.c.i.u.g.PublishedGradleVersions - Gradle version information cache is out-of-date. Trying to update.
2026-08-14 14:02:37,518 [Worker-2: Loading available Gradle versions] INFO  o.e.b.c.i.u.g.PublishedGradleVersions - Gradle version information cache is out-of-date. Trying to update.
2026-08-14 14:02:54,121 [Worker-2: Loading available Gradle versions] INFO  o.e.b.c.i.u.g.PublishedGradleVersions - Updating Gradle version information cache failed. Using outdated cache.
2026-08-20 12:00:31,059 [Worker-1: Loading available Gradle versions] INFO  o.e.b.c.i.u.g.PublishedGradleVersions - Gradle version information cache is out-of-date. Trying to update.
2026-08-20 12:00:31,408 [Worker-1: Loading available Gradle versions] INFO  o.e.b.c.i.u.g.PublishedGradleVersions - Updating Gradle version information cache failed. Using outdated cache.
2026-08-21 16:16:08,393 [Worker-2: Loading available Gradle versions] INFO  o.e.b.c.i.u.g.PublishedGradleVersions - Gradle version information cache is out-of-date. Trying to update.
2026-08-21 16:16:26,067 [Worker-2: Loading available Gradle versions] INFO  o.e.b.c.i.u.g.PublishedGradleVersions - Updating Gradle version information cache failed. Using outdated cache.
2026-08-22 13:49:50,967 [Worker-2: Loading available Gradle versions] INFO  o.e.b.c.i.u.g.PublishedGradleVersions - Gradle version information cache is out-of-date. Trying to update.
2026-08-23 09:23:02,458 [Worker-6: Loading available Gradle versions] INFO  o.e.b.c.i.u.g.PublishedGradleVersions - Gradle version information cache is up-to-date. Trying to read.
2026-08-25 08:41:06,670 [Worker-6: Loading available Gradle versions] INFO  o.e.b.c.i.u.g.PublishedGradleVersions - Gradle version information cache is out-of-date. Trying to update.
2026-08-25 08:41:45,455 [Worker-6: Loading available Gradle versions] INFO  o.e.b.c.i.u.g.PublishedGradleVersions - Updating Gradle version information cache failed. Using outdated cache.
2026-08-28 07:41:27,516 [Worker-5: Loading available Gradle versions] INFO  o.e.b.c.i.u.g.PublishedGradleVersions - Gradle version information cache is out-of-date. Trying to update.
2026-08-28 07:41:39,886 [Worker-5: Loading available Gradle versions] INFO  o.e.b.c.i.u.g.PublishedGradleVersions - Updating Gradle version information cache failed. Using outdated cache.
2026-09-06 07:06:16,206 [Worker-5: Loading available Gradle versions] INFO  o.e.b.c.i.u.g.PublishedGradleVersions - Gradle version information cache is out-of-date. Trying to update.
2026-09-06 07:06:28,547 [Worker-5: Loading available Gradle versions] INFO  o.e.b.c.i.u.g.PublishedGradleVersions - Updating Gradle version information cache failed. Using outdated cache.
2026-09-06 07:24:10,691 [Worker-8: Import Getting Started Content] INFO  o.e.m.c.i.e.AbstractTransferListenerAdapter - Downloaded https://repo.maven.apache.org/maven2/org/springframework/boot/spring-boot-starter-parent/4.1.1/spring-boot-starter-parent-4.1.1.pom
2026-09-06 07:24:11,006 [Worker-8: Import Getting Started Content] INFO  o.e.m.c.i.p.ProjectConfigurationManager - Imported and configured 1 project(s) in 12 sec
2026-09-06 07:24:11,011 [Worker-8: Import Getting Started Content] INFO  o.e.m.c.i.p.ProjectConfigurationManager - Update started
2026-09-06 07:24:11,040 [Worker-8: Import Getting Started Content] INFO  o.e.m.c.i.p.ProjectConfigurationManager - Update completed for 1 poms: local refresh takes 0.00 sec, refresh facades takes 0.00 sec, update config takes 0.00 sec 
2026-09-06 07:24:15,334 [Worker-19: Building] INFO  o.a.m.s.f.DefaultMavenResourcesFiltering - Copying 1 resource from src\main\resources to target\classes
2026-09-06 07:24:15,353 [Worker-19: Building] INFO  o.a.m.s.f.DefaultMavenResourcesFiltering - Copying 0 resource from src\main\resources to target\classes
2026-09-06 07:24:15,359 [Worker-19: Building] INFO  o.a.m.s.f.DefaultMavenResourcesFiltering - skip non existing resourceDirectory C:\Users\PMLS\Desktop\RealProjects\WhatsAppOrderManagementSystem\src\test\resources
2026-09-06 07:24:16,133 [Worker-19: Building] WARN  o.apache.maven.project.MavenProject - Direct modification of compileSourceRoots through clear() is deprecated and will not work in Maven 4.0.0. Please use the add/remove methods instead. If you're using a plugin that causes this warning, please upgrade to the latest version and report an issue if the warning persists. To disable these warnings, set -Dmaven.project.sourceRoots.warningsDisabled=true on the command line, in the .mvn/maven.config file, or in project POM properties.
2026-09-06 07:24:16,134 [Worker-19: Building] WARN  o.apache.maven.project.MavenProject - Direct modification of compileSourceRoots through add() is deprecated and will not work in Maven 4.0.0. Please use the add/remove methods instead. If you're using a plugin that causes this warning, please upgrade to the latest version and report an issue if the warning persists. To disable these warnings, set -Dmaven.project.sourceRoots.warningsDisabled=true on the command line, in the .mvn/maven.config file, or in project POM properties.
2026-09-06 07:24:16,135 [Worker-19: Building] WARN  o.apache.maven.project.MavenProject - Direct modification of testCompileSourceRoots through clear() is deprecated and will not work in Maven 4.0.0. Please use the add/remove methods instead. If you're using a plugin that causes this warning, please upgrade to the latest version and report an issue if the warning persists. To disable these warnings, set -Dmaven.project.sourceRoots.warningsDisabled=true on the command line, in the .mvn/maven.config file, or in project POM properties.
2026-09-06 07:24:16,136 [Worker-19: Building] WARN  o.apache.maven.project.MavenProject - Direct modification of testCompileSourceRoots through add() is deprecated and will not work in Maven 4.0.0. Please use the add/remove methods instead. If you're using a plugin that causes this warning, please upgrade to the latest version and report an issue if the warning persists. To disable these warnings, set -Dmaven.project.sourceRoots.warningsDisabled=true on the command line, in the .mvn/maven.config file, or in project POM properties.
2026-09-06 08:31:33,200 [Worker-29: reload maven project] ERROR o.e.m.c.i.p.r.ProjectRegistryManager - Failed to read Maven project: Some problems were encountered while processing the POMs:
[FATAL] Non-resolvable parent POM for in.cs:OnlineBankingSystem:1.0: The following artifacts could not be resolved: org.springframework.boot:spring-boot-starter-parent:pom:4.1.1 (absent): org.springframework.boot:spring-boot-starter-parent:pom:4.1.1 failed to transfer from https://repo.maven.apache.org/maven2 during a previous attempt. This failure was cached in the local repository and resolution is not reattempted until the update interval of central has elapsed or updates are forced. Original error: Could not transfer artifact org.springframework.boot:spring-boot-starter-parent:pom:4.1.1 from/to central (https://repo.maven.apache.org/maven2): No such host is known (repo.maven.apache.org) and 'parent.relativePath' points at no local POM @ line 5, column 10

org.apache.maven.project.ProjectBuildingException: Some problems were encountered while processing the POMs:
[FATAL] Non-resolvable parent POM for in.cs:OnlineBankingSystem:1.0: The following artifacts could not be resolved: org.springframework.boot:spring-boot-starter-parent:pom:4.1.1 (absent): org.springframework.boot:spring-boot-starter-parent:pom:4.1.1 failed to transfer from https://repo.maven.apache.org/maven2 during a previous attempt. This failure was cached in the local repository and resolution is not reattempted until the update interval of central has elapsed or updates are forced. Original error: Could not transfer artifact org.springframework.boot:spring-boot-starter-parent:pom:4.1.1 from/to central (https://repo.maven.apache.org/maven2): No such host is known (repo.maven.apache.org) and 'parent.relativePath' points at no local POM @ line 5, column 10

	at org.eclipse.m2e.core.internal.IMavenToolbox.readMavenProjects(IMavenToolbox.java:140)
	at org.eclipse.m2e.core.internal.project.registry.ProjectRegistryManager.lambda$22(ProjectRegistryManager.java:948)
	at org.eclipse.m2e.core.internal.embedder.MavenExecutionContext.executeBare(MavenExecutionContext.java:462)
	at org.eclipse.m2e.core.internal.embedder.MavenExecutionContext.execute(MavenExecutionContext.java:342)
	at org.eclipse.m2e.core.internal.embedder.MavenExecutionContext.execute(MavenExecutionContext.java:281)
	at org.eclipse.m2e.core.internal.project.registry.ProjectRegistryManager.readProjectsWithDependencies(ProjectRegistryManager.java:944)
	at org.eclipse.m2e.core.internal.project.registry.ProjectRegistryManager.create(ProjectRegistryManager.java:219)
	at org.eclipse.m2e.core.internal.project.registry.MavenProjectManager.create(MavenProjectManager.java:105)
	at org.eclipse.m2e.core.ui.internal.actions.SelectionUtil.getMavenProject(SelectionUtil.java:239)
	at org.eclipse.m2e.editor.pom.MavenPomEditor.readMavenProject(MavenPomEditor.java:709)
	at org.eclipse.m2e.editor.pom.MavenPomEditor$4.run(MavenPomEditor.java:1029)
	at org.eclipse.core.internal.jobs.Worker.run(Worker.java:63)
2026-09-06 08:31:59,520 [Worker-32: reload maven project] ERROR o.e.m.c.i.p.r.ProjectRegistryManager - Failed to read Maven project: Some problems were encountered while processing the POMs:
[FATAL] Non-resolvable parent POM for in.cs:OnlineBankingSystem:1.0: The following artifacts could not be resolved: org.springframework.boot:spring-boot-starter-parent:pom:4.1.1 (absent): org.springframework.boot:spring-boot-starter-parent:pom:4.1.1 failed to transfer from https://repo.maven.apache.org/maven2 during a previous attempt. This failure was cached in the local repository and resolution is not reattempted until the update interval of central has elapsed or updates are forced. Original error: Could not transfer artifact org.springframework.boot:spring-boot-starter-parent:pom:4.1.1 from/to central (https://repo.maven.apache.org/maven2): No such host is known (repo.maven.apache.org) and 'parent.relativePath' points at no local POM @ line 5, column 10

org.apache.maven.project.ProjectBuildingException: Some problems were encountered while processing the POMs:
[FATAL] Non-resolvable parent POM for in.cs:OnlineBankingSystem:1.0: The following artifacts could not be resolved: org.springframework.boot:spring-boot-starter-parent:pom:4.1.1 (absent): org.springframework.boot:spring-boot-starter-parent:pom:4.1.1 failed to transfer from https://repo.maven.apache.org/maven2 during a previous attempt. This failure was cached in the local repository and resolution is not reattempted until the update interval of central has elapsed or updates are forced. Original error: Could not transfer artifact org.springframework.boot:spring-boot-starter-parent:pom:4.1.1 from/to central (https://repo.maven.apache.org/maven2): No such host is known (repo.maven.apache.org) and 'parent.relativePath' points at no local POM @ line 5, column 10

	at org.eclipse.m2e.core.internal.IMavenToolbox.readMavenProjects(IMavenToolbox.java:140)
	at org.eclipse.m2e.core.internal.project.registry.ProjectRegistryManager.lambda$22(ProjectRegistryManager.java:948)
	at org.eclipse.m2e.core.internal.embedder.MavenExecutionContext.executeBare(MavenExecutionContext.java:462)
	at org.eclipse.m2e.core.internal.embedder.MavenExecutionContext.execute(MavenExecutionContext.java:342)
	at org.eclipse.m2e.core.internal.embedder.MavenExecutionContext.execute(MavenExecutionContext.java:281)
	at org.eclipse.m2e.core.internal.project.registry.ProjectRegistryManager.readProjectsWithDependencies(ProjectRegistryManager.java:944)
	at org.eclipse.m2e.core.internal.project.registry.ProjectRegistryManager.create(ProjectRegistryManager.java:219)
	at org.eclipse.m2e.core.internal.project.registry.MavenProjectManager.create(MavenProjectManager.java:105)
	at org.eclipse.m2e.core.ui.internal.actions.SelectionUtil.getMavenProject(SelectionUtil.java:239)
	at org.eclipse.m2e.editor.pom.MavenPomEditor.readMavenProject(MavenPomEditor.java:709)
	at org.eclipse.m2e.editor.pom.MavenPomEditor$4.run(MavenPomEditor.java:1029)
	at org.eclipse.core.internal.jobs.Worker.run(Worker.java:63)
2026-09-06 08:52:59,249 [Worker-39: reload maven project] ERROR o.e.m2e.editor.pom.MavenPomEditor - failed to load maven project for org.eclipse.ui.part.FileEditorInput(/OnlineBankingSystem/pom.xml)
org.eclipse.core.runtime.CoreException: Could not read maven project
	at org.eclipse.m2e.core.internal.project.registry.ProjectRegistryManager.readProjectWithDependencies(ProjectRegistryManager.java:922)
	at org.eclipse.m2e.core.internal.project.registry.MavenProjectCache$CacheLine.lambda$1(MavenProjectCache.java:192)
	at java.base/java.util.concurrent.ConcurrentHashMap.computeIfAbsent(ConcurrentHashMap.java:1724)
	at org.eclipse.m2e.core.internal.project.registry.MavenProjectCache$CacheLine.getProject(MavenProjectCache.java:191)
	at org.eclipse.m2e.core.internal.project.registry.MavenProjectCache.getMavenProject(MavenProjectCache.java:105)
	at org.eclipse.m2e.core.internal.project.registry.ProjectRegistryManager.lambda$24(ProjectRegistryManager.java:1106)
	at java.base/java.util.Map.computeIfAbsent(Map.java:1067)
	at org.eclipse.m2e.core.internal.project.registry.ProjectRegistryManager.getMavenProject(ProjectRegistryManager.java:1105)
	at org.eclipse.m2e.core.internal.project.registry.MavenProjectFacade.getMavenProject(MavenProjectFacade.java:290)
	at org.eclipse.m2e.core.ui.internal.actions.SelectionUtil.getMavenProject(SelectionUtil.java:241)
	at org.eclipse.m2e.editor.pom.MavenPomEditor.readMavenProject(MavenPomEditor.java:709)
	at org.eclipse.m2e.editor.pom.MavenPomEditor$4.run(MavenPomEditor.java:1029)
	at org.eclipse.core.internal.jobs.Worker.run(Worker.java:63)
2026-09-06 08:52:59,551 [Worker-41: Building] INFO  o.e.m.c.i.l.LifecycleMappingFactory - Using org.eclipse.m2e.jdt.JarLifecycleMapping lifecycle mapping for MavenProject: in.cs:OnlineBankingSystem:1.0 @ C:\Users\PMLS\Desktop\RealProjects\OnlineBankingSystem\pom.xml.
2026-09-06 08:53:13,251 [Worker-41: Building] INFO  o.e.m.c.i.e.AbstractTransferListenerAdapter - Downloading https://repo.maven.apache.org/maven2/org/springframework/boot/spring-boot-starter-web/4.0.0/spring-boot-starter-web-4.0.0.pom
2026-09-06 08:53:13,264 [Worker-41: Building] INFO  o.e.m.c.i.e.AbstractTransferListenerAdapter - Downloaded https://repo.maven.apache.org/maven2/org/springframework/boot/spring-boot-starter-web/4.0.0/spring-boot-starter-web-4.0.0.pom
2026-09-06 08:53:15,131 [Worker-41: Building] INFO  o.e.m.c.i.e.AbstractTransferListenerAdapter - Downloading https://repo.maven.apache.org/maven2/org/springframework/boot/spring-boot-starter-web/4.0.0/spring-boot-starter-web-4.0.0.jar
2026-09-06 08:53:15,142 [Worker-41: Building] INFO  o.e.m.c.i.e.AbstractTransferListenerAdapter - Downloaded https://repo.maven.apache.org/maven2/org/springframework/boot/spring-boot-starter-web/4.0.0/spring-boot-starter-web-4.0.0.jar
2026-09-06 08:53:15,218 [Worker-41: Building] ERROR o.e.m.c.i.p.ProjectConfigurationManager - Could not read maven project
org.eclipse.core.runtime.CoreException: Could not read maven project
	at org.eclipse.m2e.core.internal.embedder.MavenImpl.lambda$4(MavenImpl.java:385)
	at org.eclipse.m2e.core.internal.embedder.MavenExecutionContext.executeBare(MavenExecutionContext.java:462)
	at org.eclipse.m2e.core.internal.embedder.MavenExecutionContext.execute(MavenExecutionContext.java:295)
	at org.eclipse.m2e.core.internal.embedder.MavenExecutionContext.execute(MavenExecutionContext.java:281)
	at org.eclipse.m2e.core.internal.embedder.MavenImpl.readProject(MavenImpl.java:375)
	at org.eclipse.m2e.mavenarchiver.internal.AbstractMavenArchiverConfigurator.lambda$4(AbstractMavenArchiverConfigurator.java:576)
	at org.eclipse.m2e.core.internal.embedder.MavenExecutionContext.executeBare(MavenExecutionContext.java:462)
	at org.eclipse.m2e.core.internal.embedder.MavenExecutionContext.execute(MavenExecutionContext.java:342)
	at org.eclipse.m2e.mavenarchiver.internal.AbstractMavenArchiverConfigurator.loadParentHierarchy(AbstractMavenArchiverConfigurator.java:568)
	at org.eclipse.m2e.mavenarchiver.internal.AbstractMavenArchiverConfigurator.generateManifest(AbstractMavenArchiverConfigurator.java:365)
	at org.eclipse.m2e.mavenarchiver.internal.AbstractMavenArchiverConfigurator.mavenProjectChanged(AbstractMavenArchiverConfigurator.java:228)
	at org.eclipse.m2e.mavenarchiver.internal.AbstractMavenArchiverConfigurator.mavenProjectChanged(AbstractMavenArchiverConfigurator.java:220)
	at org.eclipse.m2e.core.internal.project.ProjectConfigurationManager.mavenProjectChanged(ProjectConfigurationManager.java:885)
	at org.eclipse.m2e.core.internal.project.registry.ProjectRegistryManager.notifyProjectChangeListeners(ProjectRegistryManager.java:897)
	at org.eclipse.m2e.core.internal.project.registry.ProjectRegistryManager.applyMutableProjectRegistry(ProjectRegistryManager.java:1047)
	at org.eclipse.m2e.core.internal.project.registry.ProjectRegistryManager.refresh(ProjectRegistryManager.java:324)
	at org.eclipse.m2e.core.internal.builder.MavenBuilder$BuildMethod.getProjectFacade(MavenBuilder.java:146)
	at org.eclipse.m2e.core.internal.builder.MavenBuilder$BuildMethod.lambda$0(MavenBuilder.java:84)
	at org.eclipse.m2e.core.internal.embedder.MavenExecutionContext.executeBare(MavenExecutionContext.java:462)
	at org.eclipse.m2e.core.internal.embedder.MavenExecutionContext.execute(MavenExecutionContext.java:342)
	at org.eclipse.m2e.core.internal.embedder.MavenExecutionContext.execute(MavenExecutionContext.java:281)
	at org.eclipse.m2e.core.internal.builder.MavenBuilder$BuildMethod.execute(MavenBuilder.java:83)
	at org.eclipse.m2e.core.internal.builder.MavenBuilder.build(MavenBuilder.java:192)
	at org.eclipse.core.internal.events.BuildManager$2.run(BuildManager.java:1109)
	at org.eclipse.core.runtime.SafeRunner.run(SafeRunner.java:47)
	at org.eclipse.core.internal.events.BuildManager.basicBuild(BuildManager.java:299)
	at org.eclipse.core.internal.events.BuildManager.basicBuild(BuildManager.java:355)
	at org.eclipse.core.internal.events.BuildManager$1.run(BuildManager.java:449)
	at org.eclipse.core.runtime.SafeRunner.run(SafeRunner.java:47)
	at org.eclipse.core.internal.events.BuildManager.basicBuild(BuildManager.java:452)
	at org.eclipse.core.internal.events.BuildManager.basicBuildLoop(BuildManager.java:564)
	at org.eclipse.core.internal.events.BuildManager.basicBuildLoop(BuildManager.java:512)
	at org.eclipse.core.internal.events.BuildManager.build(BuildManager.java:594)
	at org.eclipse.core.internal.events.AutoBuildJob.doBuild(AutoBuildJob.java:208)
	at org.eclipse.core.internal.events.AutoBuildJob.run(AutoBuildJob.java:309)
	at org.eclipse.core.internal.jobs.Worker.run(Worker.java:63)
Caused by: org.apache.maven.project.ProjectBuildingException: 1 problem was encountered while building the effective model
[FATAL] Non-readable POM C:\Users\PMLS\Desktop\RealProjects\OnlineBankingSystem: C:\Users\PMLS\Desktop\RealProjects\OnlineBankingSystem (Access is denied) @ 
 for project  at C:\Users\PMLS\Desktop\RealProjects\OnlineBankingSystem
	at org.apache.maven.project.DefaultProjectBuilder.build(DefaultProjectBuilder.java:180)
	at org.apache.maven.project.DefaultProjectBuilder.build(DefaultProjectBuilder.java:123)
	at org.eclipse.m2e.core.internal.embedder.MavenImpl.lambda$4(MavenImpl.java:383)
	... 35 common frames omitted
Caused by: org.apache.maven.model.building.ModelBuildingException: 1 problem was encountered while building the effective model
[FATAL] Non-readable POM C:\Users\PMLS\Desktop\RealProjects\OnlineBankingSystem: C:\Users\PMLS\Desktop\RealProjects\OnlineBankingSystem (Access is denied) @ 

	at org.apache.maven.model.building.DefaultModelProblemCollector.newModelBuildingException(DefaultModelProblemCollector.java:176)
	at org.apache.maven.model.building.DefaultModelBuilder.readModel(DefaultModelBuilder.java:642)
	at org.apache.maven.model.building.DefaultModelBuilder.build(DefaultModelBuilder.java:262)
	at org.apache.maven.model.building.DefaultModelBuilder.build(DefaultModelBuilder.java:248)
	at org.apache.maven.project.DefaultProjectBuilder.build(DefaultProjectBuilder.java:176)
	... 37 common frames omitted
2026-09-06 08:53:15,435 [Worker-41: Building] WARN  o.apache.maven.project.MavenProject - Direct modification of compileSourceRoots through clear() is deprecated and will not work in Maven 4.0.0. Please use the add/remove methods instead. If you're using a plugin that causes this warning, please upgrade to the latest version and report an issue if the warning persists. To disable these warnings, set -Dmaven.project.sourceRoots.warningsDisabled=true on the command line, in the .mvn/maven.config file, or in project POM properties.
2026-09-06 08:53:15,437 [Worker-41: Building] WARN  o.apache.maven.project.MavenProject - Direct modification of testCompileSourceRoots through clear() is deprecated and will not work in Maven 4.0.0. Please use the add/remove methods instead. If you're using a plugin that causes this warning, please upgrade to the latest version and report an issue if the warning persists. To disable these warnings, set -Dmaven.project.sourceRoots.warningsDisabled=true on the command line, in the .mvn/maven.config file, or in project POM properties.
2026-09-06 08:53:19,534 [Worker-37: Download sources and javadoc] INFO  o.e.m.c.i.e.AbstractTransferListenerAdapter - Downloading https://repo.maven.apache.org/maven2/org/springframework/boot/spring-boot-starter-data-jpa/4.0.0/spring-boot-starter-data-jpa-4.0.0-sources.jar
2026-09-06 08:53:19,583 [Worker-37: Download sources and javadoc] INFO  o.e.m.c.i.e.AbstractTransferListenerAdapter - Downloaded https://repo.maven.apache.org/maven2/org/springframework/boot/spring-boot-starter-data-jpa/4.0.0/spring-boot-starter-data-jpa-4.0.0-sources.jar
2026-09-06 08:53:19,586 [Worker-37: Download sources and javadoc] INFO  o.e.m.j.internal.DownloadSourcesJob - Downloaded sources for org.springframework.boot:spring-boot-starter-data-jpa:4.0.0
2026-09-06 08:53:20,993 [Worker-37: Download sources and javadoc] INFO  o.e.m.c.i.e.AbstractTransferListenerAdapter - Downloading https://repo.maven.apache.org/maven2/org/springframework/boot/spring-boot-data-jpa/4.0.0/spring-boot-data-jpa-4.0.0-sources.jar
2026-09-06 08:53:21,000 [Worker-37: Download sources and javadoc] INFO  o.e.m.c.i.e.AbstractTransferListenerAdapter - Downloaded https://repo.maven.apache.org/maven2/org/springframework/boot/spring-boot-data-jpa/4.0.0/spring-boot-data-jpa-4.0.0-sources.jar
2026-09-06 08:53:21,004 [Worker-37: Download sources and javadoc] INFO  o.e.m.j.internal.DownloadSourcesJob - Downloaded sources for org.springframework.boot:spring-boot-data-jpa:4.0.0
2026-09-06 08:53:21,511 [Worker-37: Download sources and javadoc] INFO  o.e.m.c.i.e.AbstractTransferListenerAdapter - Downloading https://repo.maven.apache.org/maven2/org/springframework/boot/spring-boot-data-commons/4.0.0/spring-boot-data-commons-4.0.0-sources.jar
2026-09-06 08:53:21,534 [Worker-37: Download sources and javadoc] INFO  o.e.m.c.i.e.AbstractTransferListenerAdapter - Downloaded https://repo.maven.apache.org/maven2/org/springframework/boot/spring-boot-data-commons/4.0.0/spring-boot-data-commons-4.0.0-sources.jar
2026-09-06 08:53:21,537 [Worker-37: Download sources and javadoc] INFO  o.e.m.j.internal.DownloadSourcesJob - Downloaded sources for org.springframework.boot:spring-boot-data-commons:4.0.0
2026-09-06 08:53:22,193 [Worker-37: Download sources and javadoc] INFO  o.e.m.c.i.e.AbstractTransferListenerAdapter - Downloading https://repo.maven.apache.org/maven2/org/springframework/data/spring-data-commons/4.0.0/spring-data-commons-4.0.0-sources.jar
2026-09-06 08:53:22,765 [Worker-37: Download sources and javadoc] INFO  o.e.m.c.i.e.AbstractTransferListenerAdapter - Downloaded https://repo.maven.apache.org/maven2/org/springframework/data/spring-data-commons/4.0.0/spring-data-commons-4.0.0-sources.jar
2026-09-06 08:53:22,769 [Worker-37: Download sources and javadoc] INFO  o.e.m.j.internal.DownloadSourcesJob - Downloaded sources for org.springframework.data:spring-data-commons:4.0.0
2026-09-06 08:53:23,111 [Worker-37: Download sources and javadoc] INFO  o.e.m.c.i.e.AbstractTransferListenerAdapter - Downloading https://repo.maven.apache.org/maven2/org/springframework/boot/spring-boot-hibernate/4.0.0/spring-boot-hibernate-4.0.0-sources.jar
2026-09-06 08:53:23,136 [Worker-37: Download sources and javadoc] INFO  o.e.m.c.i.e.AbstractTransferListenerAdapter - Downloaded https://repo.maven.apache.org/maven2/org/springframework/boot/spring-boot-hibernate/4.0.0/spring-boot-hibernate-4.0.0-sources.jar
2026-09-06 08:53:23,140 [Worker-37: Download sources and javadoc] INFO  o.e.m.j.internal.DownloadSourcesJob - Downloaded sources for org.springframework.boot:spring-boot-hibernate:4.0.0
2026-09-06 08:53:23,770 [Worker-37: Download sources and javadoc] INFO  o.e.m.c.i.e.AbstractTransferListenerAdapter - Downloading https://repo.maven.apache.org/maven2/org/springframework/boot/spring-boot-jpa/4.0.0/spring-boot-jpa-4.0.0-sources.jar
2026-09-06 08:53:23,793 [Worker-37: Download sources and javadoc] INFO  o.e.m.c.i.e.AbstractTransferListenerAdapter - Downloaded https://repo.maven.apache.org/maven2/org/springframework/boot/spring-boot-jpa/4.0.0/spring-boot-jpa-4.0.0-sources.jar
2026-09-06 08:53:23,798 [Worker-37: Download sources and javadoc] INFO  o.e.m.j.internal.DownloadSourcesJob - Downloaded sources for org.springframework.boot:spring-boot-jpa:4.0.0
2026-09-06 08:53:24,282 [Worker-37: Download sources and javadoc] INFO  o.e.m.c.i.e.AbstractTransferListenerAdapter - Downloading https://repo.maven.apache.org/maven2/org/hibernate/orm/hibernate-core/7.1.8.Final/hibernate-core-7.1.8.Final-sources.jar
2026-09-06 08:57:32,077 [Worker-37: Download sources and javadoc] INFO  o.e.m.c.i.e.AbstractTransferListenerAdapter - Downloaded https://repo.maven.apache.org/maven2/org/hibernate/orm/hibernate-core/7.1.8.Final/hibernate-core-7.1.8.Final-sources.jar
2026-09-06 08:57:32,092 [Worker-37: Download sources and javadoc] INFO  o.e.m.j.internal.DownloadSourcesJob - Downloaded sources for org.hibernate.orm:hibernate-core:7.1.8.Final
2026-09-06 08:57:32,601 [Worker-37: Download sources and javadoc] INFO  o.e.m.c.i.e.AbstractTransferListenerAdapter - Downloading https://repo.maven.apache.org/maven2/org/springframework/spring-orm/7.0.1/spring-orm-7.0.1-sources.jar
2026-09-06 08:57:32,766 [Worker-37: Download sources and javadoc] INFO  o.e.m.c.i.e.AbstractTransferListenerAdapter - Downloaded https://repo.maven.apache.org/maven2/org/springframework/spring-orm/7.0.1/spring-orm-7.0.1-sources.jar
2026-09-06 08:57:32,780 [Worker-37: Download sources and javadoc] INFO  o.e.m.j.internal.DownloadSourcesJob - Downloaded sources for org.springframework:spring-orm:7.0.1
2026-09-06 08:57:33,600 [Worker-37: Download sources and javadoc] INFO  o.e.m.c.i.e.AbstractTransferListenerAdapter - Downloading https://repo.maven.apache.org/maven2/org/springframework/data/spring-data-jpa/4.0.0/spring-data-jpa-4.0.0-sources.jar
2026-09-06 08:57:36,577 [Worker-37: Download sources and javadoc] INFO  o.e.m.c.i.e.AbstractTransferListenerAdapter - Downloaded https://repo.maven.apache.org/maven2/org/springframework/data/spring-data-jpa/4.0.0/spring-data-jpa-4.0.0-sources.jar
2026-09-06 08:57:36,585 [Worker-37: Download sources and javadoc] INFO  o.e.m.j.internal.DownloadSourcesJob - Downloaded sources for org.springframework.data:spring-data-jpa:4.0.0
2026-09-06 08:57:36,995 [Worker-37: Download sources and javadoc] INFO  o.e.m.c.i.e.AbstractTransferListenerAdapter - Downloading https://repo.maven.apache.org/maven2/org/springframework/spring-aspects/7.0.1/spring-aspects-7.0.1-sources.jar
2026-09-06 08:57:37,007 [Worker-37: Download sources and javadoc] INFO  o.e.m.c.i.e.AbstractTransferListenerAdapter - Downloaded https://repo.maven.apache.org/maven2/org/springframework/spring-aspects/7.0.1/spring-aspects-7.0.1-sources.jar
2026-09-06 08:57:37,017 [Worker-37: Download sources and javadoc] INFO  o.e.m.j.internal.DownloadSourcesJob - Downloaded sources for org.springframework:spring-aspects:7.0.1
2026-09-06 08:57:37,390 [Worker-37: Download sources and javadoc] INFO  o.e.m.c.i.e.AbstractTransferListenerAdapter - Downloading https://repo.maven.apache.org/maven2/org/aspectj/aspectjweaver/1.9.25/aspectjweaver-1.9.25-sources.jar
2026-09-06 08:57:38,758 [Worker-37: Download sources and javadoc] INFO  o.e.m.c.i.e.AbstractTransferListenerAdapter - Downloaded https://repo.maven.apache.org/maven2/org/aspectj/aspectjweaver/1.9.25/aspectjweaver-1.9.25-sources.jar
2026-09-06 08:57:38,765 [Worker-37: Download sources and javadoc] INFO  o.e.m.j.internal.DownloadSourcesJob - Downloaded sources for org.aspectj:aspectjweaver:1.9.25
2026-09-06 08:57:39,238 [Worker-37: Download sources and javadoc] INFO  o.e.m.c.i.e.AbstractTransferListenerAdapter - Downloading https://repo.maven.apache.org/maven2/org/springframework/boot/spring-boot-starter-web/4.0.0/spring-boot-starter-web-4.0.0-sources.jar
2026-09-06 08:57:39,248 [Worker-37: Download sources and javadoc] INFO  o.e.m.c.i.e.AbstractTransferListenerAdapter - Downloaded https://repo.maven.apache.org/maven2/org/springframework/boot/spring-boot-starter-web/4.0.0/spring-boot-starter-web-4.0.0-sources.jar
2026-09-06 08:57:39,276 [Worker-37: Download sources and javadoc] INFO  o.e.m.j.internal.DownloadSourcesJob - Downloaded sources for org.springframework.boot:spring-boot-starter-web:4.0.0
2026-09-06 08:57:40,201 [Worker-37: Download sources and javadoc] INFO  o.e.m.c.i.e.AbstractTransferListenerAdapter - Downloading https://repo.maven.apache.org/maven2/org/springframework/boot/spring-boot-starter-data-jpa-test/4.0.0/spring-boot-starter-data-jpa-test-4.0.0-sources.jar
2026-09-06 08:57:40,208 [Worker-37: Download sources and javadoc] INFO  o.e.m.c.i.e.AbstractTransferListenerAdapter - Downloaded https://repo.maven.apache.org/maven2/org/springframework/boot/spring-boot-starter-data-jpa-test/4.0.0/spring-boot-starter-data-jpa-test-4.0.0-sources.jar
2026-09-06 08:57:40,219 [Worker-37: Download sources and javadoc] INFO  o.e.m.j.internal.DownloadSourcesJob - Downloaded sources for org.springframework.boot:spring-boot-starter-data-jpa-test:4.0.0
2026-09-06 08:57:40,794 [Worker-37: Download sources and javadoc] INFO  o.e.m.c.i.e.AbstractTransferListenerAdapter - Downloading https://repo.maven.apache.org/maven2/org/springframework/boot/spring-boot-starter-jdbc-test/4.0.0/spring-boot-starter-jdbc-test-4.0.0-sources.jar
2026-09-06 08:57:40,803 [Worker-37: Download sources and javadoc] INFO  o.e.m.c.i.e.AbstractTransferListenerAdapter - Downloaded https://repo.maven.apache.org/maven2/org/springframework/boot/spring-boot-starter-jdbc-test/4.0.0/spring-boot-starter-jdbc-test-4.0.0-sources.jar
2026-09-06 08:57:40,811 [Worker-37: Download sources and javadoc] INFO  o.e.m.j.internal.DownloadSourcesJob - Downloaded sources for org.springframework.boot:spring-boot-starter-jdbc-test:4.0.0
2026-09-06 08:57:43,048 [Worker-37: Download sources and javadoc] INFO  o.e.m.c.i.e.AbstractTransferListenerAdapter - Downloading https://repo.maven.apache.org/maven2/org/springframework/boot/spring-boot-jdbc-test/4.0.0/spring-boot-jdbc-test-4.0.0-sources.jar
2026-09-06 08:57:43,057 [Worker-37: Download sources and javadoc] INFO  o.e.m.c.i.e.AbstractTransferListenerAdapter - Downloaded https://repo.maven.apache.org/maven2/org/springframework/boot/spring-boot-jdbc-test/4.0.0/spring-boot-jdbc-test-4.0.0-sources.jar
2026-09-06 08:57:43,066 [Worker-37: Download sources and javadoc] INFO  o.e.m.j.internal.DownloadSourcesJob - Downloaded sources for org.springframework.boot:spring-boot-jdbc-test:4.0.0
2026-09-06 08:57:43,730 [Worker-37: Download sources and javadoc] INFO  o.e.m.c.i.e.AbstractTransferListenerAdapter - Downloading https://repo.maven.apache.org/maven2/org/springframework/boot/spring-boot-data-jpa-test/4.0.0/spring-boot-data-jpa-test-4.0.0-sources.jar
2026-09-06 08:57:43,741 [Worker-37: Download sources and javadoc] INFO  o.e.m.c.i.e.AbstractTransferListenerAdapter - Downloaded https://repo.maven.apache.org/maven2/org/springframework/boot/spring-boot-data-jpa-test/4.0.0/spring-boot-data-jpa-test-4.0.0-sources.jar
2026-09-06 08:57:43,748 [Worker-37: Download sources and javadoc] INFO  o.e.m.j.internal.DownloadSourcesJob - Downloaded sources for org.springframework.boot:spring-boot-data-jpa-test:4.0.0
2026-09-06 08:57:44,401 [Worker-37: Download sources and javadoc] INFO  o.e.m.c.i.e.AbstractTransferListenerAdapter - Downloading https://repo.maven.apache.org/maven2/org/springframework/boot/spring-boot-jpa-test/4.0.0/spring-boot-jpa-test-4.0.0-sources.jar
2026-09-06 08:57:44,413 [Worker-37: Download sources and javadoc] INFO  o.e.m.c.i.e.AbstractTransferListenerAdapter - Downloaded https://repo.maven.apache.org/maven2/org/springframework/boot/spring-boot-jpa-test/4.0.0/spring-boot-jpa-test-4.0.0-sources.jar
2026-09-06 08:57:44,422 [Worker-37: Download sources and javadoc] INFO  o.e.m.j.internal.DownloadSourcesJob - Downloaded sources for org.springframework.boot:spring-boot-jpa-test:4.0.0
2026-09-06 08:58:24,461 [Worker-39: Building] INFO  o.e.m.c.i.e.AbstractTransferListenerAdapter - Downloading https://repo.maven.apache.org/maven2/org/springframework/boot/spring-boot-starter-parent/3.5.5/spring-boot-starter-parent-3.5.5.pom
2026-09-06 08:58:24,484 [Worker-39: Building] INFO  o.e.m.c.i.e.AbstractTransferListenerAdapter - Downloaded https://repo.maven.apache.org/maven2/org/springframework/boot/spring-boot-starter-parent/3.5.5/spring-boot-starter-parent-3.5.5.pom
2026-09-06 08:58:24,824 [Worker-39: Building] INFO  o.e.m.c.i.e.AbstractTransferListenerAdapter - Downloading https://repo.maven.apache.org/maven2/org/springframework/boot/spring-boot-dependencies/3.5.5/spring-boot-dependencies-3.5.5.pom
2026-09-06 08:58:24,905 [Worker-39: Building] INFO  o.e.m.c.i.e.AbstractTransferListenerAdapter - Downloaded https://repo.maven.apache.org/maven2/org/springframework/boot/spring-boot-dependencies/3.5.5/spring-boot-dependencies-3.5.5.pom
2026-09-06 08:58:25,169 [Worker-39: Building] INFO  o.e.m.c.i.e.AbstractTransferListenerAdapter - Downloading https://repo.maven.apache.org/maven2/org/assertj/assertj-bom/3.27.4/assertj-bom-3.27.4.pom
2026-09-06 08:58:25,172 [Worker-39: Building] INFO  o.e.m.c.i.e.AbstractTransferListenerAdapter - Downloaded https://repo.maven.apache.org/maven2/org/assertj/assertj-bom/3.27.4/assertj-bom-3.27.4.pom
2026-09-06 08:58:25,642 [Worker-39: Building] INFO  o.e.m.c.i.e.AbstractTransferListenerAdapter - Downloading https://repo.maven.apache.org/maven2/org/eclipse/jetty/ee10/jetty-ee10-bom/12.0.25/jetty-ee10-bom-12.0.25.pom
2026-09-06 08:58:25,648 [Worker-39: Building] INFO  o.e.m.c.i.e.AbstractTransferListenerAdapter - Downloaded https://repo.maven.apache.org/maven2/org/eclipse/jetty/ee10/jetty-ee10-bom/12.0.25/jetty-ee10-bom-12.0.25.pom
2026-09-06 08:58:26,171 [Worker-39: Building] INFO  o.e.m.c.i.e.AbstractTransferListenerAdapter - Downloading https://repo.maven.apache.org/maven2/org/eclipse/jetty/jetty-bom/12.0.25/jetty-bom-12.0.25.pom
2026-09-06 08:58:26,182 [Worker-39: Building] INFO  o.e.m.c.i.e.AbstractTransferListenerAdapter - Downloaded https://repo.maven.apache.org/maven2/org/eclipse/jetty/jetty-bom/12.0.25/jetty-bom-12.0.25.pom
2026-09-06 08:58:26,533 [Worker-39: Building] INFO  o.e.m.c.i.e.AbstractTransferListenerAdapter - Downloading https://repo.maven.apache.org/maven2/io/micrometer/micrometer-bom/1.15.3/micrometer-bom-1.15.3.pom
2026-09-06 08:58:26,538 [Worker-39: Building] INFO  o.e.m.c.i.e.AbstractTransferListenerAdapter - Downloaded https://repo.maven.apache.org/maven2/io/micrometer/micrometer-bom/1.15.3/micrometer-bom-1.15.3.pom
2026-09-06 08:58:27,079 [Worker-39: Building] INFO  o.e.m.c.i.e.AbstractTransferListenerAdapter - Downloading https://repo.maven.apache.org/maven2/io/micrometer/micrometer-tracing-bom/1.5.3/micrometer-tracing-bom-1.5.3.pom
2026-09-06 08:58:27,091 [Worker-39: Building] INFO  o.e.m.c.i.e.AbstractTransferListenerAdapter - Downloaded https://repo.maven.apache.org/maven2/io/micrometer/micrometer-tracing-bom/1.5.3/micrometer-tracing-bom-1.5.3.pom
2026-09-06 08:58:27,329 [Worker-39: Building] INFO  o.e.m.c.i.e.AbstractTransferListenerAdapter - Downloading https://repo.maven.apache.org/maven2/io/netty/netty-bom/4.1.124.Final/netty-bom-4.1.124.Final.pom
2026-09-06 08:58:27,596 [Worker-39: Building] INFO  o.e.m.c.i.e.AbstractTransferListenerAdapter - Downloaded https://repo.maven.apache.org/maven2/io/netty/netty-bom/4.1.124.Final/netty-bom-4.1.124.Final.pom
2026-09-06 08:58:27,999 [Worker-39: Building] INFO  o.e.m.c.i.e.AbstractTransferListenerAdapter - Downloading https://repo.maven.apache.org/maven2/org/apache/pulsar/pulsar-bom/4.0.6/pulsar-bom-4.0.6.pom
2026-09-06 08:58:28,008 [Worker-39: Building] INFO  o.e.m.c.i.e.AbstractTransferListenerAdapter - Downloaded https://repo.maven.apache.org/maven2/org/apache/pulsar/pulsar-bom/4.0.6/pulsar-bom-4.0.6.pom
2026-09-06 08:58:28,209 [Worker-39: Building] INFO  o.e.m.c.i.e.AbstractTransferListenerAdapter - Downloading https://repo.maven.apache.org/maven2/io/projectreactor/reactor-bom/2024.0.9/reactor-bom-2024.0.9.pom
2026-09-06 08:58:28,217 [Worker-39: Building] INFO  o.e.m.c.i.e.AbstractTransferListenerAdapter - Downloaded https://repo.maven.apache.org/maven2/io/projectreactor/reactor-bom/2024.0.9/reactor-bom-2024.0.9.pom
2026-09-06 08:58:28,428 [Worker-39: Building] INFO  o.e.m.c.i.e.AbstractTransferListenerAdapter - Downloading https://repo.maven.apache.org/maven2/org/springframework/data/spring-data-bom/2025.0.3/spring-data-bom-2025.0.3.pom
2026-09-06 08:58:28,437 [Worker-39: Building] INFO  o.e.m.c.i.e.AbstractTransferListenerAdapter - Downloaded https://repo.maven.apache.org/maven2/org/springframework/data/spring-data-bom/2025.0.3/spring-data-bom-2025.0.3.pom
2026-09-06 08:58:28,819 [Worker-39: Building] INFO  o.e.m.c.i.e.AbstractTransferListenerAdapter - Downloading https://repo.maven.apache.org/maven2/org/springframework/spring-framework-bom/6.2.10/spring-framework-bom-6.2.10.pom
2026-09-06 08:58:28,837 [Worker-39: Building] INFO  o.e.m.c.i.e.AbstractTransferListenerAdapter - Downloaded https://repo.maven.apache.org/maven2/org/springframework/spring-framework-bom/6.2.10/spring-framework-bom-6.2.10.pom
2026-09-06 08:58:29,189 [Worker-39: Building] INFO  o.e.m.c.i.e.AbstractTransferListenerAdapter - Downloading https://repo.maven.apache.org/maven2/org/springframework/pulsar/spring-pulsar-bom/1.2.9/spring-pulsar-bom-1.2.9.pom
2026-09-06 08:58:29,196 [Worker-39: Building] INFO  o.e.m.c.i.e.AbstractTransferListenerAdapter - Downloaded https://repo.maven.apache.org/maven2/org/springframework/pulsar/spring-pulsar-bom/1.2.9/spring-pulsar-bom-1.2.9.pom
2026-09-06 08:58:29,431 [Worker-39: Building] INFO  o.e.m.c.i.e.AbstractTransferListenerAdapter - Downloading https://repo.maven.apache.org/maven2/org/springframework/security/spring-security-bom/6.5.3/spring-security-bom-6.5.3.pom
2026-09-06 08:58:29,434 [Worker-39: Building] INFO  o.e.m.c.i.e.AbstractTransferListenerAdapter - Downloaded https://repo.maven.apache.org/maven2/org/springframework/security/spring-security-bom/6.5.3/spring-security-bom-6.5.3.pom
2026-09-06 08:58:29,757 [Worker-39: Building] INFO  o.e.m.c.i.e.AbstractTransferListenerAdapter - Downloading https://repo.maven.apache.org/maven2/org/springframework/session/spring-session-bom/3.5.2/spring-session-bom-3.5.2.pom
2026-09-06 08:58:29,793 [Worker-39: Building] INFO  o.e.m.c.i.e.AbstractTransferListenerAdapter - Downloaded https://repo.maven.apache.org/maven2/org/springframework/session/spring-session-bom/3.5.2/spring-session-bom-3.5.2.pom
2026-09-06 08:58:30,401 [Worker-39: Building] INFO  o.e.m.c.i.e.AbstractTransferListenerAdapter - Downloading https://repo.maven.apache.org/maven2/org/springframework/boot/spring-boot-maven-plugin/3.5.5/spring-boot-maven-plugin-3.5.5.pom
2026-09-06 08:58:30,406 [Worker-39: Building] INFO  o.e.m.c.i.e.AbstractTransferListenerAdapter - Downloaded https://repo.maven.apache.org/maven2/org/springframework/boot/spring-boot-maven-plugin/3.5.5/spring-boot-maven-plugin-3.5.5.pom
2026-09-06 08:58:30,607 [Worker-39: Building] INFO  o.e.m.c.i.e.AbstractTransferListenerAdapter - Downloading https://repo.maven.apache.org/maven2/org/springframework/boot/spring-boot-maven-plugin/3.5.5/spring-boot-maven-plugin-3.5.5.jar
2026-09-06 08:58:30,717 [Worker-39: Building] INFO  o.e.m.c.i.e.AbstractTransferListenerAdapter - Downloaded https://repo.maven.apache.org/maven2/org/springframework/boot/spring-boot-maven-plugin/3.5.5/spring-boot-maven-plugin-3.5.5.jar
2026-09-06 08:58:30,947 [Worker-39: Building] INFO  o.e.m.c.i.l.LifecycleMappingFactory - Using org.eclipse.m2e.jdt.JarLifecycleMapping lifecycle mapping for MavenProject: in.cs:OnlineBankingSystem:1.0 @ C:\Users\PMLS\Desktop\RealProjects\OnlineBankingSystem\pom.xml.
2026-09-06 08:58:31,131 [Worker-39: Building] INFO  o.e.m.c.i.e.AbstractTransferListenerAdapter - Downloading https://repo.maven.apache.org/maven2/org/springframework/boot/spring-boot-starter-web/3.5.5/spring-boot-starter-web-3.5.5.pom
2026-09-06 08:58:31,174 [Worker-39: Building] INFO  o.e.m.c.i.e.AbstractTransferListenerAdapter - Downloaded https://repo.maven.apache.org/maven2/org/springframework/boot/spring-boot-starter-web/3.5.5/spring-boot-starter-web-3.5.5.pom
2026-09-06 08:58:31,502 [Worker-39: Building] INFO  o.e.m.c.i.e.AbstractTransferListenerAdapter - Downloading https://repo.maven.apache.org/maven2/org/springframework/boot/spring-boot-starter/3.5.5/spring-boot-starter-3.5.5.pom
2026-09-06 08:58:31,520 [Worker-39: Building] INFO  o.e.m.c.i.e.AbstractTransferListenerAdapter - Downloaded https://repo.maven.apache.org/maven2/org/springframework/boot/spring-boot-starter/3.5.5/spring-boot-starter-3.5.5.pom
2026-09-06 08:58:31,802 [Worker-39: Building] INFO  o.e.m.c.i.e.AbstractTransferListenerAdapter - Downloading https://repo.maven.apache.org/maven2/org/springframework/boot/spring-boot/3.5.5/spring-boot-3.5.5.pom
2026-09-06 08:58:31,810 [Worker-39: Building] INFO  o.e.m.c.i.e.AbstractTransferListenerAdapter - Downloaded https://repo.maven.apache.org/maven2/org/springframework/boot/spring-boot/3.5.5/spring-boot-3.5.5.pom
2026-09-06 08:58:32,121 [Worker-39: Building] INFO  o.e.m.c.i.e.AbstractTransferListenerAdapter - Downloading https://repo.maven.apache.org/maven2/org/springframework/spring-core/6.2.10/spring-core-6.2.10.pom
2026-09-06 08:58:32,125 [Worker-39: Building] INFO  o.e.m.c.i.e.AbstractTransferListenerAdapter - Downloaded https://repo.maven.apache.org/maven2/org/springframework/spring-core/6.2.10/spring-core-6.2.10.pom
2026-09-06 08:58:32,685 [Worker-39: Building] INFO  o.e.m.c.i.e.AbstractTransferListenerAdapter - Downloading https://repo.maven.apache.org/maven2/org/springframework/spring-jcl/6.2.10/spring-jcl-6.2.10.pom
2026-09-06 08:58:32,690 [Worker-39: Building] INFO  o.e.m.c.i.e.AbstractTransferListenerAdapter - Downloaded https://repo.maven.apache.org/maven2/org/springframework/spring-jcl/6.2.10/spring-jcl-6.2.10.pom
2026-09-06 08:58:32,911 [Worker-39: Building] INFO  o.e.m.c.i.e.AbstractTransferListenerAdapter - Downloading https://repo.maven.apache.org/maven2/org/springframework/spring-context/6.2.10/spring-context-6.2.10.pom
2026-09-06 08:58:32,917 [Worker-39: Building] INFO  o.e.m.c.i.e.AbstractTransferListenerAdapter - Downloaded https://repo.maven.apache.org/maven2/org/springframework/spring-context/6.2.10/spring-context-6.2.10.pom
2026-09-06 08:58:33,157 [Worker-39: Building] INFO  o.e.m.c.i.e.AbstractTransferListenerAdapter - Downloading https://repo.maven.apache.org/maven2/org/springframework/spring-aop/6.2.10/spring-aop-6.2.10.pom
2026-09-06 08:58:33,162 [Worker-39: Building] INFO  o.e.m.c.i.e.AbstractTransferListenerAdapter - Downloaded https://repo.maven.apache.org/maven2/org/springframework/spring-aop/6.2.10/spring-aop-6.2.10.pom
2026-09-06 08:58:33,416 [Worker-39: Building] INFO  o.e.m.c.i.e.AbstractTransferListenerAdapter - Downloading https://repo.maven.apache.org/maven2/org/springframework/spring-beans/6.2.10/spring-beans-6.2.10.pom
2026-09-06 08:58:33,419 [Worker-39: Building] INFO  o.e.m.c.i.e.AbstractTransferListenerAdapter - Downloaded https://repo.maven.apache.org/maven2/org/springframework/spring-beans/6.2.10/spring-beans-6.2.10.pom
2026-09-06 08:58:33,714 [Worker-39: Building] INFO  o.e.m.c.i.e.AbstractTransferListenerAdapter - Downloading https://repo.maven.apache.org/maven2/org/springframework/spring-expression/6.2.10/spring-expression-6.2.10.pom
2026-09-06 08:58:33,717 [Worker-39: Building] INFO  o.e.m.c.i.e.AbstractTransferListenerAdapter - Downloaded https://repo.maven.apache.org/maven2/org/springframework/spring-expression/6.2.10/spring-expression-6.2.10.pom
2026-09-06 08:58:33,973 [Worker-39: Building] INFO  o.e.m.c.i.e.AbstractTransferListenerAdapter - Downloading https://repo.maven.apache.org/maven2/io/micrometer/micrometer-observation/1.15.3/micrometer-observation-1.15.3.pom
2026-09-06 08:58:33,977 [Worker-39: Building] INFO  o.e.m.c.i.e.AbstractTransferListenerAdapter - Downloaded https://repo.maven.apache.org/maven2/io/micrometer/micrometer-observation/1.15.3/micrometer-observation-1.15.3.pom
2026-09-06 08:58:34,195 [Worker-39: Building] INFO  o.e.m.c.i.e.AbstractTransferListenerAdapter - Downloading https://repo.maven.apache.org/maven2/io/micrometer/micrometer-commons/1.15.3/micrometer-commons-1.15.3.pom
2026-09-06 08:58:34,202 [Worker-39: Building] INFO  o.e.m.c.i.e.AbstractTransferListenerAdapter - Downloaded https://repo.maven.apache.org/maven2/io/micrometer/micrometer-commons/1.15.3/micrometer-commons-1.15.3.pom
2026-09-06 08:58:34,423 [Worker-39: Building] INFO  o.e.m.c.i.e.AbstractTransferListenerAdapter - Downloading https://repo.maven.apache.org/maven2/org/springframework/boot/spring-boot-autoconfigure/3.5.5/spring-boot-autoconfigure-3.5.5.pom
2026-09-06 08:58:34,430 [Worker-39: Building] INFO  o.e.m.c.i.e.AbstractTransferListenerAdapter - Downloaded https://repo.maven.apache.org/maven2/org/springframework/boot/spring-boot-autoconfigure/3.5.5/spring-boot-autoconfigure-3.5.5.pom
2026-09-06 08:58:34,625 [Worker-39: Building] INFO  o.e.m.c.i.e.AbstractTransferListenerAdapter - Downloading https://repo.maven.apache.org/maven2/org/springframework/boot/spring-boot-starter-logging/3.5.5/spring-boot-starter-logging-3.5.5.pom
2026-09-06 08:58:34,632 [Worker-39: Building] INFO  o.e.m.c.i.e.AbstractTransferListenerAdapter - Downloaded https://repo.maven.apache.org/maven2/org/springframework/boot/spring-boot-starter-logging/3.5.5/spring-boot-starter-logging-3.5.5.pom
2026-09-06 08:58:34,897 [Worker-39: Building] INFO  o.e.m.c.i.e.AbstractTransferListenerAdapter - Downloading https://repo.maven.apache.org/maven2/org/springframework/boot/spring-boot-starter-json/3.5.5/spring-boot-starter-json-3.5.5.pom
2026-09-06 08:58:34,912 [Worker-39: Building] INFO  o.e.m.c.i.e.AbstractTransferListenerAdapter - Downloaded https://repo.maven.apache.org/maven2/org/springframework/boot/spring-boot-starter-json/3.5.5/spring-boot-starter-json-3.5.5.pom
2026-09-06 08:58:35,249 [Worker-39: Building] INFO  o.e.m.c.i.e.AbstractTransferListenerAdapter - Downloading https://repo.maven.apache.org/maven2/org/springframework/spring-web/6.2.10/spring-web-6.2.10.pom
2026-09-06 08:58:35,269 [Worker-39: Building] INFO  o.e.m.c.i.e.AbstractTransferListenerAdapter - Downloaded https://repo.maven.apache.org/maven2/org/springframework/spring-web/6.2.10/spring-web-6.2.10.pom
2026-09-06 08:58:35,494 [Worker-39: Building] INFO  o.e.m.c.i.e.AbstractTransferListenerAdapter - Downloading https://repo.maven.apache.org/maven2/org/springframework/boot/spring-boot-starter-tomcat/3.5.5/spring-boot-starter-tomcat-3.5.5.pom
2026-09-06 08:58:35,507 [Worker-39: Building] INFO  o.e.m.c.i.e.AbstractTransferListenerAdapter - Downloaded https://repo.maven.apache.org/maven2/org/springframework/boot/spring-boot-starter-tomcat/3.5.5/spring-boot-starter-tomcat-3.5.5.pom
2026-09-06 08:58:35,896 [Worker-39: Building] INFO  o.e.m.c.i.e.AbstractTransferListenerAdapter - Downloading https://repo.maven.apache.org/maven2/org/apache/tomcat/embed/tomcat-embed-core/10.1.44/tomcat-embed-core-10.1.44.pom
2026-09-06 08:58:35,904 [Worker-39: Building] INFO  o.e.m.c.i.e.AbstractTransferListenerAdapter - Downloaded https://repo.maven.apache.org/maven2/org/apache/tomcat/embed/tomcat-embed-core/10.1.44/tomcat-embed-core-10.1.44.pom
2026-09-06 08:58:36,193 [Worker-39: Building] INFO  o.e.m.c.i.e.AbstractTransferListenerAdapter - Downloading https://repo.maven.apache.org/maven2/org/apache/tomcat/embed/tomcat-embed-el/10.1.44/tomcat-embed-el-10.1.44.pom
2026-09-06 08:58:36,201 [Worker-39: Building] INFO  o.e.m.c.i.e.AbstractTransferListenerAdapter - Downloaded https://repo.maven.apache.org/maven2/org/apache/tomcat/embed/tomcat-embed-el/10.1.44/tomcat-embed-el-10.1.44.pom
2026-09-06 08:58:36,795 [Worker-39: Building] INFO  o.e.m.c.i.e.AbstractTransferListenerAdapter - Downloading https://repo.maven.apache.org/maven2/org/apache/tomcat/embed/tomcat-embed-websocket/10.1.44/tomcat-embed-websocket-10.1.44.pom
2026-09-06 08:58:36,813 [Worker-39: Building] INFO  o.e.m.c.i.e.AbstractTransferListenerAdapter - Downloaded https://repo.maven.apache.org/maven2/org/apache/tomcat/embed/tomcat-embed-websocket/10.1.44/tomcat-embed-websocket-10.1.44.pom
2026-09-06 08:58:37,092 [Worker-39: Building] INFO  o.e.m.c.i.e.AbstractTransferListenerAdapter - Downloading https://repo.maven.apache.org/maven2/org/springframework/spring-webmvc/6.2.10/spring-webmvc-6.2.10.pom
2026-09-06 08:58:37,097 [Worker-39: Building] INFO  o.e.m.c.i.e.AbstractTransferListenerAdapter - Downloaded https://repo.maven.apache.org/maven2/org/springframework/spring-webmvc/6.2.10/spring-webmvc-6.2.10.pom
2026-09-06 08:58:37,417 [Worker-39: Building] INFO  o.e.m.c.i.e.AbstractTransferListenerAdapter - Downloading https://repo.maven.apache.org/maven2/org/springframework/boot/spring-boot-starter-data-jpa/3.5.5/spring-boot-starter-data-jpa-3.5.5.pom
2026-09-06 08:58:37,422 [Worker-39: Building] INFO  o.e.m.c.i.e.AbstractTransferListenerAdapter - Downloaded https://repo.maven.apache.org/maven2/org/springframework/boot/spring-boot-starter-data-jpa/3.5.5/spring-boot-starter-data-jpa-3.5.5.pom
2026-09-06 08:58:37,739 [Worker-39: Building] INFO  o.e.m.c.i.e.AbstractTransferListenerAdapter - Downloading https://repo.maven.apache.org/maven2/org/springframework/boot/spring-boot-starter-jdbc/3.5.5/spring-boot-starter-jdbc-3.5.5.pom
2026-09-06 08:58:37,746 [Worker-39: Building] INFO  o.e.m.c.i.e.AbstractTransferListenerAdapter - Downloaded https://repo.maven.apache.org/maven2/org/springframework/boot/spring-boot-starter-jdbc/3.5.5/spring-boot-starter-jdbc-3.5.5.pom
2026-09-06 08:58:38,138 [Worker-39: Building] INFO  o.e.m.c.i.e.AbstractTransferListenerAdapter - Downloading https://repo.maven.apache.org/maven2/com/zaxxer/HikariCP/6.3.2/HikariCP-6.3.2.pom
2026-09-06 08:58:38,159 [Worker-39: Building] INFO  o.e.m.c.i.e.AbstractTransferListenerAdapter - Downloaded https://repo.maven.apache.org/maven2/com/zaxxer/HikariCP/6.3.2/HikariCP-6.3.2.pom
2026-09-06 08:58:38,557 [Worker-39: Building] INFO  o.e.m.c.i.e.AbstractTransferListenerAdapter - Downloading https://repo.maven.apache.org/maven2/org/springframework/spring-jdbc/6.2.10/spring-jdbc-6.2.10.pom
2026-09-06 08:58:38,561 [Worker-39: Building] INFO  o.e.m.c.i.e.AbstractTransferListenerAdapter - Downloaded https://repo.maven.apache.org/maven2/org/springframework/spring-jdbc/6.2.10/spring-jdbc-6.2.10.pom
2026-09-06 08:58:38,799 [Worker-39: Building] INFO  o.e.m.c.i.e.AbstractTransferListenerAdapter - Downloading https://repo.maven.apache.org/maven2/org/springframework/spring-tx/6.2.10/spring-tx-6.2.10.pom
2026-09-06 08:58:38,804 [Worker-39: Building] INFO  o.e.m.c.i.e.AbstractTransferListenerAdapter - Downloaded https://repo.maven.apache.org/maven2/org/springframework/spring-tx/6.2.10/spring-tx-6.2.10.pom
2026-09-06 08:58:38,976 [Worker-39: Building] INFO  o.e.m.c.i.e.AbstractTransferListenerAdapter - Downloading https://repo.maven.apache.org/maven2/org/hibernate/orm/hibernate-core/6.6.26.Final/hibernate-core-6.6.26.Final.pom
2026-09-06 08:58:38,979 [Worker-39: Building] INFO  o.e.m.c.i.e.AbstractTransferListenerAdapter - Downloaded https://repo.maven.apache.org/maven2/org/hibernate/orm/hibernate-core/6.6.26.Final/hibernate-core-6.6.26.Final.pom
2026-09-06 08:58:39,206 [Worker-39: Building] INFO  o.e.m.c.i.e.AbstractTransferListenerAdapter - Downloading https://repo.maven.apache.org/maven2/net/bytebuddy/byte-buddy/1.17.7/byte-buddy-1.17.7.pom
2026-09-06 08:58:39,212 [Worker-39: Building] INFO  o.e.m.c.i.e.AbstractTransferListenerAdapter - Downloaded https://repo.maven.apache.org/maven2/net/bytebuddy/byte-buddy/1.17.7/byte-buddy-1.17.7.pom
2026-09-06 08:58:39,296 [Worker-39: Building] INFO  o.e.m.c.i.e.AbstractTransferListenerAdapter - Downloading https://repo.maven.apache.org/maven2/net/bytebuddy/byte-buddy-parent/1.17.7/byte-buddy-parent-1.17.7.pom
2026-09-06 08:58:39,305 [Worker-39: Building] INFO  o.e.m.c.i.e.AbstractTransferListenerAdapter - Downloaded https://repo.maven.apache.org/maven2/net/bytebuddy/byte-buddy-parent/1.17.7/byte-buddy-parent-1.17.7.pom
2026-09-06 08:58:39,522 [Worker-39: Building] INFO  o.e.m.c.i.e.AbstractTransferListenerAdapter - Downloading https://repo.maven.apache.org/maven2/org/springframework/data/spring-data-jpa/3.5.3/spring-data-jpa-3.5.3.pom
2026-09-06 08:58:39,527 [Worker-39: Building] INFO  o.e.m.c.i.e.AbstractTransferListenerAdapter - Downloaded https://repo.maven.apache.org/maven2/org/springframework/data/spring-data-jpa/3.5.3/spring-data-jpa-3.5.3.pom
2026-09-06 08:58:39,892 [Worker-39: Building] INFO  o.e.m.c.i.e.AbstractTransferListenerAdapter - Downloading https://repo.maven.apache.org/maven2/org/springframework/data/spring-data-jpa-parent/3.5.3/spring-data-jpa-parent-3.5.3.pom
2026-09-06 08:58:39,902 [Worker-39: Building] INFO  o.e.m.c.i.e.AbstractTransferListenerAdapter - Downloaded https://repo.maven.apache.org/maven2/org/springframework/data/spring-data-jpa-parent/3.5.3/spring-data-jpa-parent-3.5.3.pom
2026-09-06 08:58:40,879 [Worker-39: Building] INFO  o.e.m.c.i.e.AbstractTransferListenerAdapter - Downloading https://repo.maven.apache.org/maven2/org/springframework/data/build/spring-data-parent/3.5.3/spring-data-parent-3.5.3.pom
2026-09-06 08:58:40,888 [Worker-39: Building] INFO  o.e.m.c.i.e.AbstractTransferListenerAdapter - Downloaded https://repo.maven.apache.org/maven2/org/springframework/data/build/spring-data-parent/3.5.3/spring-data-parent-3.5.3.pom
2026-09-06 08:58:41,120 [Worker-39: Building] INFO  o.e.m.c.i.e.AbstractTransferListenerAdapter - Downloading https://repo.maven.apache.org/maven2/org/springframework/data/build/spring-data-build/3.5.3/spring-data-build-3.5.3.pom
2026-09-06 08:58:41,130 [Worker-39: Building] INFO  o.e.m.c.i.e.AbstractTransferListenerAdapter - Downloaded https://repo.maven.apache.org/maven2/org/springframework/data/build/spring-data-build/3.5.3/spring-data-build-3.5.3.pom
2026-09-06 08:58:41,452 [Worker-39: Building] INFO  o.e.m.c.i.e.AbstractTransferListenerAdapter - Downloading https://repo.maven.apache.org/maven2/org/springframework/data/spring-data-commons/3.5.3/spring-data-commons-3.5.3.pom
2026-09-06 08:58:41,460 [Worker-39: Building] INFO  o.e.m.c.i.e.AbstractTransferListenerAdapter - Downloaded https://repo.maven.apache.org/maven2/org/springframework/data/spring-data-commons/3.5.3/spring-data-commons-3.5.3.pom
2026-09-06 08:58:41,632 [Worker-39: Building] INFO  o.e.m.c.i.e.AbstractTransferListenerAdapter - Downloading https://repo.maven.apache.org/maven2/org/springframework/spring-orm/6.2.10/spring-orm-6.2.10.pom
2026-09-06 08:58:41,635 [Worker-39: Building] INFO  o.e.m.c.i.e.AbstractTransferListenerAdapter - Downloaded https://repo.maven.apache.org/maven2/org/springframework/spring-orm/6.2.10/spring-orm-6.2.10.pom
2026-09-06 08:58:41,882 [Worker-39: Building] INFO  o.e.m.c.i.e.AbstractTransferListenerAdapter - Downloading https://repo.maven.apache.org/maven2/org/springframework/spring-aspects/6.2.10/spring-aspects-6.2.10.pom
2026-09-06 08:58:41,886 [Worker-39: Building] INFO  o.e.m.c.i.e.AbstractTransferListenerAdapter - Downloaded https://repo.maven.apache.org/maven2/org/springframework/spring-aspects/6.2.10/spring-aspects-6.2.10.pom
2026-09-06 08:58:42,246 [Worker-39: Building] INFO  o.e.m.c.i.e.AbstractTransferListenerAdapter - Downloading https://repo.maven.apache.org/maven2/com/mysql/mysql-connector-j/9.4.0/mysql-connector-j-9.4.0.pom
2026-09-06 08:58:42,254 [Worker-39: Building] INFO  o.e.m.c.i.e.AbstractTransferListenerAdapter - Downloaded https://repo.maven.apache.org/maven2/com/mysql/mysql-connector-j/9.4.0/mysql-connector-j-9.4.0.pom
2026-09-06 08:58:42,539 [Worker-39: Building] INFO  o.e.m.c.i.e.AbstractTransferListenerAdapter - Downloading https://repo.maven.apache.org/maven2/org/springframework/boot/spring-boot-starter-test/3.5.5/spring-boot-starter-test-3.5.5.pom
2026-09-06 08:58:42,560 [Worker-39: Building] INFO  o.e.m.c.i.e.AbstractTransferListenerAdapter - Downloaded https://repo.maven.apache.org/maven2/org/springframework/boot/spring-boot-starter-test/3.5.5/spring-boot-starter-test-3.5.5.pom
2026-09-06 08:58:42,802 [Worker-39: Building] INFO  o.e.m.c.i.e.AbstractTransferListenerAdapter - Downloading https://repo.maven.apache.org/maven2/org/springframework/boot/spring-boot-test/3.5.5/spring-boot-test-3.5.5.pom
2026-09-06 08:58:42,807 [Worker-39: Building] INFO  o.e.m.c.i.e.AbstractTransferListenerAdapter - Downloaded https://repo.maven.apache.org/maven2/org/springframework/boot/spring-boot-test/3.5.5/spring-boot-test-3.5.5.pom
2026-09-06 08:58:43,156 [Worker-39: Building] INFO  o.e.m.c.i.e.AbstractTransferListenerAdapter - Downloading https://repo.maven.apache.org/maven2/org/springframework/spring-test/6.2.10/spring-test-6.2.10.pom
2026-09-06 08:58:43,160 [Worker-39: Building] INFO  o.e.m.c.i.e.AbstractTransferListenerAdapter - Downloaded https://repo.maven.apache.org/maven2/org/springframework/spring-test/6.2.10/spring-test-6.2.10.pom
2026-09-06 08:58:43,467 [Worker-39: Building] INFO  o.e.m.c.i.e.AbstractTransferListenerAdapter - Downloading https://repo.maven.apache.org/maven2/org/springframework/boot/spring-boot-test-autoconfigure/3.5.5/spring-boot-test-autoconfigure-3.5.5.pom
2026-09-06 08:58:43,472 [Worker-39: Building] INFO  o.e.m.c.i.e.AbstractTransferListenerAdapter - Downloaded https://repo.maven.apache.org/maven2/org/springframework/boot/spring-boot-test-autoconfigure/3.5.5/spring-boot-test-autoconfigure-3.5.5.pom
2026-09-06 08:58:43,681 [Worker-39: Building] INFO  o.e.m.c.i.e.AbstractTransferListenerAdapter - Downloading https://repo.maven.apache.org/maven2/org/assertj/assertj-core/3.27.4/assertj-core-3.27.4.pom
2026-09-06 08:58:43,728 [Worker-39: Building] INFO  o.e.m.c.i.e.AbstractTransferListenerAdapter - Downloaded https://repo.maven.apache.org/maven2/org/assertj/assertj-core/3.27.4/assertj-core-3.27.4.pom
2026-09-06 08:58:43,840 [Worker-39: Building] INFO  o.e.m.c.i.e.AbstractTransferListenerAdapter - Downloading https://repo.maven.apache.org/maven2/net/bytebuddy/byte-buddy-agent/1.17.7/byte-buddy-agent-1.17.7.pom
2026-09-06 08:58:43,844 [Worker-39: Building] INFO  o.e.m.c.i.e.AbstractTransferListenerAdapter - Downloaded https://repo.maven.apache.org/maven2/net/bytebuddy/byte-buddy-agent/1.17.7/byte-buddy-agent-1.17.7.pom
2026-09-06 08:58:44,165 [Worker-39: Building] INFO  o.e.m.c.i.e.AbstractTransferListenerAdapter - Downloading https://repo.maven.apache.org/maven2/org/springframework/boot/spring-boot-starter-web/3.5.5/spring-boot-starter-web-3.5.5.jar
2026-09-06 08:58:44,169 [Worker-39: Building] INFO  o.e.m.c.i.e.AbstractTransferListenerAdapter - Downloaded https://repo.maven.apache.org/maven2/org/springframework/boot/spring-boot-starter-web/3.5.5/spring-boot-starter-web-3.5.5.jar
2026-09-06 08:58:44,300 [BasicRepositoryConnector-repo.maven.apache.org-0-0] INFO  o.e.m.c.i.e.AbstractTransferListenerAdapter - Downloading https://repo.maven.apache.org/maven2/org/springframework/boot/spring-boot-starter/3.5.5/spring-boot-starter-3.5.5.jar
2026-09-06 08:58:44,303 [BasicRepositoryConnector-repo.maven.apache.org-0-0] INFO  o.e.m.c.i.e.AbstractTransferListenerAdapter - Downloaded https://repo.maven.apache.org/maven2/org/springframework/boot/spring-boot-starter/3.5.5/spring-boot-starter-3.5.5.jar
2026-09-06 08:58:44,593 [BasicRepositoryConnector-repo.maven.apache.org-0-0] INFO  o.e.m.c.i.e.AbstractTransferListenerAdapter - Downloading https://repo.maven.apache.org/maven2/org/springframework/boot/spring-boot-starter-tomcat/3.5.5/spring-boot-starter-tomcat-3.5.5.jar
2026-09-06 08:58:44,600 [BasicRepositoryConnector-repo.maven.apache.org-0-0] INFO  o.e.m.c.i.e.AbstractTransferListenerAdapter - Downloaded https://repo.maven.apache.org/maven2/org/springframework/boot/spring-boot-starter-tomcat/3.5.5/spring-boot-starter-tomcat-3.5.5.jar
2026-09-06 08:58:44,687 [BasicRepositoryConnector-repo.maven.apache.org-0-2] INFO  o.e.m.c.i.e.AbstractTransferListenerAdapter - Downloading https://repo.maven.apache.org/maven2/org/springframework/boot/spring-boot-autoconfigure/3.5.5/spring-boot-autoconfigure-3.5.5.jar
2026-09-06 08:58:44,687 [BasicRepositoryConnector-repo.maven.apache.org-0-3] INFO  o.e.m.c.i.e.AbstractTransferListenerAdapter - Downloading https://repo.maven.apache.org/maven2/org/springframework/boot/spring-boot-starter-logging/3.5.5/spring-boot-starter-logging-3.5.5.jar
2026-09-06 08:58:44,698 [BasicRepositoryConnector-repo.maven.apache.org-0-3] INFO  o.e.m.c.i.e.AbstractTransferListenerAdapter - Downloaded https://repo.maven.apache.org/maven2/org/springframework/boot/spring-boot-starter-logging/3.5.5/spring-boot-starter-logging-3.5.5.jar
2026-09-06 08:58:44,708 [BasicRepositoryConnector-repo.maven.apache.org-0-0] INFO  o.e.m.c.i.e.AbstractTransferListenerAdapter - Downloading https://repo.maven.apache.org/maven2/org/apache/tomcat/embed/tomcat-embed-core/10.1.44/tomcat-embed-core-10.1.44.jar
2026-09-06 08:58:44,727 [BasicRepositoryConnector-repo.maven.apache.org-0-4] INFO  o.e.m.c.i.e.AbstractTransferListenerAdapter - Downloading https://repo.maven.apache.org/maven2/org/springframework/boot/spring-boot-starter-json/3.5.5/spring-boot-starter-json-3.5.5.jar
2026-09-06 08:58:44,732 [BasicRepositoryConnector-repo.maven.apache.org-0-4] INFO  o.e.m.c.i.e.AbstractTransferListenerAdapter - Downloaded https://repo.maven.apache.org/maven2/org/springframework/boot/spring-boot-starter-json/3.5.5/spring-boot-starter-json-3.5.5.jar
2026-09-06 08:58:44,949 [BasicRepositoryConnector-repo.maven.apache.org-0-3] INFO  o.e.m.c.i.e.AbstractTransferListenerAdapter - Downloading https://repo.maven.apache.org/maven2/org/apache/tomcat/embed/tomcat-embed-el/10.1.44/tomcat-embed-el-10.1.44.jar
2026-09-06 08:58:44,981 [BasicRepositoryConnector-repo.maven.apache.org-0-4] INFO  o.e.m.c.i.e.AbstractTransferListenerAdapter - Downloading https://repo.maven.apache.org/maven2/org/apache/tomcat/embed/tomcat-embed-websocket/10.1.44/tomcat-embed-websocket-10.1.44.jar
2026-09-06 08:58:45,096 [BasicRepositoryConnector-repo.maven.apache.org-0-1] INFO  o.e.m.c.i.e.AbstractTransferListenerAdapter - Downloading https://repo.maven.apache.org/maven2/org/springframework/boot/spring-boot/3.5.5/spring-boot-3.5.5.jar
2026-09-06 08:59:31,460 [BasicRepositoryConnector-repo.maven.apache.org-0-3] INFO  o.e.m.c.i.e.AbstractTransferListenerAdapter - Downloaded https://repo.maven.apache.org/maven2/org/apache/tomcat/embed/tomcat-embed-el/10.1.44/tomcat-embed-el-10.1.44.jar
2026-09-06 08:59:38,248 [BasicRepositoryConnector-repo.maven.apache.org-0-4] INFO  o.e.m.c.i.e.AbstractTransferListenerAdapter - Downloaded https://repo.maven.apache.org/maven2/org/apache/tomcat/embed/tomcat-embed-websocket/10.1.44/tomcat-embed-websocket-10.1.44.jar
2026-09-06 08:59:39,549 [BasicRepositoryConnector-repo.maven.apache.org-0-1] INFO  o.e.m.c.i.e.AbstractTransferListenerAdapter - Downloaded https://repo.maven.apache.org/maven2/org/springframework/boot/spring-boot/3.5.5/spring-boot-3.5.5.jar
2026-09-06 08:59:39,550 [BasicRepositoryConnector-repo.maven.apache.org-0-3] INFO  o.a.http.impl.execchain.RetryExec - I/O exception (java.net.SocketException) caught when processing request to {s}->https://repo.maven.apache.org:443: Connection reset
2026-09-06 08:59:39,551 [BasicRepositoryConnector-repo.maven.apache.org-0-3] INFO  o.a.http.impl.execchain.RetryExec - Retrying request to {s}->https://repo.maven.apache.org:443
2026-09-06 08:59:41,091 [BasicRepositoryConnector-repo.maven.apache.org-0-1] INFO  o.e.m.c.i.e.AbstractTransferListenerAdapter - Downloading https://repo.maven.apache.org/maven2/io/micrometer/micrometer-observation/1.15.3/micrometer-observation-1.15.3.jar
2026-09-06 08:59:41,118 [BasicRepositoryConnector-repo.maven.apache.org-0-3] INFO  o.e.m.c.i.e.AbstractTransferListenerAdapter - Downloading https://repo.maven.apache.org/maven2/org/springframework/spring-web/6.2.10/spring-web-6.2.10.jar
2026-09-06 08:59:41,470 [BasicRepositoryConnector-repo.maven.apache.org-0-1] INFO  o.e.m.c.i.e.AbstractTransferListenerAdapter - Downloaded https://repo.maven.apache.org/maven2/io/micrometer/micrometer-observation/1.15.3/micrometer-observation-1.15.3.jar
2026-09-06 08:59:41,480 [BasicRepositoryConnector-repo.maven.apache.org-0-0] INFO  o.e.m.c.i.e.AbstractTransferListenerAdapter - Downloaded https://repo.maven.apache.org/maven2/org/apache/tomcat/embed/tomcat-embed-core/10.1.44/tomcat-embed-core-10.1.44.jar
2026-09-06 08:59:41,701 [BasicRepositoryConnector-repo.maven.apache.org-0-1] INFO  o.e.m.c.i.e.AbstractTransferListenerAdapter - Downloading https://repo.maven.apache.org/maven2/io/micrometer/micrometer-commons/1.15.3/micrometer-commons-1.15.3.jar
2026-09-06 08:59:41,757 [BasicRepositoryConnector-repo.maven.apache.org-0-1] INFO  o.e.m.c.i.e.AbstractTransferListenerAdapter - Downloaded https://repo.maven.apache.org/maven2/io/micrometer/micrometer-commons/1.15.3/micrometer-commons-1.15.3.jar
2026-09-06 08:59:41,820 [BasicRepositoryConnector-repo.maven.apache.org-0-0] INFO  o.e.m.c.i.e.AbstractTransferListenerAdapter - Downloading https://repo.maven.apache.org/maven2/org/springframework/spring-webmvc/6.2.10/spring-webmvc-6.2.10.jar
2026-09-06 08:59:43,819 [BasicRepositoryConnector-repo.maven.apache.org-0-1] INFO  o.e.m.c.i.e.AbstractTransferListenerAdapter - Downloading https://repo.maven.apache.org/maven2/org/springframework/spring-aop/6.2.10/spring-aop-6.2.10.jar
2026-09-06 08:59:54,423 [BasicRepositoryConnector-repo.maven.apache.org-0-1] INFO  o.e.m.c.i.e.AbstractTransferListenerAdapter - Downloaded https://repo.maven.apache.org/maven2/org/springframework/spring-aop/6.2.10/spring-aop-6.2.10.jar
2026-09-06 08:59:54,824 [BasicRepositoryConnector-repo.maven.apache.org-0-1] INFO  o.e.m.c.i.e.AbstractTransferListenerAdapter - Downloading https://repo.maven.apache.org/maven2/org/springframework/spring-context/6.2.10/spring-context-6.2.10.jar
2026-09-06 08:59:58,052 [BasicRepositoryConnector-repo.maven.apache.org-0-3] INFO  o.e.m.c.i.e.AbstractTransferListenerAdapter - Downloaded https://repo.maven.apache.org/maven2/org/springframework/spring-web/6.2.10/spring-web-6.2.10.jar
2026-09-06 08:59:58,858 [BasicRepositoryConnector-repo.maven.apache.org-0-3] INFO  o.e.m.c.i.e.AbstractTransferListenerAdapter - Downloading https://repo.maven.apache.org/maven2/org/springframework/spring-expression/6.2.10/spring-expression-6.2.10.jar
2026-09-06 08:59:59,047 [BasicRepositoryConnector-repo.maven.apache.org-0-3] INFO  o.e.m.c.i.e.AbstractTransferListenerAdapter - Downloaded https://repo.maven.apache.org/maven2/org/springframework/spring-expression/6.2.10/spring-expression-6.2.10.jar
2026-09-06 08:59:59,273 [BasicRepositoryConnector-repo.maven.apache.org-0-3] INFO  o.e.m.c.i.e.AbstractTransferListenerAdapter - Downloading https://repo.maven.apache.org/maven2/org/springframework/boot/spring-boot-starter-data-jpa/3.5.5/spring-boot-starter-data-jpa-3.5.5.jar
2026-09-06 08:59:59,281 [BasicRepositoryConnector-repo.maven.apache.org-0-3] INFO  o.e.m.c.i.e.AbstractTransferListenerAdapter - Downloaded https://repo.maven.apache.org/maven2/org/springframework/boot/spring-boot-starter-data-jpa/3.5.5/spring-boot-starter-data-jpa-3.5.5.jar
2026-09-06 08:59:59,477 [BasicRepositoryConnector-repo.maven.apache.org-0-3] INFO  o.e.m.c.i.e.AbstractTransferListenerAdapter - Downloading https://repo.maven.apache.org/maven2/org/springframework/boot/spring-boot-starter-jdbc/3.5.5/spring-boot-starter-jdbc-3.5.5.jar
2026-09-06 08:59:59,499 [BasicRepositoryConnector-repo.maven.apache.org-0-3] INFO  o.e.m.c.i.e.AbstractTransferListenerAdapter - Downloaded https://repo.maven.apache.org/maven2/org/springframework/boot/spring-boot-starter-jdbc/3.5.5/spring-boot-starter-jdbc-3.5.5.jar
2026-09-06 08:59:59,701 [BasicRepositoryConnector-repo.maven.apache.org-0-3] INFO  o.e.m.c.i.e.AbstractTransferListenerAdapter - Downloading https://repo.maven.apache.org/maven2/com/zaxxer/HikariCP/6.3.2/HikariCP-6.3.2.jar
2026-09-06 08:59:59,702 [BasicRepositoryConnector-repo.maven.apache.org-0-1] INFO  o.e.m.c.i.e.AbstractTransferListenerAdapter - Downloaded https://repo.maven.apache.org/maven2/org/springframework/spring-context/6.2.10/spring-context-6.2.10.jar
2026-09-06 08:59:59,858 [BasicRepositoryConnector-repo.maven.apache.org-0-3] INFO  o.e.m.c.i.e.AbstractTransferListenerAdapter - Downloaded https://repo.maven.apache.org/maven2/com/zaxxer/HikariCP/6.3.2/HikariCP-6.3.2.jar
2026-09-06 08:59:59,923 [BasicRepositoryConnector-repo.maven.apache.org-0-1] INFO  o.e.m.c.i.e.AbstractTransferListenerAdapter - Downloading https://repo.maven.apache.org/maven2/org/springframework/spring-jdbc/6.2.10/spring-jdbc-6.2.10.jar
2026-09-06 09:00:00,085 [BasicRepositoryConnector-repo.maven.apache.org-0-1] INFO  o.e.m.c.i.e.AbstractTransferListenerAdapter - Downloaded https://repo.maven.apache.org/maven2/org/springframework/spring-jdbc/6.2.10/spring-jdbc-6.2.10.jar
2026-09-06 09:00:00,107 [BasicRepositoryConnector-repo.maven.apache.org-0-3] INFO  o.e.m.c.i.e.AbstractTransferListenerAdapter - Downloading https://repo.maven.apache.org/maven2/org/hibernate/orm/hibernate-core/6.6.26.Final/hibernate-core-6.6.26.Final.jar
2026-09-06 09:00:00,283 [BasicRepositoryConnector-repo.maven.apache.org-0-1] INFO  o.e.m.c.i.e.AbstractTransferListenerAdapter - Downloading https://repo.maven.apache.org/maven2/net/bytebuddy/byte-buddy/1.17.7/byte-buddy-1.17.7.jar
2026-09-06 09:00:48,665 [BasicRepositoryConnector-repo.maven.apache.org-0-3] INFO  o.e.m.c.i.e.AbstractTransferListenerAdapter - Downloaded https://repo.maven.apache.org/maven2/org/hibernate/orm/hibernate-core/6.6.26.Final/hibernate-core-6.6.26.Final.jar
2026-09-06 09:00:52,482 [BasicRepositoryConnector-repo.maven.apache.org-0-3] INFO  o.e.m.c.i.e.AbstractTransferListenerAdapter - Downloading https://repo.maven.apache.org/maven2/org/springframework/data/spring-data-jpa/3.5.3/spring-data-jpa-3.5.3.jar
2026-09-06 09:00:53,278 [BasicRepositoryConnector-repo.maven.apache.org-0-3] INFO  o.e.m.c.i.e.AbstractTransferListenerAdapter - Downloaded https://repo.maven.apache.org/maven2/org/springframework/data/spring-data-jpa/3.5.3/spring-data-jpa-3.5.3.jar
2026-09-06 09:00:54,515 [BasicRepositoryConnector-repo.maven.apache.org-0-3] INFO  o.e.m.c.i.e.AbstractTransferListenerAdapter - Downloading https://repo.maven.apache.org/maven2/org/springframework/data/spring-data-commons/3.5.3/spring-data-commons-3.5.3.jar
2026-09-06 09:01:11,415 [BasicRepositoryConnector-repo.maven.apache.org-0-3] INFO  o.e.m.c.i.e.AbstractTransferListenerAdapter - Downloaded https://repo.maven.apache.org/maven2/org/springframework/data/spring-data-commons/3.5.3/spring-data-commons-3.5.3.jar
2026-09-06 09:01:12,153 [BasicRepositoryConnector-repo.maven.apache.org-0-3] INFO  o.e.m.c.i.e.AbstractTransferListenerAdapter - Downloading https://repo.maven.apache.org/maven2/org/springframework/spring-orm/6.2.10/spring-orm-6.2.10.jar
2026-09-06 09:01:24,998 [BasicRepositoryConnector-repo.maven.apache.org-0-2] INFO  o.e.m.c.i.e.AbstractTransferListenerAdapter - Downloaded https://repo.maven.apache.org/maven2/org/springframework/boot/spring-boot-autoconfigure/3.5.5/spring-boot-autoconfigure-3.5.5.jar
2026-09-06 09:01:25,679 [BasicRepositoryConnector-repo.maven.apache.org-0-2] INFO  o.e.m.c.i.e.AbstractTransferListenerAdapter - Downloading https://repo.maven.apache.org/maven2/org/springframework/spring-tx/6.2.10/spring-tx-6.2.10.jar
2026-09-06 09:01:26,192 [BasicRepositoryConnector-repo.maven.apache.org-0-2] INFO  o.e.m.c.i.e.AbstractTransferListenerAdapter - Downloaded https://repo.maven.apache.org/maven2/org/springframework/spring-tx/6.2.10/spring-tx-6.2.10.jar
2026-09-06 09:01:26,730 [BasicRepositoryConnector-repo.maven.apache.org-0-2] INFO  o.e.m.c.i.e.AbstractTransferListenerAdapter - Downloading https://repo.maven.apache.org/maven2/org/springframework/spring-aspects/6.2.10/spring-aspects-6.2.10.jar
2026-09-06 09:01:26,961 [BasicRepositoryConnector-repo.maven.apache.org-0-2] INFO  o.e.m.c.i.e.AbstractTransferListenerAdapter - Downloaded https://repo.maven.apache.org/maven2/org/springframework/spring-aspects/6.2.10/spring-aspects-6.2.10.jar
2026-09-06 09:01:27,647 [BasicRepositoryConnector-repo.maven.apache.org-0-2] INFO  o.e.m.c.i.e.AbstractTransferListenerAdapter - Downloading https://repo.maven.apache.org/maven2/com/mysql/mysql-connector-j/9.4.0/mysql-connector-j-9.4.0.jar
2026-09-06 09:01:31,656 [BasicRepositoryConnector-repo.maven.apache.org-0-3] INFO  o.e.m.c.i.e.AbstractTransferListenerAdapter - Downloaded https://repo.maven.apache.org/maven2/org/springframework/spring-orm/6.2.10/spring-orm-6.2.10.jar
2026-09-06 09:01:40,969 [BasicRepositoryConnector-repo.maven.apache.org-0-3] INFO  o.e.m.c.i.e.AbstractTransferListenerAdapter - Downloading https://repo.maven.apache.org/maven2/org/springframework/boot/spring-boot-starter-test/3.5.5/spring-boot-starter-test-3.5.5.jar
2026-09-06 09:01:40,976 [BasicRepositoryConnector-repo.maven.apache.org-0-3] INFO  o.e.m.c.i.e.AbstractTransferListenerAdapter - Downloaded https://repo.maven.apache.org/maven2/org/springframework/boot/spring-boot-starter-test/3.5.5/spring-boot-starter-test-3.5.5.jar
2026-09-06 09:01:41,535 [BasicRepositoryConnector-repo.maven.apache.org-0-3] INFO  o.e.m.c.i.e.AbstractTransferListenerAdapter - Downloading https://repo.maven.apache.org/maven2/org/springframework/boot/spring-boot-test/3.5.5/spring-boot-test-3.5.5.jar
2026-09-06 09:01:44,525 [BasicRepositoryConnector-repo.maven.apache.org-0-3] INFO  o.e.m.c.i.e.AbstractTransferListenerAdapter - Downloaded https://repo.maven.apache.org/maven2/org/springframework/boot/spring-boot-test/3.5.5/spring-boot-test-3.5.5.jar
2026-09-06 09:01:52,113 [BasicRepositoryConnector-repo.maven.apache.org-0-3] INFO  o.e.m.c.i.e.AbstractTransferListenerAdapter - Downloading https://repo.maven.apache.org/maven2/org/springframework/boot/spring-boot-test-autoconfigure/3.5.5/spring-boot-test-autoconfigure-3.5.5.jar
2026-09-06 09:02:07,971 [BasicRepositoryConnector-repo.maven.apache.org-0-2] INFO  o.e.m.c.i.e.AbstractTransferListenerAdapter - Downloaded https://repo.maven.apache.org/maven2/com/mysql/mysql-connector-j/9.4.0/mysql-connector-j-9.4.0.jar
2026-09-06 09:02:38,065 [BasicRepositoryConnector-repo.maven.apache.org-0-2] INFO  o.e.m.c.i.e.AbstractTransferListenerAdapter - Downloading https://repo.maven.apache.org/maven2/org/assertj/assertj-core/3.27.4/assertj-core-3.27.4.jar
2026-09-06 09:02:46,267 [BasicRepositoryConnector-repo.maven.apache.org-0-2] INFO  o.e.m.c.i.e.AbstractTransferListenerAdapter - Downloaded https://repo.maven.apache.org/maven2/org/assertj/assertj-core/3.27.4/assertj-core-3.27.4.jar
2026-09-06 09:02:46,432 [BasicRepositoryConnector-repo.maven.apache.org-0-2] INFO  o.e.m.c.i.e.AbstractTransferListenerAdapter - Downloading https://repo.maven.apache.org/maven2/net/bytebuddy/byte-buddy-agent/1.17.7/byte-buddy-agent-1.17.7.jar
2026-09-06 09:02:47,078 [BasicRepositoryConnector-repo.maven.apache.org-0-2] INFO  o.e.m.c.i.e.AbstractTransferListenerAdapter - Downloaded https://repo.maven.apache.org/maven2/net/bytebuddy/byte-buddy-agent/1.17.7/byte-buddy-agent-1.17.7.jar
2026-09-06 09:02:47,228 [BasicRepositoryConnector-repo.maven.apache.org-0-2] INFO  o.e.m.c.i.e.AbstractTransferListenerAdapter - Downloading https://repo.maven.apache.org/maven2/org/springframework/spring-core/6.2.10/spring-core-6.2.10.jar
2026-09-06 09:02:54,100 [BasicRepositoryConnector-repo.maven.apache.org-0-3] INFO  o.e.m.c.i.e.AbstractTransferListenerAdapter - Downloaded https://repo.maven.apache.org/maven2/org/springframework/boot/spring-boot-test-autoconfigure/3.5.5/spring-boot-test-autoconfigure-3.5.5.jar
2026-09-06 09:02:54,592 [BasicRepositoryConnector-repo.maven.apache.org-0-3] INFO  o.e.m.c.i.e.AbstractTransferListenerAdapter - Downloading https://repo.maven.apache.org/maven2/org/springframework/spring-jcl/6.2.10/spring-jcl-6.2.10.jar
2026-09-06 09:02:54,614 [BasicRepositoryConnector-repo.maven.apache.org-0-3] INFO  o.e.m.c.i.e.AbstractTransferListenerAdapter - Downloaded https://repo.maven.apache.org/maven2/org/springframework/spring-jcl/6.2.10/spring-jcl-6.2.10.jar
2026-09-06 09:02:54,938 [BasicRepositoryConnector-repo.maven.apache.org-0-3] INFO  o.e.m.c.i.e.AbstractTransferListenerAdapter - Downloading https://repo.maven.apache.org/maven2/org/springframework/spring-test/6.2.10/spring-test-6.2.10.jar
2026-09-06 09:02:57,941 [BasicRepositoryConnector-repo.maven.apache.org-0-4] INFO  o.e.m.c.i.e.AbstractTransferListenerAdapter - Downloading https://repo.maven.apache.org/maven2/org/springframework/spring-beans/6.2.10/spring-beans-6.2.10.jar
2026-09-06 09:02:58,411 [BasicRepositoryConnector-repo.maven.apache.org-0-2] INFO  o.e.m.c.i.e.AbstractTransferListenerAdapter - Downloaded https://repo.maven.apache.org/maven2/org/springframework/spring-core/6.2.10/spring-core-6.2.10.jar
2026-09-06 09:02:59,002 [BasicRepositoryConnector-repo.maven.apache.org-0-4] INFO  o.e.m.c.i.e.AbstractTransferListenerAdapter - Downloaded https://repo.maven.apache.org/maven2/org/springframework/spring-beans/6.2.10/spring-beans-6.2.10.jar
2026-09-06 09:02:59,942 [BasicRepositoryConnector-repo.maven.apache.org-0-3] INFO  o.e.m.c.i.e.AbstractTransferListenerAdapter - Downloaded https://repo.maven.apache.org/maven2/org/springframework/spring-test/6.2.10/spring-test-6.2.10.jar
2026-09-06 09:04:01,568 [BasicRepositoryConnector-repo.maven.apache.org-0-1] INFO  o.e.m.c.i.e.AbstractTransferListenerAdapter - Downloaded https://repo.maven.apache.org/maven2/net/bytebuddy/byte-buddy/1.17.7/byte-buddy-1.17.7.jar
2026-09-06 09:04:01,568 [BasicRepositoryConnector-repo.maven.apache.org-0-0] INFO  o.e.m.c.i.e.AbstractTransferListenerAdapter - Downloaded https://repo.maven.apache.org/maven2/org/springframework/spring-webmvc/6.2.10/spring-webmvc-6.2.10.jar
2026-09-06 09:04:02,061 [Worker-39: Building] INFO  o.e.m.c.i.l.LifecycleMappingFactory - Using org.eclipse.m2e.jdt.JarLifecycleMapping lifecycle mapping for MavenProject: in.cs:WhatsAppOrderManagementSystem:1.0 @ C:\Users\PMLS\Desktop\RealProjects\WhatsAppOrderManagementSystem\pom.xml.
2026-09-06 09:04:03,255 [Worker-39: Building] INFO  o.a.m.s.f.DefaultMavenResourcesFiltering - Copying 1 resource from src\main\resources to target\classes
2026-09-06 09:04:03,269 [Worker-39: Building] INFO  o.a.m.s.f.DefaultMavenResourcesFiltering - Copying 0 resource from src\main\resources to target\classes
2026-09-06 09:04:03,274 [Worker-39: Building] INFO  o.a.m.s.f.DefaultMavenResourcesFiltering - skip non existing resourceDirectory C:\Users\PMLS\Desktop\RealProjects\OnlineBankingSystem\src\test\resources
2026-09-06 09:04:03,285 [Worker-39: Building] WARN  o.apache.maven.project.MavenProject - Direct modification of compileSourceRoots through clear() is deprecated and will not work in Maven 4.0.0. Please use the add/remove methods instead. If you're using a plugin that causes this warning, please upgrade to the latest version and report an issue if the warning persists. To disable these warnings, set -Dmaven.project.sourceRoots.warningsDisabled=true on the command line, in the .mvn/maven.config file, or in project POM properties.
2026-09-06 09:04:03,287 [Worker-39: Building] WARN  o.apache.maven.project.MavenProject - Direct modification of compileSourceRoots through add() is deprecated and will not work in Maven 4.0.0. Please use the add/remove methods instead. If you're using a plugin that causes this warning, please upgrade to the latest version and report an issue if the warning persists. To disable these warnings, set -Dmaven.project.sourceRoots.warningsDisabled=true on the command line, in the .mvn/maven.config file, or in project POM properties.
2026-09-06 09:04:03,287 [Worker-39: Building] WARN  o.apache.maven.project.MavenProject - Direct modification of testCompileSourceRoots through clear() is deprecated and will not work in Maven 4.0.0. Please use the add/remove methods instead. If you're using a plugin that causes this warning, please upgrade to the latest version and report an issue if the warning persists. To disable these warnings, set -Dmaven.project.sourceRoots.warningsDisabled=true on the command line, in the .mvn/maven.config file, or in project POM properties.
2026-09-06 09:04:03,288 [Worker-39: Building] WARN  o.apache.maven.project.MavenProject - Direct modification of testCompileSourceRoots through add() is deprecated and will not work in Maven 4.0.0. Please use the add/remove methods instead. If you're using a plugin that causes this warning, please upgrade to the latest version and report an issue if the warning persists. To disable these warnings, set -Dmaven.project.sourceRoots.warningsDisabled=true on the command line, in the .mvn/maven.config file, or in project POM properties.
2026-09-06 09:04:03,366 [Worker-39: Updating Maven Project] INFO  o.e.m.c.i.p.ProjectConfigurationManager - Update started
2026-09-06 09:04:03,704 [Worker-39: Updating Maven Project] INFO  o.e.m.c.i.l.LifecycleMappingFactory - Using org.eclipse.m2e.jdt.JarLifecycleMapping lifecycle mapping for MavenProject: in.cs:OnlineBankingSystem:1.0 @ C:\Users\PMLS\Desktop\RealProjects\OnlineBankingSystem\pom.xml.
2026-09-06 09:04:04,133 [Worker-37: Download sources and javadoc] INFO  o.e.m.c.i.e.AbstractTransferListenerAdapter - Downloaded https://repo.maven.apache.org/maven2/org/springframework/boot/spring-boot-starter-web/3.5.5/spring-boot-starter-web-3.5.5-sources.jar
2026-09-06 09:04:04,136 [Worker-37: Download sources and javadoc] ERROR o.e.m.j.internal.DownloadSourcesJob - Could not download sources for org.springframework.boot:spring-boot-starter-web:3.5.5
org.eclipse.core.runtime.CoreException: Could not resolve artifact org.springframework.boot:spring-boot-starter-web:jar:sources:3.5.5
	at org.eclipse.m2e.core.internal.embedder.MavenImpl.lambda$7(MavenImpl.java:554)
	at org.eclipse.m2e.core.internal.embedder.MavenExecutionContext.executeBare(MavenExecutionContext.java:462)
	at org.eclipse.m2e.core.internal.embedder.MavenExecutionContext.execute(MavenExecutionContext.java:295)
	at org.eclipse.m2e.core.internal.embedder.MavenExecutionContext.execute(MavenExecutionContext.java:281)
	at org.eclipse.m2e.core.internal.embedder.MavenImpl.resolve(MavenImpl.java:523)
	at org.eclipse.m2e.core.internal.embedder.MavenImpl.resolve(MavenImpl.java:508)
	at org.eclipse.m2e.jdt.internal.DownloadSourcesJob.download(DownloadSourcesJob.java:308)
	at org.eclipse.m2e.jdt.internal.DownloadSourcesJob.downloadAttachments(DownloadSourcesJob.java:282)
	at org.eclipse.m2e.jdt.internal.DownloadSourcesJob.downloadMaven(DownloadSourcesJob.java:252)
	at org.eclipse.m2e.jdt.internal.DownloadSourcesJob.downloadFilesAndPopulateToUpdate(DownloadSourcesJob.java:220)
	at org.eclipse.m2e.jdt.internal.DownloadSourcesJob.lambda$0(DownloadSourcesJob.java:149)
	at org.eclipse.m2e.core.internal.embedder.MavenExecutionContext.executeBare(MavenExecutionContext.java:462)
	at org.eclipse.m2e.core.internal.embedder.MavenExecutionContext.execute(MavenExecutionContext.java:342)
	at org.eclipse.m2e.core.internal.embedder.MavenExecutionContext.execute(MavenExecutionContext.java:281)
	at org.eclipse.m2e.core.embedder.IMaven.execute(IMaven.java:300)
	at org.eclipse.m2e.jdt.internal.DownloadSourcesJob.run(DownloadSourcesJob.java:149)
	at org.eclipse.core.internal.jobs.Worker.run(Worker.java:63)
2026-09-06 09:04:04,143 [Worker-37: Download sources and javadoc] INFO  o.e.m.c.i.e.AbstractTransferListenerAdapter - Downloaded https://repo.maven.apache.org/maven2/org/springframework/boot/spring-boot-starter/3.5.5/spring-boot-starter-3.5.5-sources.jar
2026-09-06 09:04:04,147 [Worker-37: Download sources and javadoc] ERROR o.e.m.j.internal.DownloadSourcesJob - Could not download sources for org.springframework.boot:spring-boot-starter:3.5.5
org.eclipse.core.runtime.CoreException: Could not resolve artifact org.springframework.boot:spring-boot-starter:jar:sources:3.5.5
	at org.eclipse.m2e.core.internal.embedder.MavenImpl.lambda$7(MavenImpl.java:554)
	at org.eclipse.m2e.core.internal.embedder.MavenExecutionContext.executeBare(MavenExecutionContext.java:462)
	at org.eclipse.m2e.core.internal.embedder.MavenExecutionContext.execute(MavenExecutionContext.java:295)
	at org.eclipse.m2e.core.internal.embedder.MavenExecutionContext.execute(MavenExecutionContext.java:281)
	at org.eclipse.m2e.core.internal.embedder.MavenImpl.resolve(MavenImpl.java:523)
	at org.eclipse.m2e.core.internal.embedder.MavenImpl.resolve(MavenImpl.java:508)
	at org.eclipse.m2e.jdt.internal.DownloadSourcesJob.download(DownloadSourcesJob.java:308)
	at org.eclipse.m2e.jdt.internal.DownloadSourcesJob.downloadAttachments(DownloadSourcesJob.java:282)
	at org.eclipse.m2e.jdt.internal.DownloadSourcesJob.downloadMaven(DownloadSourcesJob.java:252)
	at org.eclipse.m2e.jdt.internal.DownloadSourcesJob.downloadFilesAndPopulateToUpdate(DownloadSourcesJob.java:220)
	at org.eclipse.m2e.jdt.internal.DownloadSourcesJob.lambda$0(DownloadSourcesJob.java:149)
	at org.eclipse.m2e.core.internal.embedder.MavenExecutionContext.executeBare(MavenExecutionContext.java:462)
	at org.eclipse.m2e.core.internal.embedder.MavenExecutionContext.execute(MavenExecutionContext.java:342)
	at org.eclipse.m2e.core.internal.embedder.MavenExecutionContext.execute(MavenExecutionContext.java:281)
	at org.eclipse.m2e.core.embedder.IMaven.execute(IMaven.java:300)
	at org.eclipse.m2e.jdt.internal.DownloadSourcesJob.run(DownloadSourcesJob.java:149)
	at org.eclipse.core.internal.jobs.Worker.run(Worker.java:63)
2026-09-06 09:04:04,153 [Worker-37: Download sources and javadoc] INFO  o.e.m.c.i.e.AbstractTransferListenerAdapter - Downloaded https://repo.maven.apache.org/maven2/org/springframework/boot/spring-boot/3.5.5/spring-boot-3.5.5-sources.jar
2026-09-06 09:04:04,158 [Worker-37: Download sources and javadoc] ERROR o.e.m.j.internal.DownloadSourcesJob - Could not download sources for org.springframework.boot:spring-boot:3.5.5
org.eclipse.core.runtime.CoreException: Could not resolve artifact org.springframework.boot:spring-boot:jar:sources:3.5.5
	at org.eclipse.m2e.core.internal.embedder.MavenImpl.lambda$7(MavenImpl.java:554)
	at org.eclipse.m2e.core.internal.embedder.MavenExecutionContext.executeBare(MavenExecutionContext.java:462)
	at org.eclipse.m2e.core.internal.embedder.MavenExecutionContext.execute(MavenExecutionContext.java:295)
	at org.eclipse.m2e.core.internal.embedder.MavenExecutionContext.execute(MavenExecutionContext.java:281)
	at org.eclipse.m2e.core.internal.embedder.MavenImpl.resolve(MavenImpl.java:523)
	at org.eclipse.m2e.core.internal.embedder.MavenImpl.resolve(MavenImpl.java:508)
	at org.eclipse.m2e.jdt.internal.DownloadSourcesJob.download(DownloadSourcesJob.java:308)
	at org.eclipse.m2e.jdt.internal.DownloadSourcesJob.downloadAttachments(DownloadSourcesJob.java:282)
	at org.eclipse.m2e.jdt.internal.DownloadSourcesJob.downloadMaven(DownloadSourcesJob.java:252)
	at org.eclipse.m2e.jdt.internal.DownloadSourcesJob.downloadFilesAndPopulateToUpdate(DownloadSourcesJob.java:220)
	at org.eclipse.m2e.jdt.internal.DownloadSourcesJob.lambda$0(DownloadSourcesJob.java:149)
	at org.eclipse.m2e.core.internal.embedder.MavenExecutionContext.executeBare(MavenExecutionContext.java:462)
	at org.eclipse.m2e.core.internal.embedder.MavenExecutionContext.execute(MavenExecutionContext.java:342)
	at org.eclipse.m2e.core.internal.embedder.MavenExecutionContext.execute(MavenExecutionContext.java:281)
	at org.eclipse.m2e.core.embedder.IMaven.execute(IMaven.java:300)
	at org.eclipse.m2e.jdt.internal.DownloadSourcesJob.run(DownloadSourcesJob.java:149)
	at org.eclipse.core.internal.jobs.Worker.run(Worker.java:63)
2026-09-06 09:04:04,165 [Worker-37: Download sources and javadoc] INFO  o.e.m.c.i.e.AbstractTransferListenerAdapter - Downloaded https://repo.maven.apache.org/maven2/org/springframework/boot/spring-boot-autoconfigure/3.5.5/spring-boot-autoconfigure-3.5.5-sources.jar
2026-09-06 09:04:04,168 [Worker-37: Download sources and javadoc] ERROR o.e.m.j.internal.DownloadSourcesJob - Could not download sources for org.springframework.boot:spring-boot-autoconfigure:3.5.5
org.eclipse.core.runtime.CoreException: Could not resolve artifact org.springframework.boot:spring-boot-autoconfigure:jar:sources:3.5.5
	at org.eclipse.m2e.core.internal.embedder.MavenImpl.lambda$7(MavenImpl.java:554)
	at org.eclipse.m2e.core.internal.embedder.MavenExecutionContext.executeBare(MavenExecutionContext.java:462)
	at org.eclipse.m2e.core.internal.embedder.MavenExecutionContext.execute(MavenExecutionContext.java:295)
	at org.eclipse.m2e.core.internal.embedder.MavenExecutionContext.execute(MavenExecutionContext.java:281)
	at org.eclipse.m2e.core.internal.embedder.MavenImpl.resolve(MavenImpl.java:523)
	at org.eclipse.m2e.core.internal.embedder.MavenImpl.resolve(MavenImpl.java:508)
	at org.eclipse.m2e.jdt.internal.DownloadSourcesJob.download(DownloadSourcesJob.java:308)
	at org.eclipse.m2e.jdt.internal.DownloadSourcesJob.downloadAttachments(DownloadSourcesJob.java:282)
	at org.eclipse.m2e.jdt.internal.DownloadSourcesJob.downloadMaven(DownloadSourcesJob.java:252)
	at org.eclipse.m2e.jdt.internal.DownloadSourcesJob.downloadFilesAndPopulateToUpdate(DownloadSourcesJob.java:220)
	at org.eclipse.m2e.jdt.internal.DownloadSourcesJob.lambda$0(DownloadSourcesJob.java:149)
	at org.eclipse.m2e.core.internal.embedder.MavenExecutionContext.executeBare(MavenExecutionContext.java:462)
	at org.eclipse.m2e.core.internal.embedder.MavenExecutionContext.execute(MavenExecutionContext.java:342)
	at org.eclipse.m2e.core.internal.embedder.MavenExecutionContext.execute(MavenExecutionContext.java:281)
	at org.eclipse.m2e.core.embedder.IMaven.execute(IMaven.java:300)
	at org.eclipse.m2e.jdt.internal.DownloadSourcesJob.run(DownloadSourcesJob.java:149)
	at org.eclipse.core.internal.jobs.Worker.run(Worker.java:63)
2026-09-06 09:04:04,176 [Worker-37: Download sources and javadoc] INFO  o.e.m.c.i.e.AbstractTransferListenerAdapter - Downloaded https://repo.maven.apache.org/maven2/org/springframework/boot/spring-boot-starter-logging/3.5.5/spring-boot-starter-logging-3.5.5-sources.jar
2026-09-06 09:04:04,179 [Worker-37: Download sources and javadoc] ERROR o.e.m.j.internal.DownloadSourcesJob - Could not download sources for org.springframework.boot:spring-boot-starter-logging:3.5.5
org.eclipse.core.runtime.CoreException: Could not resolve artifact org.springframework.boot:spring-boot-starter-logging:jar:sources:3.5.5
	at org.eclipse.m2e.core.internal.embedder.MavenImpl.lambda$7(MavenImpl.java:554)
	at org.eclipse.m2e.core.internal.embedder.MavenExecutionContext.executeBare(MavenExecutionContext.java:462)
	at org.eclipse.m2e.core.internal.embedder.MavenExecutionContext.execute(MavenExecutionContext.java:295)
	at org.eclipse.m2e.core.internal.embedder.MavenExecutionContext.execute(MavenExecutionContext.java:281)
	at org.eclipse.m2e.core.internal.embedder.MavenImpl.resolve(MavenImpl.java:523)
	at org.eclipse.m2e.core.internal.embedder.MavenImpl.resolve(MavenImpl.java:508)
	at org.eclipse.m2e.jdt.internal.DownloadSourcesJob.download(DownloadSourcesJob.java:308)
	at org.eclipse.m2e.jdt.internal.DownloadSourcesJob.downloadAttachments(DownloadSourcesJob.java:282)
	at org.eclipse.m2e.jdt.internal.DownloadSourcesJob.downloadMaven(DownloadSourcesJob.java:252)
	at org.eclipse.m2e.jdt.internal.DownloadSourcesJob.downloadFilesAndPopulateToUpdate(DownloadSourcesJob.java:220)
	at org.eclipse.m2e.jdt.internal.DownloadSourcesJob.lambda$0(DownloadSourcesJob.java:149)
	at org.eclipse.m2e.core.internal.embedder.MavenExecutionContext.executeBare(MavenExecutionContext.java:462)
	at org.eclipse.m2e.core.internal.embedder.MavenExecutionContext.execute(MavenExecutionContext.java:342)
	at org.eclipse.m2e.core.internal.embedder.MavenExecutionContext.execute(MavenExecutionContext.java:281)
	at org.eclipse.m2e.core.embedder.IMaven.execute(IMaven.java:300)
	at org.eclipse.m2e.jdt.internal.DownloadSourcesJob.run(DownloadSourcesJob.java:149)
	at org.eclipse.core.internal.jobs.Worker.run(Worker.java:63)
2026-09-06 09:04:04,186 [Worker-37: Download sources and javadoc] INFO  o.e.m.c.i.e.AbstractTransferListenerAdapter - Downloaded https://repo.maven.apache.org/maven2/org/springframework/boot/spring-boot-starter-json/3.5.5/spring-boot-starter-json-3.5.5-sources.jar
2026-09-06 09:04:04,189 [Worker-37: Download sources and javadoc] ERROR o.e.m.j.internal.DownloadSourcesJob - Could not download sources for org.springframework.boot:spring-boot-starter-json:3.5.5
org.eclipse.core.runtime.CoreException: Could not resolve artifact org.springframework.boot:spring-boot-starter-json:jar:sources:3.5.5
	at org.eclipse.m2e.core.internal.embedder.MavenImpl.lambda$7(MavenImpl.java:554)
	at org.eclipse.m2e.core.internal.embedder.MavenExecutionContext.executeBare(MavenExecutionContext.java:462)
	at org.eclipse.m2e.core.internal.embedder.MavenExecutionContext.execute(MavenExecutionContext.java:295)
	at org.eclipse.m2e.core.internal.embedder.MavenExecutionContext.execute(MavenExecutionContext.java:281)
	at org.eclipse.m2e.core.internal.embedder.MavenImpl.resolve(MavenImpl.java:523)
	at org.eclipse.m2e.core.internal.embedder.MavenImpl.resolve(MavenImpl.java:508)
	at org.eclipse.m2e.jdt.internal.DownloadSourcesJob.download(DownloadSourcesJob.java:308)
	at org.eclipse.m2e.jdt.internal.DownloadSourcesJob.downloadAttachments(DownloadSourcesJob.java:282)
	at org.eclipse.m2e.jdt.internal.DownloadSourcesJob.downloadMaven(DownloadSourcesJob.java:252)
	at org.eclipse.m2e.jdt.internal.DownloadSourcesJob.downloadFilesAndPopulateToUpdate(DownloadSourcesJob.java:220)
	at org.eclipse.m2e.jdt.internal.DownloadSourcesJob.lambda$0(DownloadSourcesJob.java:149)
	at org.eclipse.m2e.core.internal.embedder.MavenExecutionContext.executeBare(MavenExecutionContext.java:462)
	at org.eclipse.m2e.core.internal.embedder.MavenExecutionContext.execute(MavenExecutionContext.java:342)
	at org.eclipse.m2e.core.internal.embedder.MavenExecutionContext.execute(MavenExecutionContext.java:281)
	at org.eclipse.m2e.core.embedder.IMaven.execute(IMaven.java:300)
	at org.eclipse.m2e.jdt.internal.DownloadSourcesJob.run(DownloadSourcesJob.java:149)
	at org.eclipse.core.internal.jobs.Worker.run(Worker.java:63)
2026-09-06 09:04:04,199 [Worker-37: Download sources and javadoc] INFO  o.e.m.c.i.e.AbstractTransferListenerAdapter - Downloaded https://repo.maven.apache.org/maven2/com/fasterxml/jackson/core/jackson-databind/2.19.2/jackson-databind-2.19.2-sources.jar
2026-09-06 09:04:04,203 [Worker-37: Download sources and javadoc] ERROR o.e.m.j.internal.DownloadSourcesJob - Could not download sources for com.fasterxml.jackson.core:jackson-databind:2.19.2
org.eclipse.core.runtime.CoreException: Could not resolve artifact com.fasterxml.jackson.core:jackson-databind:jar:sources:2.19.2
	at org.eclipse.m2e.core.internal.embedder.MavenImpl.lambda$7(MavenImpl.java:554)
	at org.eclipse.m2e.core.internal.embedder.MavenExecutionContext.executeBare(MavenExecutionContext.java:462)
	at org.eclipse.m2e.core.internal.embedder.MavenExecutionContext.execute(MavenExecutionContext.java:295)
	at org.eclipse.m2e.core.internal.embedder.MavenExecutionContext.execute(MavenExecutionContext.java:281)
	at org.eclipse.m2e.core.internal.embedder.MavenImpl.resolve(MavenImpl.java:523)
	at org.eclipse.m2e.core.internal.embedder.MavenImpl.resolve(MavenImpl.java:508)
	at org.eclipse.m2e.jdt.internal.DownloadSourcesJob.download(DownloadSourcesJob.java:308)
	at org.eclipse.m2e.jdt.internal.DownloadSourcesJob.downloadAttachments(DownloadSourcesJob.java:282)
	at org.eclipse.m2e.jdt.internal.DownloadSourcesJob.downloadMaven(DownloadSourcesJob.java:252)
	at org.eclipse.m2e.jdt.internal.DownloadSourcesJob.downloadFilesAndPopulateToUpdate(DownloadSourcesJob.java:220)
	at org.eclipse.m2e.jdt.internal.DownloadSourcesJob.lambda$0(DownloadSourcesJob.java:149)
	at org.eclipse.m2e.core.internal.embedder.MavenExecutionContext.executeBare(MavenExecutionContext.java:462)
	at org.eclipse.m2e.core.internal.embedder.MavenExecutionContext.execute(MavenExecutionContext.java:342)
	at org.eclipse.m2e.core.internal.embedder.MavenExecutionContext.execute(MavenExecutionContext.java:281)
	at org.eclipse.m2e.core.embedder.IMaven.execute(IMaven.java:300)
	at org.eclipse.m2e.jdt.internal.DownloadSourcesJob.run(DownloadSourcesJob.java:149)
	at org.eclipse.core.internal.jobs.Worker.run(Worker.java:63)
2026-09-06 09:04:04,214 [Worker-37: Download sources and javadoc] INFO  o.e.m.c.i.e.AbstractTransferListenerAdapter - Downloaded https://repo.maven.apache.org/maven2/com/fasterxml/jackson/core/jackson-annotations/2.19.2/jackson-annotations-2.19.2-sources.jar
2026-09-06 09:04:04,219 [Worker-37: Download sources and javadoc] ERROR o.e.m.j.internal.DownloadSourcesJob - Could not download sources for com.fasterxml.jackson.core:jackson-annotations:2.19.2
org.eclipse.core.runtime.CoreException: Could not resolve artifact com.fasterxml.jackson.core:jackson-annotations:jar:sources:2.19.2
	at org.eclipse.m2e.core.internal.embedder.MavenImpl.lambda$7(MavenImpl.java:554)
	at org.eclipse.m2e.core.internal.embedder.MavenExecutionContext.executeBare(MavenExecutionContext.java:462)
	at org.eclipse.m2e.core.internal.embedder.MavenExecutionContext.execute(MavenExecutionContext.java:295)
	at org.eclipse.m2e.core.internal.embedder.MavenExecutionContext.execute(MavenExecutionContext.java:281)
	at org.eclipse.m2e.core.internal.embedder.MavenImpl.resolve(MavenImpl.java:523)
	at org.eclipse.m2e.core.internal.embedder.MavenImpl.resolve(MavenImpl.java:508)
	at org.eclipse.m2e.jdt.internal.DownloadSourcesJob.download(DownloadSourcesJob.java:308)
	at org.eclipse.m2e.jdt.internal.DownloadSourcesJob.downloadAttachments(DownloadSourcesJob.java:282)
	at org.eclipse.m2e.jdt.internal.DownloadSourcesJob.downloadMaven(DownloadSourcesJob.java:252)
	at org.eclipse.m2e.jdt.internal.DownloadSourcesJob.downloadFilesAndPopulateToUpdate(DownloadSourcesJob.java:220)
	at org.eclipse.m2e.jdt.internal.DownloadSourcesJob.lambda$0(DownloadSourcesJob.java:149)
	at org.eclipse.m2e.core.internal.embedder.MavenExecutionContext.executeBare(MavenExecutionContext.java:462)
	at org.eclipse.m2e.core.internal.embedder.MavenExecutionContext.execute(MavenExecutionContext.java:342)
	at org.eclipse.m2e.core.internal.embedder.MavenExecutionContext.execute(MavenExecutionContext.java:281)
	at org.eclipse.m2e.core.embedder.IMaven.execute(IMaven.java:300)
	at org.eclipse.m2e.jdt.internal.DownloadSourcesJob.run(DownloadSourcesJob.java:149)
	at org.eclipse.core.internal.jobs.Worker.run(Worker.java:63)
2026-09-06 09:04:04,227 [Worker-37: Download sources and javadoc] INFO  o.e.m.c.i.e.AbstractTransferListenerAdapter - Downloaded https://repo.maven.apache.org/maven2/com/fasterxml/jackson/core/jackson-core/2.19.2/jackson-core-2.19.2-sources.jar
2026-09-06 09:04:04,231 [Worker-37: Download sources and javadoc] ERROR o.e.m.j.internal.DownloadSourcesJob - Could not download sources for com.fasterxml.jackson.core:jackson-core:2.19.2
org.eclipse.core.runtime.CoreException: Could not resolve artifact com.fasterxml.jackson.core:jackson-core:jar:sources:2.19.2
	at org.eclipse.m2e.core.internal.embedder.MavenImpl.lambda$7(MavenImpl.java:554)
	at org.eclipse.m2e.core.internal.embedder.MavenExecutionContext.executeBare(MavenExecutionContext.java:462)
	at org.eclipse.m2e.core.internal.embedder.MavenExecutionContext.execute(MavenExecutionContext.java:295)
	at org.eclipse.m2e.core.internal.embedder.MavenExecutionContext.execute(MavenExecutionContext.java:281)
	at org.eclipse.m2e.core.internal.embedder.MavenImpl.resolve(MavenImpl.java:523)
	at org.eclipse.m2e.core.internal.embedder.MavenImpl.resolve(MavenImpl.java:508)
	at org.eclipse.m2e.jdt.internal.DownloadSourcesJob.download(DownloadSourcesJob.java:308)
	at org.eclipse.m2e.jdt.internal.DownloadSourcesJob.downloadAttachments(DownloadSourcesJob.java:282)
	at org.eclipse.m2e.jdt.internal.DownloadSourcesJob.downloadMaven(DownloadSourcesJob.java:252)
	at org.eclipse.m2e.jdt.internal.DownloadSourcesJob.downloadFilesAndPopulateToUpdate(DownloadSourcesJob.java:220)
	at org.eclipse.m2e.jdt.internal.DownloadSourcesJob.lambda$0(DownloadSourcesJob.java:149)
	at org.eclipse.m2e.core.internal.embedder.MavenExecutionContext.executeBare(MavenExecutionContext.java:462)
	at org.eclipse.m2e.core.internal.embedder.MavenExecutionContext.execute(MavenExecutionContext.java:342)
	at org.eclipse.m2e.core.internal.embedder.MavenExecutionContext.execute(MavenExecutionContext.java:281)
	at org.eclipse.m2e.core.embedder.IMaven.execute(IMaven.java:300)
	at org.eclipse.m2e.jdt.internal.DownloadSourcesJob.run(DownloadSourcesJob.java:149)
	at org.eclipse.core.internal.jobs.Worker.run(Worker.java:63)
2026-09-06 09:04:04,238 [Worker-37: Download sources and javadoc] INFO  o.e.m.c.i.e.AbstractTransferListenerAdapter - Downloaded https://repo.maven.apache.org/maven2/com/fasterxml/jackson/datatype/jackson-datatype-jdk8/2.19.2/jackson-datatype-jdk8-2.19.2-sources.jar
2026-09-06 09:04:04,243 [Worker-37: Download sources and javadoc] ERROR o.e.m.j.internal.DownloadSourcesJob - Could not download sources for com.fasterxml.jackson.datatype:jackson-datatype-jdk8:2.19.2
org.eclipse.core.runtime.CoreException: Could not resolve artifact com.fasterxml.jackson.datatype:jackson-datatype-jdk8:jar:sources:2.19.2
	at org.eclipse.m2e.core.internal.embedder.MavenImpl.lambda$7(MavenImpl.java:554)
	at org.eclipse.m2e.core.internal.embedder.MavenExecutionContext.executeBare(MavenExecutionContext.java:462)
	at org.eclipse.m2e.core.internal.embedder.MavenExecutionContext.execute(MavenExecutionContext.java:295)
	at org.eclipse.m2e.core.internal.embedder.MavenExecutionContext.execute(MavenExecutionContext.java:281)
	at org.eclipse.m2e.core.internal.embedder.MavenImpl.resolve(MavenImpl.java:523)
	at org.eclipse.m2e.core.internal.embedder.MavenImpl.resolve(MavenImpl.java:508)
	at org.eclipse.m2e.jdt.internal.DownloadSourcesJob.download(DownloadSourcesJob.java:308)
	at org.eclipse.m2e.jdt.internal.DownloadSourcesJob.downloadAttachments(DownloadSourcesJob.java:282)
	at org.eclipse.m2e.jdt.internal.DownloadSourcesJob.downloadMaven(DownloadSourcesJob.java:252)
	at org.eclipse.m2e.jdt.internal.DownloadSourcesJob.downloadFilesAndPopulateToUpdate(DownloadSourcesJob.java:220)
	at org.eclipse.m2e.jdt.internal.DownloadSourcesJob.lambda$0(DownloadSourcesJob.java:149)
	at org.eclipse.m2e.core.internal.embedder.MavenExecutionContext.executeBare(MavenExecutionContext.java:462)
	at org.eclipse.m2e.core.internal.embedder.MavenExecutionContext.execute(MavenExecutionContext.java:342)
	at org.eclipse.m2e.core.internal.embedder.MavenExecutionContext.execute(MavenExecutionContext.java:281)
	at org.eclipse.m2e.core.embedder.IMaven.execute(IMaven.java:300)
	at org.eclipse.m2e.jdt.internal.DownloadSourcesJob.run(DownloadSourcesJob.java:149)
	at org.eclipse.core.internal.jobs.Worker.run(Worker.java:63)
2026-09-06 09:04:04,249 [Worker-37: Download sources and javadoc] INFO  o.e.m.c.i.e.AbstractTransferListenerAdapter - Downloaded https://repo.maven.apache.org/maven2/com/fasterxml/jackson/datatype/jackson-datatype-jsr310/2.19.2/jackson-datatype-jsr310-2.19.2-sources.jar
2026-09-06 09:04:04,252 [Worker-37: Download sources and javadoc] ERROR o.e.m.j.internal.DownloadSourcesJob - Could not download sources for com.fasterxml.jackson.datatype:jackson-datatype-jsr310:2.19.2
org.eclipse.core.runtime.CoreException: Could not resolve artifact com.fasterxml.jackson.datatype:jackson-datatype-jsr310:jar:sources:2.19.2
	at org.eclipse.m2e.core.internal.embedder.MavenImpl.lambda$7(MavenImpl.java:554)
	at org.eclipse.m2e.core.internal.embedder.MavenExecutionContext.executeBare(MavenExecutionContext.java:462)
	at org.eclipse.m2e.core.internal.embedder.MavenExecutionContext.execute(MavenExecutionContext.java:295)
	at org.eclipse.m2e.core.internal.embedder.MavenExecutionContext.execute(MavenExecutionContext.java:281)
	at org.eclipse.m2e.core.internal.embedder.MavenImpl.resolve(MavenImpl.java:523)
	at org.eclipse.m2e.core.internal.embedder.MavenImpl.resolve(MavenImpl.java:508)
	at org.eclipse.m2e.jdt.internal.DownloadSourcesJob.download(DownloadSourcesJob.java:308)
	at org.eclipse.m2e.jdt.internal.DownloadSourcesJob.downloadAttachments(DownloadSourcesJob.java:282)
	at org.eclipse.m2e.jdt.internal.DownloadSourcesJob.downloadMaven(DownloadSourcesJob.java:252)
	at org.eclipse.m2e.jdt.internal.DownloadSourcesJob.downloadFilesAndPopulateToUpdate(DownloadSourcesJob.java:220)
	at org.eclipse.m2e.jdt.internal.DownloadSourcesJob.lambda$0(DownloadSourcesJob.java:149)
	at org.eclipse.m2e.core.internal.embedder.MavenExecutionContext.executeBare(MavenExecutionContext.java:462)
	at org.eclipse.m2e.core.internal.embedder.MavenExecutionContext.execute(MavenExecutionContext.java:342)
	at org.eclipse.m2e.core.internal.embedder.MavenExecutionContext.execute(MavenExecutionContext.java:281)
	at org.eclipse.m2e.core.embedder.IMaven.execute(IMaven.java:300)
	at org.eclipse.m2e.jdt.internal.DownloadSourcesJob.run(DownloadSourcesJob.java:149)
	at org.eclipse.core.internal.jobs.Worker.run(Worker.java:63)
2026-09-06 09:04:04,257 [Worker-37: Download sources and javadoc] INFO  o.e.m.c.i.e.AbstractTransferListenerAdapter - Downloaded https://repo.maven.apache.org/maven2/com/fasterxml/jackson/module/jackson-module-parameter-names/2.19.2/jackson-module-parameter-names-2.19.2-sources.jar
2026-09-06 09:04:04,260 [Worker-37: Download sources and javadoc] ERROR o.e.m.j.internal.DownloadSourcesJob - Could not download sources for com.fasterxml.jackson.module:jackson-module-parameter-names:2.19.2
org.eclipse.core.runtime.CoreException: Could not resolve artifact com.fasterxml.jackson.module:jackson-module-parameter-names:jar:sources:2.19.2
	at org.eclipse.m2e.core.internal.embedder.MavenImpl.lambda$7(MavenImpl.java:554)
	at org.eclipse.m2e.core.internal.embedder.MavenExecutionContext.executeBare(MavenExecutionContext.java:462)
	at org.eclipse.m2e.core.internal.embedder.MavenExecutionContext.execute(MavenExecutionContext.java:295)
	at org.eclipse.m2e.core.internal.embedder.MavenExecutionContext.execute(MavenExecutionContext.java:281)
	at org.eclipse.m2e.core.internal.embedder.MavenImpl.resolve(MavenImpl.java:523)
	at org.eclipse.m2e.core.internal.embedder.MavenImpl.resolve(MavenImpl.java:508)
	at org.eclipse.m2e.jdt.internal.DownloadSourcesJob.download(DownloadSourcesJob.java:308)
	at org.eclipse.m2e.jdt.internal.DownloadSourcesJob.downloadAttachments(DownloadSourcesJob.java:282)
	at org.eclipse.m2e.jdt.internal.DownloadSourcesJob.downloadMaven(DownloadSourcesJob.java:252)
	at org.eclipse.m2e.jdt.internal.DownloadSourcesJob.downloadFilesAndPopulateToUpdate(DownloadSourcesJob.java:220)
	at org.eclipse.m2e.jdt.internal.DownloadSourcesJob.lambda$0(DownloadSourcesJob.java:149)
	at org.eclipse.m2e.core.internal.embedder.MavenExecutionContext.executeBare(MavenExecutionContext.java:462)
	at org.eclipse.m2e.core.internal.embedder.MavenExecutionContext.execute(MavenExecutionContext.java:342)
	at org.eclipse.m2e.core.internal.embedder.MavenExecutionContext.execute(MavenExecutionContext.java:281)
	at org.eclipse.m2e.core.embedder.IMaven.execute(IMaven.java:300)
	at org.eclipse.m2e.jdt.internal.DownloadSourcesJob.run(DownloadSourcesJob.java:149)
	at org.eclipse.core.internal.jobs.Worker.run(Worker.java:63)
2026-09-06 09:04:04,264 [Worker-37: Download sources and javadoc] INFO  o.e.m.c.i.e.AbstractTransferListenerAdapter - Downloaded https://repo.maven.apache.org/maven2/org/springframework/boot/spring-boot-starter-tomcat/3.5.5/spring-boot-starter-tomcat-3.5.5-sources.jar
2026-09-06 09:04:04,278 [Worker-37: Download sources and javadoc] ERROR o.e.m.j.internal.DownloadSourcesJob - Could not download sources for org.springframework.boot:spring-boot-starter-tomcat:3.5.5
org.eclipse.core.runtime.CoreException: Could not resolve artifact org.springframework.boot:spring-boot-starter-tomcat:jar:sources:3.5.5
	at org.eclipse.m2e.core.internal.embedder.MavenImpl.lambda$7(MavenImpl.java:554)
	at org.eclipse.m2e.core.internal.embedder.MavenExecutionContext.executeBare(MavenExecutionContext.java:462)
	at org.eclipse.m2e.core.internal.embedder.MavenExecutionContext.execute(MavenExecutionContext.java:295)
	at org.eclipse.m2e.core.internal.embedder.MavenExecutionContext.execute(MavenExecutionContext.java:281)
	at org.eclipse.m2e.core.internal.embedder.MavenImpl.resolve(MavenImpl.java:523)
	at org.eclipse.m2e.core.internal.embedder.MavenImpl.resolve(MavenImpl.java:508)
	at org.eclipse.m2e.jdt.internal.DownloadSourcesJob.download(DownloadSourcesJob.java:308)
	at org.eclipse.m2e.jdt.internal.DownloadSourcesJob.downloadAttachments(DownloadSourcesJob.java:282)
	at org.eclipse.m2e.jdt.internal.DownloadSourcesJob.downloadMaven(DownloadSourcesJob.java:252)
	at org.eclipse.m2e.jdt.internal.DownloadSourcesJob.downloadFilesAndPopulateToUpdate(DownloadSourcesJob.java:220)
	at org.eclipse.m2e.jdt.internal.DownloadSourcesJob.lambda$0(DownloadSourcesJob.java:149)
	at org.eclipse.m2e.core.internal.embedder.MavenExecutionContext.executeBare(MavenExecutionContext.java:462)
	at org.eclipse.m2e.core.internal.embedder.MavenExecutionContext.execute(MavenExecutionContext.java:342)
	at org.eclipse.m2e.core.internal.embedder.MavenExecutionContext.execute(MavenExecutionContext.java:281)
	at org.eclipse.m2e.core.embedder.IMaven.execute(IMaven.java:300)
	at org.eclipse.m2e.jdt.internal.DownloadSourcesJob.run(DownloadSourcesJob.java:149)
	at org.eclipse.core.internal.jobs.Worker.run(Worker.java:63)
2026-09-06 09:04:04,291 [Worker-37: Download sources and javadoc] INFO  o.e.m.c.i.e.AbstractTransferListenerAdapter - Downloaded https://repo.maven.apache.org/maven2/org/apache/tomcat/embed/tomcat-embed-core/10.1.44/tomcat-embed-core-10.1.44-sources.jar
2026-09-06 09:04:04,297 [Worker-37: Download sources and javadoc] ERROR o.e.m.j.internal.DownloadSourcesJob - Could not download sources for org.apache.tomcat.embed:tomcat-embed-core:10.1.44
org.eclipse.core.runtime.CoreException: Could not resolve artifact org.apache.tomcat.embed:tomcat-embed-core:jar:sources:10.1.44
	at org.eclipse.m2e.core.internal.embedder.MavenImpl.lambda$7(MavenImpl.java:554)
	at org.eclipse.m2e.core.internal.embedder.MavenExecutionContext.executeBare(MavenExecutionContext.java:462)
	at org.eclipse.m2e.core.internal.embedder.MavenExecutionContext.execute(MavenExecutionContext.java:295)
	at org.eclipse.m2e.core.internal.embedder.MavenExecutionContext.execute(MavenExecutionContext.java:281)
	at org.eclipse.m2e.core.internal.embedder.MavenImpl.resolve(MavenImpl.java:523)
	at org.eclipse.m2e.core.internal.embedder.MavenImpl.resolve(MavenImpl.java:508)
	at org.eclipse.m2e.jdt.internal.DownloadSourcesJob.download(DownloadSourcesJob.java:308)
	at org.eclipse.m2e.jdt.internal.DownloadSourcesJob.downloadAttachments(DownloadSourcesJob.java:282)
	at org.eclipse.m2e.jdt.internal.DownloadSourcesJob.downloadMaven(DownloadSourcesJob.java:252)
	at org.eclipse.m2e.jdt.internal.DownloadSourcesJob.downloadFilesAndPopulateToUpdate(DownloadSourcesJob.java:220)
	at org.eclipse.m2e.jdt.internal.DownloadSourcesJob.lambda$0(DownloadSourcesJob.java:149)
	at org.eclipse.m2e.core.internal.embedder.MavenExecutionContext.executeBare(MavenExecutionContext.java:462)
	at org.eclipse.m2e.core.internal.embedder.MavenExecutionContext.execute(MavenExecutionContext.java:342)
	at org.eclipse.m2e.core.internal.embedder.MavenExecutionContext.execute(MavenExecutionContext.java:281)
	at org.eclipse.m2e.core.embedder.IMaven.execute(IMaven.java:300)
	at org.eclipse.m2e.jdt.internal.DownloadSourcesJob.run(DownloadSourcesJob.java:149)
	at org.eclipse.core.internal.jobs.Worker.run(Worker.java:63)
2026-09-06 09:04:04,306 [Worker-37: Download sources and javadoc] INFO  o.e.m.c.i.e.AbstractTransferListenerAdapter - Downloaded https://repo.maven.apache.org/maven2/org/apache/tomcat/embed/tomcat-embed-el/10.1.44/tomcat-embed-el-10.1.44-sources.jar
2026-09-06 09:04:04,311 [Worker-37: Download sources and javadoc] ERROR o.e.m.j.internal.DownloadSourcesJob - Could not download sources for org.apache.tomcat.embed:tomcat-embed-el:10.1.44
org.eclipse.core.runtime.CoreException: Could not resolve artifact org.apache.tomcat.embed:tomcat-embed-el:jar:sources:10.1.44
	at org.eclipse.m2e.core.internal.embedder.MavenImpl.lambda$7(MavenImpl.java:554)
	at org.eclipse.m2e.core.internal.embedder.MavenExecutionContext.executeBare(MavenExecutionContext.java:462)
	at org.eclipse.m2e.core.internal.embedder.MavenExecutionContext.execute(MavenExecutionContext.java:295)
	at org.eclipse.m2e.core.internal.embedder.MavenExecutionContext.execute(MavenExecutionContext.java:281)
	at org.eclipse.m2e.core.internal.embedder.MavenImpl.resolve(MavenImpl.java:523)
	at org.eclipse.m2e.core.internal.embedder.MavenImpl.resolve(MavenImpl.java:508)
	at org.eclipse.m2e.jdt.internal.DownloadSourcesJob.download(DownloadSourcesJob.java:308)
	at org.eclipse.m2e.jdt.internal.DownloadSourcesJob.downloadAttachments(DownloadSourcesJob.java:282)
	at org.eclipse.m2e.jdt.internal.DownloadSourcesJob.downloadMaven(DownloadSourcesJob.java:252)
	at org.eclipse.m2e.jdt.internal.DownloadSourcesJob.downloadFilesAndPopulateToUpdate(DownloadSourcesJob.java:220)
	at org.eclipse.m2e.jdt.internal.DownloadSourcesJob.lambda$0(DownloadSourcesJob.java:149)
	at org.eclipse.m2e.core.internal.embedder.MavenExecutionContext.executeBare(MavenExecutionContext.java:462)
	at org.eclipse.m2e.core.internal.embedder.MavenExecutionContext.execute(MavenExecutionContext.java:342)
	at org.eclipse.m2e.core.internal.embedder.MavenExecutionContext.execute(MavenExecutionContext.java:281)
	at org.eclipse.m2e.core.embedder.IMaven.execute(IMaven.java:300)
	at org.eclipse.m2e.jdt.internal.DownloadSourcesJob.run(DownloadSourcesJob.java:149)
	at org.eclipse.core.internal.jobs.Worker.run(Worker.java:63)
2026-09-06 09:04:04,321 [Worker-37: Download sources and javadoc] INFO  o.e.m.c.i.e.AbstractTransferListenerAdapter - Downloaded https://repo.maven.apache.org/maven2/org/apache/tomcat/embed/tomcat-embed-websocket/10.1.44/tomcat-embed-websocket-10.1.44-sources.jar
2026-09-06 09:04:04,326 [Worker-37: Download sources and javadoc] ERROR o.e.m.j.internal.DownloadSourcesJob - Could not download sources for org.apache.tomcat.embed:tomcat-embed-websocket:10.1.44
org.eclipse.core.runtime.CoreException: Could not resolve artifact org.apache.tomcat.embed:tomcat-embed-websocket:jar:sources:10.1.44
	at org.eclipse.m2e.core.internal.embedder.MavenImpl.lambda$7(MavenImpl.java:554)
	at org.eclipse.m2e.core.internal.embedder.MavenExecutionContext.executeBare(MavenExecutionContext.java:462)
	at org.eclipse.m2e.core.internal.embedder.MavenExecutionContext.execute(MavenExecutionContext.java:295)
	at org.eclipse.m2e.core.internal.embedder.MavenExecutionContext.execute(MavenExecutionContext.java:281)
	at org.eclipse.m2e.core.internal.embedder.MavenImpl.resolve(MavenImpl.java:523)
	at org.eclipse.m2e.core.internal.embedder.MavenImpl.resolve(MavenImpl.java:508)
	at org.eclipse.m2e.jdt.internal.DownloadSourcesJob.download(DownloadSourcesJob.java:308)
	at org.eclipse.m2e.jdt.internal.DownloadSourcesJob.downloadAttachments(DownloadSourcesJob.java:282)
	at org.eclipse.m2e.jdt.internal.DownloadSourcesJob.downloadMaven(DownloadSourcesJob.java:252)
	at org.eclipse.m2e.jdt.internal.DownloadSourcesJob.downloadFilesAndPopulateToUpdate(DownloadSourcesJob.java:220)
	at org.eclipse.m2e.jdt.internal.DownloadSourcesJob.lambda$0(DownloadSourcesJob.java:149)
	at org.eclipse.m2e.core.internal.embedder.MavenExecutionContext.executeBare(MavenExecutionContext.java:462)
	at org.eclipse.m2e.core.internal.embedder.MavenExecutionContext.execute(MavenExecutionContext.java:342)
	at org.eclipse.m2e.core.internal.embedder.MavenExecutionContext.execute(MavenExecutionContext.java:281)
	at org.eclipse.m2e.core.embedder.IMaven.execute(IMaven.java:300)
	at org.eclipse.m2e.jdt.internal.DownloadSourcesJob.run(DownloadSourcesJob.java:149)
	at org.eclipse.core.internal.jobs.Worker.run(Worker.java:63)
2026-09-06 09:04:04,335 [Worker-37: Download sources and javadoc] INFO  o.e.m.c.i.e.AbstractTransferListenerAdapter - Downloaded https://repo.maven.apache.org/maven2/org/springframework/spring-web/6.2.10/spring-web-6.2.10-sources.jar
2026-09-06 09:04:04,339 [Worker-37: Download sources and javadoc] ERROR o.e.m.j.internal.DownloadSourcesJob - Could not download sources for org.springframework:spring-web:6.2.10
org.eclipse.core.runtime.CoreException: Could not resolve artifact org.springframework:spring-web:jar:sources:6.2.10
	at org.eclipse.m2e.core.internal.embedder.MavenImpl.lambda$7(MavenImpl.java:554)
	at org.eclipse.m2e.core.internal.embedder.MavenExecutionContext.executeBare(MavenExecutionContext.java:462)
	at org.eclipse.m2e.core.internal.embedder.MavenExecutionContext.execute(MavenExecutionContext.java:295)
	at org.eclipse.m2e.core.internal.embedder.MavenExecutionContext.execute(MavenExecutionContext.java:281)
	at org.eclipse.m2e.core.internal.embedder.MavenImpl.resolve(MavenImpl.java:523)
	at org.eclipse.m2e.core.internal.embedder.MavenImpl.resolve(MavenImpl.java:508)
	at org.eclipse.m2e.jdt.internal.DownloadSourcesJob.download(DownloadSourcesJob.java:308)
	at org.eclipse.m2e.jdt.internal.DownloadSourcesJob.downloadAttachments(DownloadSourcesJob.java:282)
	at org.eclipse.m2e.jdt.internal.DownloadSourcesJob.downloadMaven(DownloadSourcesJob.java:252)
	at org.eclipse.m2e.jdt.internal.DownloadSourcesJob.downloadFilesAndPopulateToUpdate(DownloadSourcesJob.java:220)
	at org.eclipse.m2e.jdt.internal.DownloadSourcesJob.lambda$0(DownloadSourcesJob.java:149)
	at org.eclipse.m2e.core.internal.embedder.MavenExecutionContext.executeBare(MavenExecutionContext.java:462)
	at org.eclipse.m2e.core.internal.embedder.MavenExecutionContext.execute(MavenExecutionContext.java:342)
	at org.eclipse.m2e.core.internal.embedder.MavenExecutionContext.execute(MavenExecutionContext.java:281)
	at org.eclipse.m2e.core.embedder.IMaven.execute(IMaven.java:300)
	at org.eclipse.m2e.jdt.internal.DownloadSourcesJob.run(DownloadSourcesJob.java:149)
	at org.eclipse.core.internal.jobs.Worker.run(Worker.java:63)
2026-09-06 09:04:04,350 [Worker-37: Download sources and javadoc] INFO  o.e.m.c.i.e.AbstractTransferListenerAdapter - Downloaded https://repo.maven.apache.org/maven2/org/springframework/spring-beans/6.2.10/spring-beans-6.2.10-sources.jar
2026-09-06 09:04:04,353 [Worker-37: Download sources and javadoc] ERROR o.e.m.j.internal.DownloadSourcesJob - Could not download sources for org.springframework:spring-beans:6.2.10
org.eclipse.core.runtime.CoreException: Could not resolve artifact org.springframework:spring-beans:jar:sources:6.2.10
	at org.eclipse.m2e.core.internal.embedder.MavenImpl.lambda$7(MavenImpl.java:554)
	at org.eclipse.m2e.core.internal.embedder.MavenExecutionContext.executeBare(MavenExecutionContext.java:462)
	at org.eclipse.m2e.core.internal.embedder.MavenExecutionContext.execute(MavenExecutionContext.java:295)
	at org.eclipse.m2e.core.internal.embedder.MavenExecutionContext.execute(MavenExecutionContext.java:281)
	at org.eclipse.m2e.core.internal.embedder.MavenImpl.resolve(MavenImpl.java:523)
	at org.eclipse.m2e.core.internal.embedder.MavenImpl.resolve(MavenImpl.java:508)
	at org.eclipse.m2e.jdt.internal.DownloadSourcesJob.download(DownloadSourcesJob.java:308)
	at org.eclipse.m2e.jdt.internal.DownloadSourcesJob.downloadAttachments(DownloadSourcesJob.java:282)
	at org.eclipse.m2e.jdt.internal.DownloadSourcesJob.downloadMaven(DownloadSourcesJob.java:252)
	at org.eclipse.m2e.jdt.internal.DownloadSourcesJob.downloadFilesAndPopulateToUpdate(DownloadSourcesJob.java:220)
	at org.eclipse.m2e.jdt.internal.DownloadSourcesJob.lambda$0(DownloadSourcesJob.java:149)
	at org.eclipse.m2e.core.internal.embedder.MavenExecutionContext.executeBare(MavenExecutionContext.java:462)
	at org.eclipse.m2e.core.internal.embedder.MavenExecutionContext.execute(MavenExecutionContext.java:342)
	at org.eclipse.m2e.core.internal.embedder.MavenExecutionContext.execute(MavenExecutionContext.java:281)
	at org.eclipse.m2e.core.embedder.IMaven.execute(IMaven.java:300)
	at org.eclipse.m2e.jdt.internal.DownloadSourcesJob.run(DownloadSourcesJob.java:149)
	at org.eclipse.core.internal.jobs.Worker.run(Worker.java:63)
2026-09-06 09:04:04,355 [Worker-39: Updating Maven Project] INFO  o.e.m.j.i.AbstractJavaProjectConfigurator - Adding source folder /OnlineBankingSystem/src/main/java
2026-09-06 09:04:04,362 [Worker-39: Updating Maven Project] INFO  o.e.m.j.i.AbstractJavaProjectConfigurator - Adding resource folder /OnlineBankingSystem/src/main/resources
2026-09-06 09:04:04,365 [Worker-37: Download sources and javadoc] INFO  o.e.m.c.i.e.AbstractTransferListenerAdapter - Downloaded https://repo.maven.apache.org/maven2/io/micrometer/micrometer-observation/1.15.3/micrometer-observation-1.15.3-sources.jar
2026-09-06 09:04:04,369 [Worker-37: Download sources and javadoc] ERROR o.e.m.j.internal.DownloadSourcesJob - Could not download sources for io.micrometer:micrometer-observation:1.15.3
org.eclipse.core.runtime.CoreException: Could not resolve artifact io.micrometer:micrometer-observation:jar:sources:1.15.3
	at org.eclipse.m2e.core.internal.embedder.MavenImpl.lambda$7(MavenImpl.java:554)
	at org.eclipse.m2e.core.internal.embedder.MavenExecutionContext.executeBare(MavenExecutionContext.java:462)
	at org.eclipse.m2e.core.internal.embedder.MavenExecutionContext.execute(MavenExecutionContext.java:295)
	at org.eclipse.m2e.core.internal.embedder.MavenExecutionContext.execute(MavenExecutionContext.java:281)
	at org.eclipse.m2e.core.internal.embedder.MavenImpl.resolve(MavenImpl.java:523)
	at org.eclipse.m2e.core.internal.embedder.MavenImpl.resolve(MavenImpl.java:508)
	at org.eclipse.m2e.jdt.internal.DownloadSourcesJob.download(DownloadSourcesJob.java:308)
	at org.eclipse.m2e.jdt.internal.DownloadSourcesJob.downloadAttachments(DownloadSourcesJob.java:282)
	at org.eclipse.m2e.jdt.internal.DownloadSourcesJob.downloadMaven(DownloadSourcesJob.java:252)
	at org.eclipse.m2e.jdt.internal.DownloadSourcesJob.downloadFilesAndPopulateToUpdate(DownloadSourcesJob.java:220)
	at org.eclipse.m2e.jdt.internal.DownloadSourcesJob.lambda$0(DownloadSourcesJob.java:149)
	at org.eclipse.m2e.core.internal.embedder.MavenExecutionContext.executeBare(MavenExecutionContext.java:462)
	at org.eclipse.m2e.core.internal.embedder.MavenExecutionContext.execute(MavenExecutionContext.java:342)
	at org.eclipse.m2e.core.internal.embedder.MavenExecutionContext.execute(MavenExecutionContext.java:281)
	at org.eclipse.m2e.core.embedder.IMaven.execute(IMaven.java:300)
	at org.eclipse.m2e.jdt.internal.DownloadSourcesJob.run(DownloadSourcesJob.java:149)
	at org.eclipse.core.internal.jobs.Worker.run(Worker.java:63)
2026-09-06 09:04:04,370 [Worker-39: Updating Maven Project] INFO  o.e.m.j.i.AbstractJavaProjectConfigurator - Adding resource folder /OnlineBankingSystem/src/main/resources
2026-09-06 09:04:04,377 [Worker-37: Download sources and javadoc] INFO  o.e.m.c.i.e.AbstractTransferListenerAdapter - Downloaded https://repo.maven.apache.org/maven2/io/micrometer/micrometer-commons/1.15.3/micrometer-commons-1.15.3-sources.jar
2026-09-06 09:04:04,377 [Worker-39: Updating Maven Project] INFO  o.e.m.j.i.AbstractJavaProjectConfigurator - Adding source folder /OnlineBankingSystem/src/test/java
2026-09-06 09:04:04,378 [Worker-39: Updating Maven Project] INFO  o.e.m.j.i.AbstractJavaProjectConfigurator - Adding resource folder /OnlineBankingSystem/src/test/resources
2026-09-06 09:04:04,406 [Worker-37: Download sources and javadoc] ERROR o.e.m.j.internal.DownloadSourcesJob - Could not download sources for io.micrometer:micrometer-commons:1.15.3
org.eclipse.core.runtime.CoreException: Could not resolve artifact io.micrometer:micrometer-commons:jar:sources:1.15.3
	at org.eclipse.m2e.core.internal.embedder.MavenImpl.lambda$7(MavenImpl.java:554)
	at org.eclipse.m2e.core.internal.embedder.MavenExecutionContext.executeBare(MavenExecutionContext.java:462)
	at org.eclipse.m2e.core.internal.embedder.MavenExecutionContext.execute(MavenExecutionContext.java:295)
	at org.eclipse.m2e.core.internal.embedder.MavenExecutionContext.execute(MavenExecutionContext.java:281)
	at org.eclipse.m2e.core.internal.embedder.MavenImpl.resolve(MavenImpl.java:523)
	at org.eclipse.m2e.core.internal.embedder.MavenImpl.resolve(MavenImpl.java:508)
	at org.eclipse.m2e.jdt.internal.DownloadSourcesJob.download(DownloadSourcesJob.java:308)
	at org.eclipse.m2e.jdt.internal.DownloadSourcesJob.downloadAttachments(DownloadSourcesJob.java:282)
	at org.eclipse.m2e.jdt.internal.DownloadSourcesJob.downloadMaven(DownloadSourcesJob.java:252)
	at org.eclipse.m2e.jdt.internal.DownloadSourcesJob.downloadFilesAndPopulateToUpdate(DownloadSourcesJob.java:220)
	at org.eclipse.m2e.jdt.internal.DownloadSourcesJob.lambda$0(DownloadSourcesJob.java:149)
	at org.eclipse.m2e.core.internal.embedder.MavenExecutionContext.executeBare(MavenExecutionContext.java:462)
	at org.eclipse.m2e.core.internal.embedder.MavenExecutionContext.execute(MavenExecutionContext.java:342)
	at org.eclipse.m2e.core.internal.embedder.MavenExecutionContext.execute(MavenExecutionContext.java:281)
	at org.eclipse.m2e.core.embedder.IMaven.execute(IMaven.java:300)
	at org.eclipse.m2e.jdt.internal.DownloadSourcesJob.run(DownloadSourcesJob.java:149)
	at org.eclipse.core.internal.jobs.Worker.run(Worker.java:63)
2026-09-06 09:04:04,423 [Worker-37: Download sources and javadoc] INFO  o.e.m.c.i.e.AbstractTransferListenerAdapter - Downloaded https://repo.maven.apache.org/maven2/org/springframework/spring-webmvc/6.2.10/spring-webmvc-6.2.10-javadoc.jar
2026-09-06 09:04:04,428 [Worker-37: Download sources and javadoc] ERROR o.e.m.j.internal.DownloadSourcesJob - Could not download javadoc for org.springframework:spring-webmvc:6.2.10
org.eclipse.core.runtime.CoreException: Could not resolve artifact org.springframework:spring-webmvc:jar:javadoc:6.2.10
	at org.eclipse.m2e.core.internal.embedder.MavenImpl.lambda$7(MavenImpl.java:554)
	at org.eclipse.m2e.core.internal.embedder.MavenExecutionContext.executeBare(MavenExecutionContext.java:462)
	at org.eclipse.m2e.core.internal.embedder.MavenExecutionContext.execute(MavenExecutionContext.java:295)
	at org.eclipse.m2e.core.internal.embedder.MavenExecutionContext.execute(MavenExecutionContext.java:281)
	at org.eclipse.m2e.core.internal.embedder.MavenImpl.resolve(MavenImpl.java:523)
	at org.eclipse.m2e.core.internal.embedder.MavenImpl.resolve(MavenImpl.java:508)
	at org.eclipse.m2e.jdt.internal.DownloadSourcesJob.download(DownloadSourcesJob.java:308)
	at org.eclipse.m2e.jdt.internal.DownloadSourcesJob.downloadAttachments(DownloadSourcesJob.java:294)
	at org.eclipse.m2e.jdt.internal.DownloadSourcesJob.downloadMaven(DownloadSourcesJob.java:252)
	at org.eclipse.m2e.jdt.internal.DownloadSourcesJob.downloadFilesAndPopulateToUpdate(DownloadSourcesJob.java:220)
	at org.eclipse.m2e.jdt.internal.DownloadSourcesJob.lambda$0(DownloadSourcesJob.java:149)
	at org.eclipse.m2e.core.internal.embedder.MavenExecutionContext.executeBare(MavenExecutionContext.java:462)
	at org.eclipse.m2e.core.internal.embedder.MavenExecutionContext.execute(MavenExecutionContext.java:342)
	at org.eclipse.m2e.core.internal.embedder.MavenExecutionContext.execute(MavenExecutionContext.java:281)
	at org.eclipse.m2e.core.embedder.IMaven.execute(IMaven.java:300)
	at org.eclipse.m2e.jdt.internal.DownloadSourcesJob.run(DownloadSourcesJob.java:149)
	at org.eclipse.core.internal.jobs.Worker.run(Worker.java:63)
2026-09-06 09:04:04,440 [Worker-37: Download sources and javadoc] INFO  o.e.m.c.i.e.AbstractTransferListenerAdapter - Downloaded https://repo.maven.apache.org/maven2/org/springframework/spring-aop/6.2.10/spring-aop-6.2.10-sources.jar
2026-09-06 09:04:04,446 [Worker-37: Download sources and javadoc] ERROR o.e.m.j.internal.DownloadSourcesJob - Could not download sources for org.springframework:spring-aop:6.2.10
org.eclipse.core.runtime.CoreException: Could not resolve artifact org.springframework:spring-aop:jar:sources:6.2.10
	at org.eclipse.m2e.core.internal.embedder.MavenImpl.lambda$7(MavenImpl.java:554)
	at org.eclipse.m2e.core.internal.embedder.MavenExecutionContext.executeBare(MavenExecutionContext.java:462)
	at org.eclipse.m2e.core.internal.embedder.MavenExecutionContext.execute(MavenExecutionContext.java:295)
	at org.eclipse.m2e.core.internal.embedder.MavenExecutionContext.execute(MavenExecutionContext.java:281)
	at org.eclipse.m2e.core.internal.embedder.MavenImpl.resolve(MavenImpl.java:523)
	at org.eclipse.m2e.core.internal.embedder.MavenImpl.resolve(MavenImpl.java:508)
	at org.eclipse.m2e.jdt.internal.DownloadSourcesJob.download(DownloadSourcesJob.java:308)
	at org.eclipse.m2e.jdt.internal.DownloadSourcesJob.downloadAttachments(DownloadSourcesJob.java:282)
	at org.eclipse.m2e.jdt.internal.DownloadSourcesJob.downloadMaven(DownloadSourcesJob.java:252)
	at org.eclipse.m2e.jdt.internal.DownloadSourcesJob.downloadFilesAndPopulateToUpdate(DownloadSourcesJob.java:220)
	at org.eclipse.m2e.jdt.internal.DownloadSourcesJob.lambda$0(DownloadSourcesJob.java:149)
	at org.eclipse.m2e.core.internal.embedder.MavenExecutionContext.executeBare(MavenExecutionContext.java:462)
	at org.eclipse.m2e.core.internal.embedder.MavenExecutionContext.execute(MavenExecutionContext.java:342)
	at org.eclipse.m2e.core.internal.embedder.MavenExecutionContext.execute(MavenExecutionContext.java:281)
	at org.eclipse.m2e.core.embedder.IMaven.execute(IMaven.java:300)
	at org.eclipse.m2e.jdt.internal.DownloadSourcesJob.run(DownloadSourcesJob.java:149)
	at org.eclipse.core.internal.jobs.Worker.run(Worker.java:63)
2026-09-06 09:04:04,452 [Worker-37: Download sources and javadoc] INFO  o.e.m.c.i.e.AbstractTransferListenerAdapter - Downloaded https://repo.maven.apache.org/maven2/org/springframework/spring-context/6.2.10/spring-context-6.2.10-sources.jar
2026-09-06 09:04:04,455 [Worker-37: Download sources and javadoc] ERROR o.e.m.j.internal.DownloadSourcesJob - Could not download sources for org.springframework:spring-context:6.2.10
org.eclipse.core.runtime.CoreException: Could not resolve artifact org.springframework:spring-context:jar:sources:6.2.10
	at org.eclipse.m2e.core.internal.embedder.MavenImpl.lambda$7(MavenImpl.java:554)
	at org.eclipse.m2e.core.internal.embedder.MavenExecutionContext.executeBare(MavenExecutionContext.java:462)
	at org.eclipse.m2e.core.internal.embedder.MavenExecutionContext.execute(MavenExecutionContext.java:295)
	at org.eclipse.m2e.core.internal.embedder.MavenExecutionContext.execute(MavenExecutionContext.java:281)
	at org.eclipse.m2e.core.internal.embedder.MavenImpl.resolve(MavenImpl.java:523)
	at org.eclipse.m2e.core.internal.embedder.MavenImpl.resolve(MavenImpl.java:508)
	at org.eclipse.m2e.jdt.internal.DownloadSourcesJob.download(DownloadSourcesJob.java:308)
	at org.eclipse.m2e.jdt.internal.DownloadSourcesJob.downloadAttachments(DownloadSourcesJob.java:282)
	at org.eclipse.m2e.jdt.internal.DownloadSourcesJob.downloadMaven(DownloadSourcesJob.java:252)
	at org.eclipse.m2e.jdt.internal.DownloadSourcesJob.downloadFilesAndPopulateToUpdate(DownloadSourcesJob.java:220)
	at org.eclipse.m2e.jdt.internal.DownloadSourcesJob.lambda$0(DownloadSourcesJob.java:149)
	at org.eclipse.m2e.core.internal.embedder.MavenExecutionContext.executeBare(MavenExecutionContext.java:462)
	at org.eclipse.m2e.core.internal.embedder.MavenExecutionContext.execute(MavenExecutionContext.java:342)
	at org.eclipse.m2e.core.internal.embedder.MavenExecutionContext.execute(MavenExecutionContext.java:281)
	at org.eclipse.m2e.core.embedder.IMaven.execute(IMaven.java:300)
	at org.eclipse.m2e.jdt.internal.DownloadSourcesJob.run(DownloadSourcesJob.java:149)
	at org.eclipse.core.internal.jobs.Worker.run(Worker.java:63)
2026-09-06 09:04:04,460 [Worker-37: Download sources and javadoc] INFO  o.e.m.c.i.e.AbstractTransferListenerAdapter - Downloaded https://repo.maven.apache.org/maven2/org/springframework/spring-expression/6.2.10/spring-expression-6.2.10-sources.jar
2026-09-06 09:04:04,463 [Worker-37: Download sources and javadoc] ERROR o.e.m.j.internal.DownloadSourcesJob - Could not download sources for org.springframework:spring-expression:6.2.10
org.eclipse.core.runtime.CoreException: Could not resolve artifact org.springframework:spring-expression:jar:sources:6.2.10
	at org.eclipse.m2e.core.internal.embedder.MavenImpl.lambda$7(MavenImpl.java:554)
	at org.eclipse.m2e.core.internal.embedder.MavenExecutionContext.executeBare(MavenExecutionContext.java:462)
	at org.eclipse.m2e.core.internal.embedder.MavenExecutionContext.execute(MavenExecutionContext.java:295)
	at org.eclipse.m2e.core.internal.embedder.MavenExecutionContext.execute(MavenExecutionContext.java:281)
	at org.eclipse.m2e.core.internal.embedder.MavenImpl.resolve(MavenImpl.java:523)
	at org.eclipse.m2e.core.internal.embedder.MavenImpl.resolve(MavenImpl.java:508)
	at org.eclipse.m2e.jdt.internal.DownloadSourcesJob.download(DownloadSourcesJob.java:308)
	at org.eclipse.m2e.jdt.internal.DownloadSourcesJob.downloadAttachments(DownloadSourcesJob.java:282)
	at org.eclipse.m2e.jdt.internal.DownloadSourcesJob.downloadMaven(DownloadSourcesJob.java:252)
	at org.eclipse.m2e.jdt.internal.DownloadSourcesJob.downloadFilesAndPopulateToUpdate(DownloadSourcesJob.java:220)
	at org.eclipse.m2e.jdt.internal.DownloadSourcesJob.lambda$0(DownloadSourcesJob.java:149)
	at org.eclipse.m2e.core.internal.embedder.MavenExecutionContext.executeBare(MavenExecutionContext.java:462)
	at org.eclipse.m2e.core.internal.embedder.MavenExecutionContext.execute(MavenExecutionContext.java:342)
	at org.eclipse.m2e.core.internal.embedder.MavenExecutionContext.execute(MavenExecutionContext.java:281)
	at org.eclipse.m2e.core.embedder.IMaven.execute(IMaven.java:300)
	at org.eclipse.m2e.jdt.internal.DownloadSourcesJob.run(DownloadSourcesJob.java:149)
	at org.eclipse.core.internal.jobs.Worker.run(Worker.java:63)
2026-09-06 09:04:04,467 [Worker-37: Download sources and javadoc] INFO  o.e.m.c.i.e.AbstractTransferListenerAdapter - Downloaded https://repo.maven.apache.org/maven2/org/springframework/boot/spring-boot-starter-data-jpa/3.5.5/spring-boot-starter-data-jpa-3.5.5-sources.jar
2026-09-06 09:04:04,469 [Worker-37: Download sources and javadoc] ERROR o.e.m.j.internal.DownloadSourcesJob - Could not download sources for org.springframework.boot:spring-boot-starter-data-jpa:3.5.5
org.eclipse.core.runtime.CoreException: Could not resolve artifact org.springframework.boot:spring-boot-starter-data-jpa:jar:sources:3.5.5
	at org.eclipse.m2e.core.internal.embedder.MavenImpl.lambda$7(MavenImpl.java:554)
	at org.eclipse.m2e.core.internal.embedder.MavenExecutionContext.executeBare(MavenExecutionContext.java:462)
	at org.eclipse.m2e.core.internal.embedder.MavenExecutionContext.execute(MavenExecutionContext.java:295)
	at org.eclipse.m2e.core.internal.embedder.MavenExecutionContext.execute(MavenExecutionContext.java:281)
	at org.eclipse.m2e.core.internal.embedder.MavenImpl.resolve(MavenImpl.java:523)
	at org.eclipse.m2e.core.internal.embedder.MavenImpl.resolve(MavenImpl.java:508)
	at org.eclipse.m2e.jdt.internal.DownloadSourcesJob.download(DownloadSourcesJob.java:308)
	at org.eclipse.m2e.jdt.internal.DownloadSourcesJob.downloadAttachments(DownloadSourcesJob.java:282)
	at org.eclipse.m2e.jdt.internal.DownloadSourcesJob.downloadMaven(DownloadSourcesJob.java:252)
	at org.eclipse.m2e.jdt.internal.DownloadSourcesJob.downloadFilesAndPopulateToUpdate(DownloadSourcesJob.java:220)
	at org.eclipse.m2e.jdt.internal.DownloadSourcesJob.lambda$0(DownloadSourcesJob.java:149)
	at org.eclipse.m2e.core.internal.embedder.MavenExecutionContext.executeBare(MavenExecutionContext.java:462)
	at org.eclipse.m2e.core.internal.embedder.MavenExecutionContext.execute(MavenExecutionContext.java:342)
	at org.eclipse.m2e.core.internal.embedder.MavenExecutionContext.execute(MavenExecutionContext.java:281)
	at org.eclipse.m2e.core.embedder.IMaven.execute(IMaven.java:300)
	at org.eclipse.m2e.jdt.internal.DownloadSourcesJob.run(DownloadSourcesJob.java:149)
	at org.eclipse.core.internal.jobs.Worker.run(Worker.java:63)
2026-09-06 09:04:04,473 [Worker-37: Download sources and javadoc] INFO  o.e.m.c.i.e.AbstractTransferListenerAdapter - Downloaded https://repo.maven.apache.org/maven2/org/springframework/boot/spring-boot-starter-jdbc/3.5.5/spring-boot-starter-jdbc-3.5.5-sources.jar
2026-09-06 09:04:04,476 [Worker-37: Download sources and javadoc] ERROR o.e.m.j.internal.DownloadSourcesJob - Could not download sources for org.springframework.boot:spring-boot-starter-jdbc:3.5.5
org.eclipse.core.runtime.CoreException: Could not resolve artifact org.springframework.boot:spring-boot-starter-jdbc:jar:sources:3.5.5
	at org.eclipse.m2e.core.internal.embedder.MavenImpl.lambda$7(MavenImpl.java:554)
	at org.eclipse.m2e.core.internal.embedder.MavenExecutionContext.executeBare(MavenExecutionContext.java:462)
	at org.eclipse.m2e.core.internal.embedder.MavenExecutionContext.execute(MavenExecutionContext.java:295)
	at org.eclipse.m2e.core.internal.embedder.MavenExecutionContext.execute(MavenExecutionContext.java:281)
	at org.eclipse.m2e.core.internal.embedder.MavenImpl.resolve(MavenImpl.java:523)
	at org.eclipse.m2e.core.internal.embedder.MavenImpl.resolve(MavenImpl.java:508)
	at org.eclipse.m2e.jdt.internal.DownloadSourcesJob.download(DownloadSourcesJob.java:308)
	at org.eclipse.m2e.jdt.internal.DownloadSourcesJob.downloadAttachments(DownloadSourcesJob.java:282)
	at org.eclipse.m2e.jdt.internal.DownloadSourcesJob.downloadMaven(DownloadSourcesJob.java:252)
	at org.eclipse.m2e.jdt.internal.DownloadSourcesJob.downloadFilesAndPopulateToUpdate(DownloadSourcesJob.java:220)
	at org.eclipse.m2e.jdt.internal.DownloadSourcesJob.lambda$0(DownloadSourcesJob.java:149)
	at org.eclipse.m2e.core.internal.embedder.MavenExecutionContext.executeBare(MavenExecutionContext.java:462)
	at org.eclipse.m2e.core.internal.embedder.MavenExecutionContext.execute(MavenExecutionContext.java:342)
	at org.eclipse.m2e.core.internal.embedder.MavenExecutionContext.execute(MavenExecutionContext.java:281)
	at org.eclipse.m2e.core.embedder.IMaven.execute(IMaven.java:300)
	at org.eclipse.m2e.jdt.internal.DownloadSourcesJob.run(DownloadSourcesJob.java:149)
	at org.eclipse.core.internal.jobs.Worker.run(Worker.java:63)
2026-09-06 09:04:04,483 [Worker-37: Download sources and javadoc] INFO  o.e.m.c.i.e.AbstractTransferListenerAdapter - Downloaded https://repo.maven.apache.org/maven2/com/zaxxer/HikariCP/6.3.2/HikariCP-6.3.2-sources.jar
2026-09-06 09:04:04,486 [Worker-37: Download sources and javadoc] ERROR o.e.m.j.internal.DownloadSourcesJob - Could not download sources for com.zaxxer:HikariCP:6.3.2
org.eclipse.core.runtime.CoreException: Could not resolve artifact com.zaxxer:HikariCP:jar:sources:6.3.2
	at org.eclipse.m2e.core.internal.embedder.MavenImpl.lambda$7(MavenImpl.java:554)
	at org.eclipse.m2e.core.internal.embedder.MavenExecutionContext.executeBare(MavenExecutionContext.java:462)
	at org.eclipse.m2e.core.internal.embedder.MavenExecutionContext.execute(MavenExecutionContext.java:295)
	at org.eclipse.m2e.core.internal.embedder.MavenExecutionContext.execute(MavenExecutionContext.java:281)
	at org.eclipse.m2e.core.internal.embedder.MavenImpl.resolve(MavenImpl.java:523)
	at org.eclipse.m2e.core.internal.embedder.MavenImpl.resolve(MavenImpl.java:508)
	at org.eclipse.m2e.jdt.internal.DownloadSourcesJob.download(DownloadSourcesJob.java:308)
	at org.eclipse.m2e.jdt.internal.DownloadSourcesJob.downloadAttachments(DownloadSourcesJob.java:282)
	at org.eclipse.m2e.jdt.internal.DownloadSourcesJob.downloadMaven(DownloadSourcesJob.java:252)
	at org.eclipse.m2e.jdt.internal.DownloadSourcesJob.downloadFilesAndPopulateToUpdate(DownloadSourcesJob.java:220)
	at org.eclipse.m2e.jdt.internal.DownloadSourcesJob.lambda$0(DownloadSourcesJob.java:149)
	at org.eclipse.m2e.core.internal.embedder.MavenExecutionContext.executeBare(MavenExecutionContext.java:462)
	at org.eclipse.m2e.core.internal.embedder.MavenExecutionContext.execute(MavenExecutionContext.java:342)
	at org.eclipse.m2e.core.internal.embedder.MavenExecutionContext.execute(MavenExecutionContext.java:281)
	at org.eclipse.m2e.core.embedder.IMaven.execute(IMaven.java:300)
	at org.eclipse.m2e.jdt.internal.DownloadSourcesJob.run(DownloadSourcesJob.java:149)
	at org.eclipse.core.internal.jobs.Worker.run(Worker.java:63)
2026-09-06 09:04:04,492 [Worker-37: Download sources and javadoc] INFO  o.e.m.c.i.e.AbstractTransferListenerAdapter - Downloaded https://repo.maven.apache.org/maven2/org/springframework/spring-jdbc/6.2.10/spring-jdbc-6.2.10-sources.jar
2026-09-06 09:04:04,497 [Worker-37: Download sources and javadoc] ERROR o.e.m.j.internal.DownloadSourcesJob - Could not download sources for org.springframework:spring-jdbc:6.2.10
org.eclipse.core.runtime.CoreException: Could not resolve artifact org.springframework:spring-jdbc:jar:sources:6.2.10
	at org.eclipse.m2e.core.internal.embedder.MavenImpl.lambda$7(MavenImpl.java:554)
	at org.eclipse.m2e.core.internal.embedder.MavenExecutionContext.executeBare(MavenExecutionContext.java:462)
	at org.eclipse.m2e.core.internal.embedder.MavenExecutionContext.execute(MavenExecutionContext.java:295)
	at org.eclipse.m2e.core.internal.embedder.MavenExecutionContext.execute(MavenExecutionContext.java:281)
	at org.eclipse.m2e.core.internal.embedder.MavenImpl.resolve(MavenImpl.java:523)
	at org.eclipse.m2e.core.internal.embedder.MavenImpl.resolve(MavenImpl.java:508)
	at org.eclipse.m2e.jdt.internal.DownloadSourcesJob.download(DownloadSourcesJob.java:308)
	at org.eclipse.m2e.jdt.internal.DownloadSourcesJob.downloadAttachments(DownloadSourcesJob.java:282)
	at org.eclipse.m2e.jdt.internal.DownloadSourcesJob.downloadMaven(DownloadSourcesJob.java:252)
	at org.eclipse.m2e.jdt.internal.DownloadSourcesJob.downloadFilesAndPopulateToUpdate(DownloadSourcesJob.java:220)
	at org.eclipse.m2e.jdt.internal.DownloadSourcesJob.lambda$0(DownloadSourcesJob.java:149)
	at org.eclipse.m2e.core.internal.embedder.MavenExecutionContext.executeBare(MavenExecutionContext.java:462)
	at org.eclipse.m2e.core.internal.embedder.MavenExecutionContext.execute(MavenExecutionContext.java:342)
	at org.eclipse.m2e.core.internal.embedder.MavenExecutionContext.execute(MavenExecutionContext.java:281)
	at org.eclipse.m2e.core.embedder.IMaven.execute(IMaven.java:300)
	at org.eclipse.m2e.jdt.internal.DownloadSourcesJob.run(DownloadSourcesJob.java:149)
	at org.eclipse.core.internal.jobs.Worker.run(Worker.java:63)
2026-09-06 09:04:04,503 [Worker-37: Download sources and javadoc] INFO  o.e.m.c.i.e.AbstractTransferListenerAdapter - Downloaded https://repo.maven.apache.org/maven2/org/hibernate/orm/hibernate-core/6.6.26.Final/hibernate-core-6.6.26.Final-sources.jar
2026-09-06 09:04:04,508 [Worker-37: Download sources and javadoc] ERROR o.e.m.j.internal.DownloadSourcesJob - Could not download sources for org.hibernate.orm:hibernate-core:6.6.26.Final
org.eclipse.core.runtime.CoreException: Could not resolve artifact org.hibernate.orm:hibernate-core:jar:sources:6.6.26.Final
	at org.eclipse.m2e.core.internal.embedder.MavenImpl.lambda$7(MavenImpl.java:554)
	at org.eclipse.m2e.core.internal.embedder.MavenExecutionContext.executeBare(MavenExecutionContext.java:462)
	at org.eclipse.m2e.core.internal.embedder.MavenExecutionContext.execute(MavenExecutionContext.java:295)
	at org.eclipse.m2e.core.internal.embedder.MavenExecutionContext.execute(MavenExecutionContext.java:281)
	at org.eclipse.m2e.core.internal.embedder.MavenImpl.resolve(MavenImpl.java:523)
	at org.eclipse.m2e.core.internal.embedder.MavenImpl.resolve(MavenImpl.java:508)
	at org.eclipse.m2e.jdt.internal.DownloadSourcesJob.download(DownloadSourcesJob.java:308)
	at org.eclipse.m2e.jdt.internal.DownloadSourcesJob.downloadAttachments(DownloadSourcesJob.java:282)
	at org.eclipse.m2e.jdt.internal.DownloadSourcesJob.downloadMaven(DownloadSourcesJob.java:252)
	at org.eclipse.m2e.jdt.internal.DownloadSourcesJob.downloadFilesAndPopulateToUpdate(DownloadSourcesJob.java:220)
	at org.eclipse.m2e.jdt.internal.DownloadSourcesJob.lambda$0(DownloadSourcesJob.java:149)
	at org.eclipse.m2e.core.internal.embedder.MavenExecutionContext.executeBare(MavenExecutionContext.java:462)
	at org.eclipse.m2e.core.internal.embedder.MavenExecutionContext.execute(MavenExecutionContext.java:342)
	at org.eclipse.m2e.core.internal.embedder.MavenExecutionContext.execute(MavenExecutionContext.java:281)
	at org.eclipse.m2e.core.embedder.IMaven.execute(IMaven.java:300)
	at org.eclipse.m2e.jdt.internal.DownloadSourcesJob.run(DownloadSourcesJob.java:149)
	at org.eclipse.core.internal.jobs.Worker.run(Worker.java:63)
2026-09-06 09:04:04,518 [Worker-37: Download sources and javadoc] INFO  o.e.m.c.i.e.AbstractTransferListenerAdapter - Downloaded https://repo.maven.apache.org/maven2/com/fasterxml/classmate/1.7.0/classmate-1.7.0-sources.jar
2026-09-06 09:04:04,522 [Worker-37: Download sources and javadoc] ERROR o.e.m.j.internal.DownloadSourcesJob - Could not download sources for com.fasterxml:classmate:1.7.0
org.eclipse.core.runtime.CoreException: Could not resolve artifact com.fasterxml:classmate:jar:sources:1.7.0
	at org.eclipse.m2e.core.internal.embedder.MavenImpl.lambda$7(MavenImpl.java:554)
	at org.eclipse.m2e.core.internal.embedder.MavenExecutionContext.executeBare(MavenExecutionContext.java:462)
	at org.eclipse.m2e.core.internal.embedder.MavenExecutionContext.execute(MavenExecutionContext.java:295)
	at org.eclipse.m2e.core.internal.embedder.MavenExecutionContext.execute(MavenExecutionContext.java:281)
	at org.eclipse.m2e.core.internal.embedder.MavenImpl.resolve(MavenImpl.java:523)
	at org.eclipse.m2e.core.internal.embedder.MavenImpl.resolve(MavenImpl.java:508)
	at org.eclipse.m2e.jdt.internal.DownloadSourcesJob.download(DownloadSourcesJob.java:308)
	at org.eclipse.m2e.jdt.internal.DownloadSourcesJob.downloadAttachments(DownloadSourcesJob.java:282)
	at org.eclipse.m2e.jdt.internal.DownloadSourcesJob.downloadMaven(DownloadSourcesJob.java:252)
	at org.eclipse.m2e.jdt.internal.DownloadSourcesJob.downloadFilesAndPopulateToUpdate(DownloadSourcesJob.java:220)
	at org.eclipse.m2e.jdt.internal.DownloadSourcesJob.lambda$0(DownloadSourcesJob.java:149)
	at org.eclipse.m2e.core.internal.embedder.MavenExecutionContext.executeBare(MavenExecutionContext.java:462)
	at org.eclipse.m2e.core.internal.embedder.MavenExecutionContext.execute(MavenExecutionContext.java:342)
	at org.eclipse.m2e.core.internal.embedder.MavenExecutionContext.execute(MavenExecutionContext.java:281)
	at org.eclipse.m2e.core.embedder.IMaven.execute(IMaven.java:300)
	at org.eclipse.m2e.jdt.internal.DownloadSourcesJob.run(DownloadSourcesJob.java:149)
	at org.eclipse.core.internal.jobs.Worker.run(Worker.java:63)
2026-09-06 09:04:04,535 [Worker-37: Download sources and javadoc] INFO  o.e.m.c.i.e.AbstractTransferListenerAdapter - Downloaded https://repo.maven.apache.org/maven2/net/bytebuddy/byte-buddy/1.17.7/byte-buddy-1.17.7-sources.jar
2026-09-06 09:04:04,540 [Worker-37: Download sources and javadoc] ERROR o.e.m.j.internal.DownloadSourcesJob - Could not download sources for net.bytebuddy:byte-buddy:1.17.7
org.eclipse.core.runtime.CoreException: Could not resolve artifact net.bytebuddy:byte-buddy:jar:sources:1.17.7
	at org.eclipse.m2e.core.internal.embedder.MavenImpl.lambda$7(MavenImpl.java:554)
	at org.eclipse.m2e.core.internal.embedder.MavenExecutionContext.executeBare(MavenExecutionContext.java:462)
	at org.eclipse.m2e.core.internal.embedder.MavenExecutionContext.execute(MavenExecutionContext.java:295)
	at org.eclipse.m2e.core.internal.embedder.MavenExecutionContext.execute(MavenExecutionContext.java:281)
	at org.eclipse.m2e.core.internal.embedder.MavenImpl.resolve(MavenImpl.java:523)
	at org.eclipse.m2e.core.internal.embedder.MavenImpl.resolve(MavenImpl.java:508)
	at org.eclipse.m2e.jdt.internal.DownloadSourcesJob.download(DownloadSourcesJob.java:308)
	at org.eclipse.m2e.jdt.internal.DownloadSourcesJob.downloadAttachments(DownloadSourcesJob.java:282)
	at org.eclipse.m2e.jdt.internal.DownloadSourcesJob.downloadMaven(DownloadSourcesJob.java:252)
	at org.eclipse.m2e.jdt.internal.DownloadSourcesJob.downloadFilesAndPopulateToUpdate(DownloadSourcesJob.java:220)
	at org.eclipse.m2e.jdt.internal.DownloadSourcesJob.lambda$0(DownloadSourcesJob.java:149)
	at org.eclipse.m2e.core.internal.embedder.MavenExecutionContext.executeBare(MavenExecutionContext.java:462)
	at org.eclipse.m2e.core.internal.embedder.MavenExecutionContext.execute(MavenExecutionContext.java:342)
	at org.eclipse.m2e.core.internal.embedder.MavenExecutionContext.execute(MavenExecutionContext.java:281)
	at org.eclipse.m2e.core.embedder.IMaven.execute(IMaven.java:300)
	at org.eclipse.m2e.jdt.internal.DownloadSourcesJob.run(DownloadSourcesJob.java:149)
	at org.eclipse.core.internal.jobs.Worker.run(Worker.java:63)
2026-09-06 09:04:04,552 [Worker-37: Download sources and javadoc] INFO  o.e.m.c.i.e.AbstractTransferListenerAdapter - Downloaded https://repo.maven.apache.org/maven2/org/glassfish/jaxb/jaxb-runtime/4.0.5/jaxb-runtime-4.0.5-sources.jar
2026-09-06 09:04:04,557 [Worker-37: Download sources and javadoc] ERROR o.e.m.j.internal.DownloadSourcesJob - Could not download sources for org.glassfish.jaxb:jaxb-runtime:4.0.5
org.eclipse.core.runtime.CoreException: Could not resolve artifact org.glassfish.jaxb:jaxb-runtime:jar:sources:4.0.5
	at org.eclipse.m2e.core.internal.embedder.MavenImpl.lambda$7(MavenImpl.java:554)
	at org.eclipse.m2e.core.internal.embedder.MavenExecutionContext.executeBare(MavenExecutionContext.java:462)
	at org.eclipse.m2e.core.internal.embedder.MavenExecutionContext.execute(MavenExecutionContext.java:295)
	at org.eclipse.m2e.core.internal.embedder.MavenExecutionContext.execute(MavenExecutionContext.java:281)
	at org.eclipse.m2e.core.internal.embedder.MavenImpl.resolve(MavenImpl.java:523)
	at org.eclipse.m2e.core.internal.embedder.MavenImpl.resolve(MavenImpl.java:508)
	at org.eclipse.m2e.jdt.internal.DownloadSourcesJob.download(DownloadSourcesJob.java:308)
	at org.eclipse.m2e.jdt.internal.DownloadSourcesJob.downloadAttachments(DownloadSourcesJob.java:282)
	at org.eclipse.m2e.jdt.internal.DownloadSourcesJob.downloadMaven(DownloadSourcesJob.java:252)
	at org.eclipse.m2e.jdt.internal.DownloadSourcesJob.downloadFilesAndPopulateToUpdate(DownloadSourcesJob.java:220)
	at org.eclipse.m2e.jdt.internal.DownloadSourcesJob.lambda$0(DownloadSourcesJob.java:149)
	at org.eclipse.m2e.core.internal.embedder.MavenExecutionContext.executeBare(MavenExecutionContext.java:462)
	at org.eclipse.m2e.core.internal.embedder.MavenExecutionContext.execute(MavenExecutionContext.java:342)
	at org.eclipse.m2e.core.internal.embedder.MavenExecutionContext.execute(MavenExecutionContext.java:281)
	at org.eclipse.m2e.core.embedder.IMaven.execute(IMaven.java:300)
	at org.eclipse.m2e.jdt.internal.DownloadSourcesJob.run(DownloadSourcesJob.java:149)
	at org.eclipse.core.internal.jobs.Worker.run(Worker.java:63)
2026-09-06 09:04:04,571 [Worker-37: Download sources and javadoc] INFO  o.e.m.c.i.e.AbstractTransferListenerAdapter - Downloaded https://repo.maven.apache.org/maven2/org/glassfish/jaxb/jaxb-core/4.0.5/jaxb-core-4.0.5-sources.jar
2026-09-06 09:04:04,578 [Worker-37: Download sources and javadoc] ERROR o.e.m.j.internal.DownloadSourcesJob - Could not download sources for org.glassfish.jaxb:jaxb-core:4.0.5
org.eclipse.core.runtime.CoreException: Could not resolve artifact org.glassfish.jaxb:jaxb-core:jar:sources:4.0.5
	at org.eclipse.m2e.core.internal.embedder.MavenImpl.lambda$7(MavenImpl.java:554)
	at org.eclipse.m2e.core.internal.embedder.MavenExecutionContext.executeBare(MavenExecutionContext.java:462)
	at org.eclipse.m2e.core.internal.embedder.MavenExecutionContext.execute(MavenExecutionContext.java:295)
	at org.eclipse.m2e.core.internal.embedder.MavenExecutionContext.execute(MavenExecutionContext.java:281)
	at org.eclipse.m2e.core.internal.embedder.MavenImpl.resolve(MavenImpl.java:523)
	at org.eclipse.m2e.core.internal.embedder.MavenImpl.resolve(MavenImpl.java:508)
	at org.eclipse.m2e.jdt.internal.DownloadSourcesJob.download(DownloadSourcesJob.java:308)
	at org.eclipse.m2e.jdt.internal.DownloadSourcesJob.downloadAttachments(DownloadSourcesJob.java:282)
	at org.eclipse.m2e.jdt.internal.DownloadSourcesJob.downloadMaven(DownloadSourcesJob.java:252)
	at org.eclipse.m2e.jdt.internal.DownloadSourcesJob.downloadFilesAndPopulateToUpdate(DownloadSourcesJob.java:220)
	at org.eclipse.m2e.jdt.internal.DownloadSourcesJob.lambda$0(DownloadSourcesJob.java:149)
	at org.eclipse.m2e.core.internal.embedder.MavenExecutionContext.executeBare(MavenExecutionContext.java:462)
	at org.eclipse.m2e.core.internal.embedder.MavenExecutionContext.execute(MavenExecutionContext.java:342)
	at org.eclipse.m2e.core.internal.embedder.MavenExecutionContext.execute(MavenExecutionContext.java:281)
	at org.eclipse.m2e.core.embedder.IMaven.execute(IMaven.java:300)
	at org.eclipse.m2e.jdt.internal.DownloadSourcesJob.run(DownloadSourcesJob.java:149)
	at org.eclipse.core.internal.jobs.Worker.run(Worker.java:63)
2026-09-06 09:04:04,588 [Worker-37: Download sources and javadoc] INFO  o.e.m.c.i.e.AbstractTransferListenerAdapter - Downloaded https://repo.maven.apache.org/maven2/org/eclipse/angus/angus-activation/2.0.2/angus-activation-2.0.2-sources.jar
2026-09-06 09:04:04,593 [Worker-37: Download sources and javadoc] ERROR o.e.m.j.internal.DownloadSourcesJob - Could not download sources for org.eclipse.angus:angus-activation:2.0.2
org.eclipse.core.runtime.CoreException: Could not resolve artifact org.eclipse.angus:angus-activation:jar:sources:2.0.2
	at org.eclipse.m2e.core.internal.embedder.MavenImpl.lambda$7(MavenImpl.java:554)
	at org.eclipse.m2e.core.internal.embedder.MavenExecutionContext.executeBare(MavenExecutionContext.java:462)
	at org.eclipse.m2e.core.internal.embedder.MavenExecutionContext.execute(MavenExecutionContext.java:295)
	at org.eclipse.m2e.core.internal.embedder.MavenExecutionContext.execute(MavenExecutionContext.java:281)
	at org.eclipse.m2e.core.internal.embedder.MavenImpl.resolve(MavenImpl.java:523)
	at org.eclipse.m2e.core.internal.embedder.MavenImpl.resolve(MavenImpl.java:508)
	at org.eclipse.m2e.jdt.internal.DownloadSourcesJob.download(DownloadSourcesJob.java:308)
	at org.eclipse.m2e.jdt.internal.DownloadSourcesJob.downloadAttachments(DownloadSourcesJob.java:282)
	at org.eclipse.m2e.jdt.internal.DownloadSourcesJob.downloadMaven(DownloadSourcesJob.java:252)
	at org.eclipse.m2e.jdt.internal.DownloadSourcesJob.downloadFilesAndPopulateToUpdate(DownloadSourcesJob.java:220)
	at org.eclipse.m2e.jdt.internal.DownloadSourcesJob.lambda$0(DownloadSourcesJob.java:149)
	at org.eclipse.m2e.core.internal.embedder.MavenExecutionContext.executeBare(MavenExecutionContext.java:462)
	at org.eclipse.m2e.core.internal.embedder.MavenExecutionContext.execute(MavenExecutionContext.java:342)
	at org.eclipse.m2e.core.internal.embedder.MavenExecutionContext.execute(MavenExecutionContext.java:281)
	at org.eclipse.m2e.core.embedder.IMaven.execute(IMaven.java:300)
	at org.eclipse.m2e.jdt.internal.DownloadSourcesJob.run(DownloadSourcesJob.java:149)
	at org.eclipse.core.internal.jobs.Worker.run(Worker.java:63)
2026-09-06 09:04:04,602 [Worker-37: Download sources and javadoc] INFO  o.e.m.c.i.e.AbstractTransferListenerAdapter - Downloaded https://repo.maven.apache.org/maven2/org/glassfish/jaxb/txw2/4.0.5/txw2-4.0.5-sources.jar
2026-09-06 09:04:04,606 [Worker-37: Download sources and javadoc] ERROR o.e.m.j.internal.DownloadSourcesJob - Could not download sources for org.glassfish.jaxb:txw2:4.0.5
org.eclipse.core.runtime.CoreException: Could not resolve artifact org.glassfish.jaxb:txw2:jar:sources:4.0.5
	at org.eclipse.m2e.core.internal.embedder.MavenImpl.lambda$7(MavenImpl.java:554)
	at org.eclipse.m2e.core.internal.embedder.MavenExecutionContext.executeBare(MavenExecutionContext.java:462)
	at org.eclipse.m2e.core.internal.embedder.MavenExecutionContext.execute(MavenExecutionContext.java:295)
	at org.eclipse.m2e.core.internal.embedder.MavenExecutionContext.execute(MavenExecutionContext.java:281)
	at org.eclipse.m2e.core.internal.embedder.MavenImpl.resolve(MavenImpl.java:523)
	at org.eclipse.m2e.core.internal.embedder.MavenImpl.resolve(MavenImpl.java:508)
	at org.eclipse.m2e.jdt.internal.DownloadSourcesJob.download(DownloadSourcesJob.java:308)
	at org.eclipse.m2e.jdt.internal.DownloadSourcesJob.downloadAttachments(DownloadSourcesJob.java:282)
	at org.eclipse.m2e.jdt.internal.DownloadSourcesJob.downloadMaven(DownloadSourcesJob.java:252)
	at org.eclipse.m2e.jdt.internal.DownloadSourcesJob.downloadFilesAndPopulateToUpdate(DownloadSourcesJob.java:220)
	at org.eclipse.m2e.jdt.internal.DownloadSourcesJob.lambda$0(DownloadSourcesJob.java:149)
	at org.eclipse.m2e.core.internal.embedder.MavenExecutionContext.executeBare(MavenExecutionContext.java:462)
	at org.eclipse.m2e.core.internal.embedder.MavenExecutionContext.execute(MavenExecutionContext.java:342)
	at org.eclipse.m2e.core.internal.embedder.MavenExecutionContext.execute(MavenExecutionContext.java:281)
	at org.eclipse.m2e.core.embedder.IMaven.execute(IMaven.java:300)
	at org.eclipse.m2e.jdt.internal.DownloadSourcesJob.run(DownloadSourcesJob.java:149)
	at org.eclipse.core.internal.jobs.Worker.run(Worker.java:63)
2026-09-06 09:04:04,613 [Worker-37: Download sources and javadoc] INFO  o.e.m.c.i.e.AbstractTransferListenerAdapter - Downloaded https://repo.maven.apache.org/maven2/org/springframework/data/spring-data-jpa/3.5.3/spring-data-jpa-3.5.3-sources.jar
2026-09-06 09:04:04,617 [Worker-37: Download sources and javadoc] ERROR o.e.m.j.internal.DownloadSourcesJob - Could not download sources for org.springframework.data:spring-data-jpa:3.5.3
org.eclipse.core.runtime.CoreException: Could not resolve artifact org.springframework.data:spring-data-jpa:jar:sources:3.5.3
	at org.eclipse.m2e.core.internal.embedder.MavenImpl.lambda$7(MavenImpl.java:554)
	at org.eclipse.m2e.core.internal.embedder.MavenExecutionContext.executeBare(MavenExecutionContext.java:462)
	at org.eclipse.m2e.core.internal.embedder.MavenExecutionContext.execute(MavenExecutionContext.java:295)
	at org.eclipse.m2e.core.internal.embedder.MavenExecutionContext.execute(MavenExecutionContext.java:281)
	at org.eclipse.m2e.core.internal.embedder.MavenImpl.resolve(MavenImpl.java:523)
	at org.eclipse.m2e.core.internal.embedder.MavenImpl.resolve(MavenImpl.java:508)
	at org.eclipse.m2e.jdt.internal.DownloadSourcesJob.download(DownloadSourcesJob.java:308)
	at org.eclipse.m2e.jdt.internal.DownloadSourcesJob.downloadAttachments(DownloadSourcesJob.java:282)
	at org.eclipse.m2e.jdt.internal.DownloadSourcesJob.downloadMaven(DownloadSourcesJob.java:252)
	at org.eclipse.m2e.jdt.internal.DownloadSourcesJob.downloadFilesAndPopulateToUpdate(DownloadSourcesJob.java:220)
	at org.eclipse.m2e.jdt.internal.DownloadSourcesJob.lambda$0(DownloadSourcesJob.java:149)
	at org.eclipse.m2e.core.internal.embedder.MavenExecutionContext.executeBare(MavenExecutionContext.java:462)
	at org.eclipse.m2e.core.internal.embedder.MavenExecutionContext.execute(MavenExecutionContext.java:342)
	at org.eclipse.m2e.core.internal.embedder.MavenExecutionContext.execute(MavenExecutionContext.java:281)
	at org.eclipse.m2e.core.embedder.IMaven.execute(IMaven.java:300)
	at org.eclipse.m2e.jdt.internal.DownloadSourcesJob.run(DownloadSourcesJob.java:149)
	at org.eclipse.core.internal.jobs.Worker.run(Worker.java:63)
2026-09-06 09:04:04,622 [Worker-37: Download sources and javadoc] INFO  o.e.m.c.i.e.AbstractTransferListenerAdapter - Downloaded https://repo.maven.apache.org/maven2/org/springframework/data/spring-data-commons/3.5.3/spring-data-commons-3.5.3-sources.jar
2026-09-06 09:04:04,627 [Worker-37: Download sources and javadoc] ERROR o.e.m.j.internal.DownloadSourcesJob - Could not download sources for org.springframework.data:spring-data-commons:3.5.3
org.eclipse.core.runtime.CoreException: Could not resolve artifact org.springframework.data:spring-data-commons:jar:sources:3.5.3
	at org.eclipse.m2e.core.internal.embedder.MavenImpl.lambda$7(MavenImpl.java:554)
	at org.eclipse.m2e.core.internal.embedder.MavenExecutionContext.executeBare(MavenExecutionContext.java:462)
	at org.eclipse.m2e.core.internal.embedder.MavenExecutionContext.execute(MavenExecutionContext.java:295)
	at org.eclipse.m2e.core.internal.embedder.MavenExecutionContext.execute(MavenExecutionContext.java:281)
	at org.eclipse.m2e.core.internal.embedder.MavenImpl.resolve(MavenImpl.java:523)
	at org.eclipse.m2e.core.internal.embedder.MavenImpl.resolve(MavenImpl.java:508)
	at org.eclipse.m2e.jdt.internal.DownloadSourcesJob.download(DownloadSourcesJob.java:308)
	at org.eclipse.m2e.jdt.internal.DownloadSourcesJob.downloadAttachments(DownloadSourcesJob.java:282)
	at org.eclipse.m2e.jdt.internal.DownloadSourcesJob.downloadMaven(DownloadSourcesJob.java:252)
	at org.eclipse.m2e.jdt.internal.DownloadSourcesJob.downloadFilesAndPopulateToUpdate(DownloadSourcesJob.java:220)
	at org.eclipse.m2e.jdt.internal.DownloadSourcesJob.lambda$0(DownloadSourcesJob.java:149)
	at org.eclipse.m2e.core.internal.embedder.MavenExecutionContext.executeBare(MavenExecutionContext.java:462)
	at org.eclipse.m2e.core.internal.embedder.MavenExecutionContext.execute(MavenExecutionContext.java:342)
	at org.eclipse.m2e.core.internal.embedder.MavenExecutionContext.execute(MavenExecutionContext.java:281)
	at org.eclipse.m2e.core.embedder.IMaven.execute(IMaven.java:300)
	at org.eclipse.m2e.jdt.internal.DownloadSourcesJob.run(DownloadSourcesJob.java:149)
	at org.eclipse.core.internal.jobs.Worker.run(Worker.java:63)
2026-09-06 09:04:04,637 [Worker-37: Download sources and javadoc] INFO  o.e.m.c.i.e.AbstractTransferListenerAdapter - Downloaded https://repo.maven.apache.org/maven2/org/springframework/spring-orm/6.2.10/spring-orm-6.2.10-sources.jar
2026-09-06 09:04:04,641 [Worker-37: Download sources and javadoc] ERROR o.e.m.j.internal.DownloadSourcesJob - Could not download sources for org.springframework:spring-orm:6.2.10
org.eclipse.core.runtime.CoreException: Could not resolve artifact org.springframework:spring-orm:jar:sources:6.2.10
	at org.eclipse.m2e.core.internal.embedder.MavenImpl.lambda$7(MavenImpl.java:554)
	at org.eclipse.m2e.core.internal.embedder.MavenExecutionContext.executeBare(MavenExecutionContext.java:462)
	at org.eclipse.m2e.core.internal.embedder.MavenExecutionContext.execute(MavenExecutionContext.java:295)
	at org.eclipse.m2e.core.internal.embedder.MavenExecutionContext.execute(MavenExecutionContext.java:281)
	at org.eclipse.m2e.core.internal.embedder.MavenImpl.resolve(MavenImpl.java:523)
	at org.eclipse.m2e.core.internal.embedder.MavenImpl.resolve(MavenImpl.java:508)
	at org.eclipse.m2e.jdt.internal.DownloadSourcesJob.download(DownloadSourcesJob.java:308)
	at org.eclipse.m2e.jdt.internal.DownloadSourcesJob.downloadAttachments(DownloadSourcesJob.java:282)
	at org.eclipse.m2e.jdt.internal.DownloadSourcesJob.downloadMaven(DownloadSourcesJob.java:252)
	at org.eclipse.m2e.jdt.internal.DownloadSourcesJob.downloadFilesAndPopulateToUpdate(DownloadSourcesJob.java:220)
	at org.eclipse.m2e.jdt.internal.DownloadSourcesJob.lambda$0(DownloadSourcesJob.java:149)
	at org.eclipse.m2e.core.internal.embedder.MavenExecutionContext.executeBare(MavenExecutionContext.java:462)
	at org.eclipse.m2e.core.internal.embedder.MavenExecutionContext.execute(MavenExecutionContext.java:342)
	at org.eclipse.m2e.core.internal.embedder.MavenExecutionContext.execute(MavenExecutionContext.java:281)
	at org.eclipse.m2e.core.embedder.IMaven.execute(IMaven.java:300)
	at org.eclipse.m2e.jdt.internal.DownloadSourcesJob.run(DownloadSourcesJob.java:149)
	at org.eclipse.core.internal.jobs.Worker.run(Worker.java:63)
2026-09-06 09:04:04,653 [Worker-37: Download sources and javadoc] INFO  o.e.m.c.i.e.AbstractTransferListenerAdapter - Downloaded https://repo.maven.apache.org/maven2/org/springframework/spring-tx/6.2.10/spring-tx-6.2.10-sources.jar
2026-09-06 09:04:04,656 [Worker-37: Download sources and javadoc] ERROR o.e.m.j.internal.DownloadSourcesJob - Could not download sources for org.springframework:spring-tx:6.2.10
org.eclipse.core.runtime.CoreException: Could not resolve artifact org.springframework:spring-tx:jar:sources:6.2.10
	at org.eclipse.m2e.core.internal.embedder.MavenImpl.lambda$7(MavenImpl.java:554)
	at org.eclipse.m2e.core.internal.embedder.MavenExecutionContext.executeBare(MavenExecutionContext.java:462)
	at org.eclipse.m2e.core.internal.embedder.MavenExecutionContext.execute(MavenExecutionContext.java:295)
	at org.eclipse.m2e.core.internal.embedder.MavenExecutionContext.execute(MavenExecutionContext.java:281)
	at org.eclipse.m2e.core.internal.embedder.MavenImpl.resolve(MavenImpl.java:523)
	at org.eclipse.m2e.core.internal.embedder.MavenImpl.resolve(MavenImpl.java:508)
	at org.eclipse.m2e.jdt.internal.DownloadSourcesJob.download(DownloadSourcesJob.java:308)
	at org.eclipse.m2e.jdt.internal.DownloadSourcesJob.downloadAttachments(DownloadSourcesJob.java:282)
	at org.eclipse.m2e.jdt.internal.DownloadSourcesJob.downloadMaven(DownloadSourcesJob.java:252)
	at org.eclipse.m2e.jdt.internal.DownloadSourcesJob.downloadFilesAndPopulateToUpdate(DownloadSourcesJob.java:220)
	at org.eclipse.m2e.jdt.internal.DownloadSourcesJob.lambda$0(DownloadSourcesJob.java:149)
	at org.eclipse.m2e.core.internal.embedder.MavenExecutionContext.executeBare(MavenExecutionContext.java:462)
	at org.eclipse.m2e.core.internal.embedder.MavenExecutionContext.execute(MavenExecutionContext.java:342)
	at org.eclipse.m2e.core.internal.embedder.MavenExecutionContext.execute(MavenExecutionContext.java:281)
	at org.eclipse.m2e.core.embedder.IMaven.execute(IMaven.java:300)
	at org.eclipse.m2e.jdt.internal.DownloadSourcesJob.run(DownloadSourcesJob.java:149)
	at org.eclipse.core.internal.jobs.Worker.run(Worker.java:63)
2026-09-06 09:04:04,666 [Worker-37: Download sources and javadoc] INFO  o.e.m.c.i.e.AbstractTransferListenerAdapter - Downloaded https://repo.maven.apache.org/maven2/org/springframework/spring-aspects/6.2.10/spring-aspects-6.2.10-sources.jar
2026-09-06 09:04:04,670 [Worker-37: Download sources and javadoc] ERROR o.e.m.j.internal.DownloadSourcesJob - Could not download sources for org.springframework:spring-aspects:6.2.10
org.eclipse.core.runtime.CoreException: Could not resolve artifact org.springframework:spring-aspects:jar:sources:6.2.10
	at org.eclipse.m2e.core.internal.embedder.MavenImpl.lambda$7(MavenImpl.java:554)
	at org.eclipse.m2e.core.internal.embedder.MavenExecutionContext.executeBare(MavenExecutionContext.java:462)
	at org.eclipse.m2e.core.internal.embedder.MavenExecutionContext.execute(MavenExecutionContext.java:295)
	at org.eclipse.m2e.core.internal.embedder.MavenExecutionContext.execute(MavenExecutionContext.java:281)
	at org.eclipse.m2e.core.internal.embedder.MavenImpl.resolve(MavenImpl.java:523)
	at org.eclipse.m2e.core.internal.embedder.MavenImpl.resolve(MavenImpl.java:508)
	at org.eclipse.m2e.jdt.internal.DownloadSourcesJob.download(DownloadSourcesJob.java:308)
	at org.eclipse.m2e.jdt.internal.DownloadSourcesJob.downloadAttachments(DownloadSourcesJob.java:282)
	at org.eclipse.m2e.jdt.internal.DownloadSourcesJob.downloadMaven(DownloadSourcesJob.java:252)
	at org.eclipse.m2e.jdt.internal.DownloadSourcesJob.downloadFilesAndPopulateToUpdate(DownloadSourcesJob.java:220)
	at org.eclipse.m2e.jdt.internal.DownloadSourcesJob.lambda$0(DownloadSourcesJob.java:149)
	at org.eclipse.m2e.core.internal.embedder.MavenExecutionContext.executeBare(MavenExecutionContext.java:462)
	at org.eclipse.m2e.core.internal.embedder.MavenExecutionContext.execute(MavenExecutionContext.java:342)
	at org.eclipse.m2e.core.internal.embedder.MavenExecutionContext.execute(MavenExecutionContext.java:281)
	at org.eclipse.m2e.core.embedder.IMaven.execute(IMaven.java:300)
	at org.eclipse.m2e.jdt.internal.DownloadSourcesJob.run(DownloadSourcesJob.java:149)
	at org.eclipse.core.internal.jobs.Worker.run(Worker.java:63)
2026-09-06 09:04:04,680 [Worker-37: Download sources and javadoc] INFO  o.e.m.c.i.e.AbstractTransferListenerAdapter - Downloaded https://repo.maven.apache.org/maven2/org/aspectj/aspectjweaver/1.9.24/aspectjweaver-1.9.24-sources.jar
2026-09-06 09:04:04,684 [Worker-37: Download sources and javadoc] ERROR o.e.m.j.internal.DownloadSourcesJob - Could not download sources for org.aspectj:aspectjweaver:1.9.24
org.eclipse.core.runtime.CoreException: Could not resolve artifact org.aspectj:aspectjweaver:jar:sources:1.9.24
	at org.eclipse.m2e.core.internal.embedder.MavenImpl.lambda$7(MavenImpl.java:554)
	at org.eclipse.m2e.core.internal.embedder.MavenExecutionContext.executeBare(MavenExecutionContext.java:462)
	at org.eclipse.m2e.core.internal.embedder.MavenExecutionContext.execute(MavenExecutionContext.java:295)
	at org.eclipse.m2e.core.internal.embedder.MavenExecutionContext.execute(MavenExecutionContext.java:281)
	at org.eclipse.m2e.core.internal.embedder.MavenImpl.resolve(MavenImpl.java:523)
	at org.eclipse.m2e.core.internal.embedder.MavenImpl.resolve(MavenImpl.java:508)
	at org.eclipse.m2e.jdt.internal.DownloadSourcesJob.download(DownloadSourcesJob.java:308)
	at org.eclipse.m2e.jdt.internal.DownloadSourcesJob.downloadAttachments(DownloadSourcesJob.java:282)
	at org.eclipse.m2e.jdt.internal.DownloadSourcesJob.downloadMaven(DownloadSourcesJob.java:252)
	at org.eclipse.m2e.jdt.internal.DownloadSourcesJob.downloadFilesAndPopulateToUpdate(DownloadSourcesJob.java:220)
	at org.eclipse.m2e.jdt.internal.DownloadSourcesJob.lambda$0(DownloadSourcesJob.java:149)
	at org.eclipse.m2e.core.internal.embedder.MavenExecutionContext.executeBare(MavenExecutionContext.java:462)
	at org.eclipse.m2e.core.internal.embedder.MavenExecutionContext.execute(MavenExecutionContext.java:342)
	at org.eclipse.m2e.core.internal.embedder.MavenExecutionContext.execute(MavenExecutionContext.java:281)
	at org.eclipse.m2e.core.embedder.IMaven.execute(IMaven.java:300)
	at org.eclipse.m2e.jdt.internal.DownloadSourcesJob.run(DownloadSourcesJob.java:149)
	at org.eclipse.core.internal.jobs.Worker.run(Worker.java:63)
2026-09-06 09:04:04,691 [Worker-37: Download sources and javadoc] INFO  o.e.m.c.i.e.AbstractTransferListenerAdapter - Downloaded https://repo.maven.apache.org/maven2/com/mysql/mysql-connector-j/9.4.0/mysql-connector-j-9.4.0-sources.jar
2026-09-06 09:04:04,695 [Worker-37: Download sources and javadoc] ERROR o.e.m.j.internal.DownloadSourcesJob - Could not download sources for com.mysql:mysql-connector-j:9.4.0
org.eclipse.core.runtime.CoreException: Could not resolve artifact com.mysql:mysql-connector-j:jar:sources:9.4.0
	at org.eclipse.m2e.core.internal.embedder.MavenImpl.lambda$7(MavenImpl.java:554)
	at org.eclipse.m2e.core.internal.embedder.MavenExecutionContext.executeBare(MavenExecutionContext.java:462)
	at org.eclipse.m2e.core.internal.embedder.MavenExecutionContext.execute(MavenExecutionContext.java:295)
	at org.eclipse.m2e.core.internal.embedder.MavenExecutionContext.execute(MavenExecutionContext.java:281)
	at org.eclipse.m2e.core.internal.embedder.MavenImpl.resolve(MavenImpl.java:523)
	at org.eclipse.m2e.core.internal.embedder.MavenImpl.resolve(MavenImpl.java:508)
	at org.eclipse.m2e.jdt.internal.DownloadSourcesJob.download(DownloadSourcesJob.java:308)
	at org.eclipse.m2e.jdt.internal.DownloadSourcesJob.downloadAttachments(DownloadSourcesJob.java:282)
	at org.eclipse.m2e.jdt.internal.DownloadSourcesJob.downloadMaven(DownloadSourcesJob.java:252)
	at org.eclipse.m2e.jdt.internal.DownloadSourcesJob.downloadFilesAndPopulateToUpdate(DownloadSourcesJob.java:220)
	at org.eclipse.m2e.jdt.internal.DownloadSourcesJob.lambda$0(DownloadSourcesJob.java:149)
	at org.eclipse.m2e.core.internal.embedder.MavenExecutionContext.executeBare(MavenExecutionContext.java:462)
	at org.eclipse.m2e.core.internal.embedder.MavenExecutionContext.execute(MavenExecutionContext.java:342)
	at org.eclipse.m2e.core.internal.embedder.MavenExecutionContext.execute(MavenExecutionContext.java:281)
	at org.eclipse.m2e.core.embedder.IMaven.execute(IMaven.java:300)
	at org.eclipse.m2e.jdt.internal.DownloadSourcesJob.run(DownloadSourcesJob.java:149)
	at org.eclipse.core.internal.jobs.Worker.run(Worker.java:63)
2026-09-06 09:04:04,700 [Worker-37: Download sources and javadoc] INFO  o.e.m.c.i.e.AbstractTransferListenerAdapter - Downloaded https://repo.maven.apache.org/maven2/org/springframework/boot/spring-boot-starter-test/3.5.5/spring-boot-starter-test-3.5.5-sources.jar
2026-09-06 09:04:04,703 [Worker-37: Download sources and javadoc] ERROR o.e.m.j.internal.DownloadSourcesJob - Could not download sources for org.springframework.boot:spring-boot-starter-test:3.5.5
org.eclipse.core.runtime.CoreException: Could not resolve artifact org.springframework.boot:spring-boot-starter-test:jar:sources:3.5.5
	at org.eclipse.m2e.core.internal.embedder.MavenImpl.lambda$7(MavenImpl.java:554)
	at org.eclipse.m2e.core.internal.embedder.MavenExecutionContext.executeBare(MavenExecutionContext.java:462)
	at org.eclipse.m2e.core.internal.embedder.MavenExecutionContext.execute(MavenExecutionContext.java:295)
	at org.eclipse.m2e.core.internal.embedder.MavenExecutionContext.execute(MavenExecutionContext.java:281)
	at org.eclipse.m2e.core.internal.embedder.MavenImpl.resolve(MavenImpl.java:523)
	at org.eclipse.m2e.core.internal.embedder.MavenImpl.resolve(MavenImpl.java:508)
	at org.eclipse.m2e.jdt.internal.DownloadSourcesJob.download(DownloadSourcesJob.java:308)
	at org.eclipse.m2e.jdt.internal.DownloadSourcesJob.downloadAttachments(DownloadSourcesJob.java:282)
	at org.eclipse.m2e.jdt.internal.DownloadSourcesJob.downloadMaven(DownloadSourcesJob.java:252)
	at org.eclipse.m2e.jdt.internal.DownloadSourcesJob.downloadFilesAndPopulateToUpdate(DownloadSourcesJob.java:220)
	at org.eclipse.m2e.jdt.internal.DownloadSourcesJob.lambda$0(DownloadSourcesJob.java:149)
	at org.eclipse.m2e.core.internal.embedder.MavenExecutionContext.executeBare(MavenExecutionContext.java:462)
	at org.eclipse.m2e.core.internal.embedder.MavenExecutionContext.execute(MavenExecutionContext.java:342)
	at org.eclipse.m2e.core.internal.embedder.MavenExecutionContext.execute(MavenExecutionContext.java:281)
	at org.eclipse.m2e.core.embedder.IMaven.execute(IMaven.java:300)
	at org.eclipse.m2e.jdt.internal.DownloadSourcesJob.run(DownloadSourcesJob.java:149)
	at org.eclipse.core.internal.jobs.Worker.run(Worker.java:63)
2026-09-06 09:04:04,711 [Worker-37: Download sources and javadoc] INFO  o.e.m.c.i.e.AbstractTransferListenerAdapter - Downloaded https://repo.maven.apache.org/maven2/org/springframework/boot/spring-boot-test/3.5.5/spring-boot-test-3.5.5-sources.jar
2026-09-06 09:04:04,714 [Worker-37: Download sources and javadoc] ERROR o.e.m.j.internal.DownloadSourcesJob - Could not download sources for org.springframework.boot:spring-boot-test:3.5.5
org.eclipse.core.runtime.CoreException: Could not resolve artifact org.springframework.boot:spring-boot-test:jar:sources:3.5.5
	at org.eclipse.m2e.core.internal.embedder.MavenImpl.lambda$7(MavenImpl.java:554)
	at org.eclipse.m2e.core.internal.embedder.MavenExecutionContext.executeBare(MavenExecutionContext.java:462)
	at org.eclipse.m2e.core.internal.embedder.MavenExecutionContext.execute(MavenExecutionContext.java:295)
	at org.eclipse.m2e.core.internal.embedder.MavenExecutionContext.execute(MavenExecutionContext.java:281)
	at org.eclipse.m2e.core.internal.embedder.MavenImpl.resolve(MavenImpl.java:523)
	at org.eclipse.m2e.core.internal.embedder.MavenImpl.resolve(MavenImpl.java:508)
	at org.eclipse.m2e.jdt.internal.DownloadSourcesJob.download(DownloadSourcesJob.java:308)
	at org.eclipse.m2e.jdt.internal.DownloadSourcesJob.downloadAttachments(DownloadSourcesJob.java:282)
	at org.eclipse.m2e.jdt.internal.DownloadSourcesJob.downloadMaven(DownloadSourcesJob.java:252)
	at org.eclipse.m2e.jdt.internal.DownloadSourcesJob.downloadFilesAndPopulateToUpdate(DownloadSourcesJob.java:220)
	at org.eclipse.m2e.jdt.internal.DownloadSourcesJob.lambda$0(DownloadSourcesJob.java:149)
	at org.eclipse.m2e.core.internal.embedder.MavenExecutionContext.executeBare(MavenExecutionContext.java:462)
	at org.eclipse.m2e.core.internal.embedder.MavenExecutionContext.execute(MavenExecutionContext.java:342)
	at org.eclipse.m2e.core.internal.embedder.MavenExecutionContext.execute(MavenExecutionContext.java:281)
	at org.eclipse.m2e.core.embedder.IMaven.execute(IMaven.java:300)
	at org.eclipse.m2e.jdt.internal.DownloadSourcesJob.run(DownloadSourcesJob.java:149)
	at org.eclipse.core.internal.jobs.Worker.run(Worker.java:63)
2026-09-06 09:04:04,719 [Worker-37: Download sources and javadoc] INFO  o.e.m.c.i.e.AbstractTransferListenerAdapter - Downloaded https://repo.maven.apache.org/maven2/org/springframework/boot/spring-boot-test-autoconfigure/3.5.5/spring-boot-test-autoconfigure-3.5.5-sources.jar
2026-09-06 09:04:04,722 [Worker-37: Download sources and javadoc] ERROR o.e.m.j.internal.DownloadSourcesJob - Could not download sources for org.springframework.boot:spring-boot-test-autoconfigure:3.5.5
org.eclipse.core.runtime.CoreException: Could not resolve artifact org.springframework.boot:spring-boot-test-autoconfigure:jar:sources:3.5.5
	at org.eclipse.m2e.core.internal.embedder.MavenImpl.lambda$7(MavenImpl.java:554)
	at org.eclipse.m2e.core.internal.embedder.MavenExecutionContext.executeBare(MavenExecutionContext.java:462)
	at org.eclipse.m2e.core.internal.embedder.MavenExecutionContext.execute(MavenExecutionContext.java:295)
	at org.eclipse.m2e.core.internal.embedder.MavenExecutionContext.execute(MavenExecutionContext.java:281)
	at org.eclipse.m2e.core.internal.embedder.MavenImpl.resolve(MavenImpl.java:523)
	at org.eclipse.m2e.core.internal.embedder.MavenImpl.resolve(MavenImpl.java:508)
	at org.eclipse.m2e.jdt.internal.DownloadSourcesJob.download(DownloadSourcesJob.java:308)
	at org.eclipse.m2e.jdt.internal.DownloadSourcesJob.downloadAttachments(DownloadSourcesJob.java:282)
	at org.eclipse.m2e.jdt.internal.DownloadSourcesJob.downloadMaven(DownloadSourcesJob.java:252)
	at org.eclipse.m2e.jdt.internal.DownloadSourcesJob.downloadFilesAndPopulateToUpdate(DownloadSourcesJob.java:220)
	at org.eclipse.m2e.jdt.internal.DownloadSourcesJob.lambda$0(DownloadSourcesJob.java:149)
	at org.eclipse.m2e.core.internal.embedder.MavenExecutionContext.executeBare(MavenExecutionContext.java:462)
	at org.eclipse.m2e.core.internal.embedder.MavenExecutionContext.execute(MavenExecutionContext.java:342)
	at org.eclipse.m2e.core.internal.embedder.MavenExecutionContext.execute(MavenExecutionContext.java:281)
	at org.eclipse.m2e.core.embedder.IMaven.execute(IMaven.java:300)
	at org.eclipse.m2e.jdt.internal.DownloadSourcesJob.run(DownloadSourcesJob.java:149)
	at org.eclipse.core.internal.jobs.Worker.run(Worker.java:63)
2026-09-06 09:04:04,728 [Worker-37: Download sources and javadoc] INFO  o.e.m.c.i.e.AbstractTransferListenerAdapter - Downloaded https://repo.maven.apache.org/maven2/org/assertj/assertj-core/3.27.4/assertj-core-3.27.4-sources.jar
2026-09-06 09:04:04,731 [Worker-37: Download sources and javadoc] ERROR o.e.m.j.internal.DownloadSourcesJob - Could not download sources for org.assertj:assertj-core:3.27.4
org.eclipse.core.runtime.CoreException: Could not resolve artifact org.assertj:assertj-core:jar:sources:3.27.4
	at org.eclipse.m2e.core.internal.embedder.MavenImpl.lambda$7(MavenImpl.java:554)
	at org.eclipse.m2e.core.internal.embedder.MavenExecutionContext.executeBare(MavenExecutionContext.java:462)
	at org.eclipse.m2e.core.internal.embedder.MavenExecutionContext.execute(MavenExecutionContext.java:295)
	at org.eclipse.m2e.core.internal.embedder.MavenExecutionContext.execute(MavenExecutionContext.java:281)
	at org.eclipse.m2e.core.internal.embedder.MavenImpl.resolve(MavenImpl.java:523)
	at org.eclipse.m2e.core.internal.embedder.MavenImpl.resolve(MavenImpl.java:508)
	at org.eclipse.m2e.jdt.internal.DownloadSourcesJob.download(DownloadSourcesJob.java:308)
	at org.eclipse.m2e.jdt.internal.DownloadSourcesJob.downloadAttachments(DownloadSourcesJob.java:282)
	at org.eclipse.m2e.jdt.internal.DownloadSourcesJob.downloadMaven(DownloadSourcesJob.java:252)
	at org.eclipse.m2e.jdt.internal.DownloadSourcesJob.downloadFilesAndPopulateToUpdate(DownloadSourcesJob.java:220)
	at org.eclipse.m2e.jdt.internal.DownloadSourcesJob.lambda$0(DownloadSourcesJob.java:149)
	at org.eclipse.m2e.core.internal.embedder.MavenExecutionContext.executeBare(MavenExecutionContext.java:462)
	at org.eclipse.m2e.core.internal.embedder.MavenExecutionContext.execute(MavenExecutionContext.java:342)
	at org.eclipse.m2e.core.internal.embedder.MavenExecutionContext.execute(MavenExecutionContext.java:281)
	at org.eclipse.m2e.core.embedder.IMaven.execute(IMaven.java:300)
	at org.eclipse.m2e.jdt.internal.DownloadSourcesJob.run(DownloadSourcesJob.java:149)
	at org.eclipse.core.internal.jobs.Worker.run(Worker.java:63)
2026-09-06 09:04:04,736 [Worker-37: Download sources and javadoc] INFO  o.e.m.c.i.e.AbstractTransferListenerAdapter - Downloaded https://repo.maven.apache.org/maven2/net/bytebuddy/byte-buddy-agent/1.17.7/byte-buddy-agent-1.17.7-sources.jar
2026-09-06 09:04:04,738 [Worker-37: Download sources and javadoc] ERROR o.e.m.j.internal.DownloadSourcesJob - Could not download sources for net.bytebuddy:byte-buddy-agent:1.17.7
org.eclipse.core.runtime.CoreException: Could not resolve artifact net.bytebuddy:byte-buddy-agent:jar:sources:1.17.7
	at org.eclipse.m2e.core.internal.embedder.MavenImpl.lambda$7(MavenImpl.java:554)
	at org.eclipse.m2e.core.internal.embedder.MavenExecutionContext.executeBare(MavenExecutionContext.java:462)
	at org.eclipse.m2e.core.internal.embedder.MavenExecutionContext.execute(MavenExecutionContext.java:295)
	at org.eclipse.m2e.core.internal.embedder.MavenExecutionContext.execute(MavenExecutionContext.java:281)
	at org.eclipse.m2e.core.internal.embedder.MavenImpl.resolve(MavenImpl.java:523)
	at org.eclipse.m2e.core.internal.embedder.MavenImpl.resolve(MavenImpl.java:508)
	at org.eclipse.m2e.jdt.internal.DownloadSourcesJob.download(DownloadSourcesJob.java:308)
	at org.eclipse.m2e.jdt.internal.DownloadSourcesJob.downloadAttachments(DownloadSourcesJob.java:282)
	at org.eclipse.m2e.jdt.internal.DownloadSourcesJob.downloadMaven(DownloadSourcesJob.java:252)
	at org.eclipse.m2e.jdt.internal.DownloadSourcesJob.downloadFilesAndPopulateToUpdate(DownloadSourcesJob.java:220)
	at org.eclipse.m2e.jdt.internal.DownloadSourcesJob.lambda$0(DownloadSourcesJob.java:149)
	at org.eclipse.m2e.core.internal.embedder.MavenExecutionContext.executeBare(MavenExecutionContext.java:462)
	at org.eclipse.m2e.core.internal.embedder.MavenExecutionContext.execute(MavenExecutionContext.java:342)
	at org.eclipse.m2e.core.internal.embedder.MavenExecutionContext.execute(MavenExecutionContext.java:281)
	at org.eclipse.m2e.core.embedder.IMaven.execute(IMaven.java:300)
	at org.eclipse.m2e.jdt.internal.DownloadSourcesJob.run(DownloadSourcesJob.java:149)
	at org.eclipse.core.internal.jobs.Worker.run(Worker.java:63)
2026-09-06 09:04:04,745 [Worker-37: Download sources and javadoc] INFO  o.e.m.c.i.e.AbstractTransferListenerAdapter - Downloaded https://repo.maven.apache.org/maven2/org/springframework/spring-core/6.2.10/spring-core-6.2.10-sources.jar
2026-09-06 09:04:04,747 [Worker-37: Download sources and javadoc] ERROR o.e.m.j.internal.DownloadSourcesJob - Could not download sources for org.springframework:spring-core:6.2.10
org.eclipse.core.runtime.CoreException: Could not resolve artifact org.springframework:spring-core:jar:sources:6.2.10
	at org.eclipse.m2e.core.internal.embedder.MavenImpl.lambda$7(MavenImpl.java:554)
	at org.eclipse.m2e.core.internal.embedder.MavenExecutionContext.executeBare(MavenExecutionContext.java:462)
	at org.eclipse.m2e.core.internal.embedder.MavenExecutionContext.execute(MavenExecutionContext.java:295)
	at org.eclipse.m2e.core.internal.embedder.MavenExecutionContext.execute(MavenExecutionContext.java:281)
	at org.eclipse.m2e.core.internal.embedder.MavenImpl.resolve(MavenImpl.java:523)
	at org.eclipse.m2e.core.internal.embedder.MavenImpl.resolve(MavenImpl.java:508)
	at org.eclipse.m2e.jdt.internal.DownloadSourcesJob.download(DownloadSourcesJob.java:308)
	at org.eclipse.m2e.jdt.internal.DownloadSourcesJob.downloadAttachments(DownloadSourcesJob.java:282)
	at org.eclipse.m2e.jdt.internal.DownloadSourcesJob.downloadMaven(DownloadSourcesJob.java:252)
	at org.eclipse.m2e.jdt.internal.DownloadSourcesJob.downloadFilesAndPopulateToUpdate(DownloadSourcesJob.java:220)
	at org.eclipse.m2e.jdt.internal.DownloadSourcesJob.lambda$0(DownloadSourcesJob.java:149)
	at org.eclipse.m2e.core.internal.embedder.MavenExecutionContext.executeBare(MavenExecutionContext.java:462)
	at org.eclipse.m2e.core.internal.embedder.MavenExecutionContext.execute(MavenExecutionContext.java:342)
	at org.eclipse.m2e.core.internal.embedder.MavenExecutionContext.execute(MavenExecutionContext.java:281)
	at org.eclipse.m2e.core.embedder.IMaven.execute(IMaven.java:300)
	at org.eclipse.m2e.jdt.internal.DownloadSourcesJob.run(DownloadSourcesJob.java:149)
	at org.eclipse.core.internal.jobs.Worker.run(Worker.java:63)
2026-09-06 09:04:04,751 [Worker-37: Download sources and javadoc] INFO  o.e.m.c.i.e.AbstractTransferListenerAdapter - Downloaded https://repo.maven.apache.org/maven2/org/springframework/spring-jcl/6.2.10/spring-jcl-6.2.10-sources.jar
2026-09-06 09:04:04,755 [Worker-37: Download sources and javadoc] ERROR o.e.m.j.internal.DownloadSourcesJob - Could not download sources for org.springframework:spring-jcl:6.2.10
org.eclipse.core.runtime.CoreException: Could not resolve artifact org.springframework:spring-jcl:jar:sources:6.2.10
	at org.eclipse.m2e.core.internal.embedder.MavenImpl.lambda$7(MavenImpl.java:554)
	at org.eclipse.m2e.core.internal.embedder.MavenExecutionContext.executeBare(MavenExecutionContext.java:462)
	at org.eclipse.m2e.core.internal.embedder.MavenExecutionContext.execute(MavenExecutionContext.java:295)
	at org.eclipse.m2e.core.internal.embedder.MavenExecutionContext.execute(MavenExecutionContext.java:281)
	at org.eclipse.m2e.core.internal.embedder.MavenImpl.resolve(MavenImpl.java:523)
	at org.eclipse.m2e.core.internal.embedder.MavenImpl.resolve(MavenImpl.java:508)
	at org.eclipse.m2e.jdt.internal.DownloadSourcesJob.download(DownloadSourcesJob.java:308)
	at org.eclipse.m2e.jdt.internal.DownloadSourcesJob.downloadAttachments(DownloadSourcesJob.java:282)
	at org.eclipse.m2e.jdt.internal.DownloadSourcesJob.downloadMaven(DownloadSourcesJob.java:252)
	at org.eclipse.m2e.jdt.internal.DownloadSourcesJob.downloadFilesAndPopulateToUpdate(DownloadSourcesJob.java:220)
	at org.eclipse.m2e.jdt.internal.DownloadSourcesJob.lambda$0(DownloadSourcesJob.java:149)
	at org.eclipse.m2e.core.internal.embedder.MavenExecutionContext.executeBare(MavenExecutionContext.java:462)
	at org.eclipse.m2e.core.internal.embedder.MavenExecutionContext.execute(MavenExecutionContext.java:342)
	at org.eclipse.m2e.core.internal.embedder.MavenExecutionContext.execute(MavenExecutionContext.java:281)
	at org.eclipse.m2e.core.embedder.IMaven.execute(IMaven.java:300)
	at org.eclipse.m2e.jdt.internal.DownloadSourcesJob.run(DownloadSourcesJob.java:149)
	at org.eclipse.core.internal.jobs.Worker.run(Worker.java:63)
2026-09-06 09:04:04,760 [Worker-37: Download sources and javadoc] INFO  o.e.m.c.i.e.AbstractTransferListenerAdapter - Downloaded https://repo.maven.apache.org/maven2/org/springframework/spring-test/6.2.10/spring-test-6.2.10-sources.jar
2026-09-06 09:04:04,762 [Worker-37: Download sources and javadoc] ERROR o.e.m.j.internal.DownloadSourcesJob - Could not download sources for org.springframework:spring-test:6.2.10
org.eclipse.core.runtime.CoreException: Could not resolve artifact org.springframework:spring-test:jar:sources:6.2.10
	at org.eclipse.m2e.core.internal.embedder.MavenImpl.lambda$7(MavenImpl.java:554)
	at org.eclipse.m2e.core.internal.embedder.MavenExecutionContext.executeBare(MavenExecutionContext.java:462)
	at org.eclipse.m2e.core.internal.embedder.MavenExecutionContext.execute(MavenExecutionContext.java:295)
	at org.eclipse.m2e.core.internal.embedder.MavenExecutionContext.execute(MavenExecutionContext.java:281)
	at org.eclipse.m2e.core.internal.embedder.MavenImpl.resolve(MavenImpl.java:523)
	at org.eclipse.m2e.core.internal.embedder.MavenImpl.resolve(MavenImpl.java:508)
	at org.eclipse.m2e.jdt.internal.DownloadSourcesJob.download(DownloadSourcesJob.java:308)
	at org.eclipse.m2e.jdt.internal.DownloadSourcesJob.downloadAttachments(DownloadSourcesJob.java:282)
	at org.eclipse.m2e.jdt.internal.DownloadSourcesJob.downloadMaven(DownloadSourcesJob.java:252)
	at org.eclipse.m2e.jdt.internal.DownloadSourcesJob.downloadFilesAndPopulateToUpdate(DownloadSourcesJob.java:220)
	at org.eclipse.m2e.jdt.internal.DownloadSourcesJob.lambda$0(DownloadSourcesJob.java:149)
	at org.eclipse.m2e.core.internal.embedder.MavenExecutionContext.executeBare(MavenExecutionContext.java:462)
	at org.eclipse.m2e.core.internal.embedder.MavenExecutionContext.execute(MavenExecutionContext.java:342)
	at org.eclipse.m2e.core.internal.embedder.MavenExecutionContext.execute(MavenExecutionContext.java:281)
	at org.eclipse.m2e.core.embedder.IMaven.execute(IMaven.java:300)
	at org.eclipse.m2e.jdt.internal.DownloadSourcesJob.run(DownloadSourcesJob.java:149)
	at org.eclipse.core.internal.jobs.Worker.run(Worker.java:63)
2026-09-06 09:04:04,863 [Worker-39: Updating Maven Project] WARN  o.apache.maven.project.MavenProject - Direct modification of compileSourceRoots through clear() is deprecated and will not work in Maven 4.0.0. Please use the add/remove methods instead. If you're using a plugin that causes this warning, please upgrade to the latest version and report an issue if the warning persists. To disable these warnings, set -Dmaven.project.sourceRoots.warningsDisabled=true on the command line, in the .mvn/maven.config file, or in project POM properties.
2026-09-06 09:04:04,864 [Worker-39: Updating Maven Project] WARN  o.apache.maven.project.MavenProject - Direct modification of compileSourceRoots through add() is deprecated and will not work in Maven 4.0.0. Please use the add/remove methods instead. If you're using a plugin that causes this warning, please upgrade to the latest version and report an issue if the warning persists. To disable these warnings, set -Dmaven.project.sourceRoots.warningsDisabled=true on the command line, in the .mvn/maven.config file, or in project POM properties.
2026-09-06 09:04:04,864 [Worker-39: Updating Maven Project] WARN  o.apache.maven.project.MavenProject - Direct modification of testCompileSourceRoots through clear() is deprecated and will not work in Maven 4.0.0. Please use the add/remove methods instead. If you're using a plugin that causes this warning, please upgrade to the latest version and report an issue if the warning persists. To disable these warnings, set -Dmaven.project.sourceRoots.warningsDisabled=true on the command line, in the .mvn/maven.config file, or in project POM properties.
2026-09-06 09:04:04,864 [Worker-39: Updating Maven Project] WARN  o.apache.maven.project.MavenProject - Direct modification of testCompileSourceRoots through add() is deprecated and will not work in Maven 4.0.0. Please use the add/remove methods instead. If you're using a plugin that causes this warning, please upgrade to the latest version and report an issue if the warning persists. To disable these warnings, set -Dmaven.project.sourceRoots.warningsDisabled=true on the command line, in the .mvn/maven.config file, or in project POM properties.
2026-09-06 09:04:04,980 [Worker-39: Updating Maven Project] INFO  o.e.m.c.i.p.ProjectConfigurationManager - Update completed for 1 poms: local refresh takes 0.00 sec, refresh facades takes 0.00 sec, update config takes 0.00 sec 
2026-09-06 09:04:05,322 [Worker-44: Building] INFO  o.a.m.s.f.DefaultMavenResourcesFiltering - Copying 1 resource from src\main\resources to target\classes
2026-09-06 09:04:05,349 [Worker-44: Building] INFO  o.a.m.s.f.DefaultMavenResourcesFiltering - Copying 0 resource from src\main\resources to target\classes
2026-09-06 09:04:05,362 [Worker-44: Building] INFO  o.a.m.s.f.DefaultMavenResourcesFiltering - skip non existing resourceDirectory C:\Users\PMLS\Desktop\RealProjects\OnlineBankingSystem\src\test\resources
2026-09-06 09:04:05,391 [Worker-44: Building] WARN  o.apache.maven.project.MavenProject - Direct modification of compileSourceRoots through clear() is deprecated and will not work in Maven 4.0.0. Please use the add/remove methods instead. If you're using a plugin that causes this warning, please upgrade to the latest version and report an issue if the warning persists. To disable these warnings, set -Dmaven.project.sourceRoots.warningsDisabled=true on the command line, in the .mvn/maven.config file, or in project POM properties.
2026-09-06 09:04:05,393 [Worker-44: Building] WARN  o.apache.maven.project.MavenProject - Direct modification of compileSourceRoots through add() is deprecated and will not work in Maven 4.0.0. Please use the add/remove methods instead. If you're using a plugin that causes this warning, please upgrade to the latest version and report an issue if the warning persists. To disable these warnings, set -Dmaven.project.sourceRoots.warningsDisabled=true on the command line, in the .mvn/maven.config file, or in project POM properties.
2026-09-06 09:04:05,394 [Worker-44: Building] WARN  o.apache.maven.project.MavenProject - Direct modification of testCompileSourceRoots through clear() is deprecated and will not work in Maven 4.0.0. Please use the add/remove methods instead. If you're using a plugin that causes this warning, please upgrade to the latest version and report an issue if the warning persists. To disable these warnings, set -Dmaven.project.sourceRoots.warningsDisabled=true on the command line, in the .mvn/maven.config file, or in project POM properties.
2026-09-06 09:04:05,395 [Worker-44: Building] WARN  o.apache.maven.project.MavenProject - Direct modification of testCompileSourceRoots through add() is deprecated and will not work in Maven 4.0.0. Please use the add/remove methods instead. If you're using a plugin that causes this warning, please upgrade to the latest version and report an issue if the warning persists. To disable these warnings, set -Dmaven.project.sourceRoots.warningsDisabled=true on the command line, in the .mvn/maven.config file, or in project POM properties.
2026-09-06 09:04:05,780 [Worker-38: Download sources and javadoc] INFO  o.e.m.c.i.e.AbstractTransferListenerAdapter - Downloaded https://repo.maven.apache.org/maven2/com/fasterxml/classmate/1.7.0/classmate-1.7.0-javadoc.jar
2026-09-06 09:04:05,784 [Worker-38: Download sources and javadoc] ERROR o.e.m.j.internal.DownloadSourcesJob - Could not download javadoc for com.fasterxml:classmate:1.7.0
org.eclipse.core.runtime.CoreException: Could not resolve artifact com.fasterxml:classmate:jar:javadoc:1.7.0
	at org.eclipse.m2e.core.internal.embedder.MavenImpl.lambda$7(MavenImpl.java:554)
	at org.eclipse.m2e.core.internal.embedder.MavenExecutionContext.executeBare(MavenExecutionContext.java:462)
	at org.eclipse.m2e.core.internal.embedder.MavenExecutionContext.execute(MavenExecutionContext.java:295)
	at org.eclipse.m2e.core.internal.embedder.MavenExecutionContext.execute(MavenExecutionContext.java:281)
	at org.eclipse.m2e.core.internal.embedder.MavenImpl.resolve(MavenImpl.java:523)
	at org.eclipse.m2e.core.internal.embedder.MavenImpl.resolve(MavenImpl.java:508)
	at org.eclipse.m2e.jdt.internal.DownloadSourcesJob.download(DownloadSourcesJob.java:308)
	at org.eclipse.m2e.jdt.internal.DownloadSourcesJob.downloadAttachments(DownloadSourcesJob.java:294)
	at org.eclipse.m2e.jdt.internal.DownloadSourcesJob.downloadMaven(DownloadSourcesJob.java:252)
	at org.eclipse.m2e.jdt.internal.DownloadSourcesJob.downloadFilesAndPopulateToUpdate(DownloadSourcesJob.java:220)
	at org.eclipse.m2e.jdt.internal.DownloadSourcesJob.lambda$0(DownloadSourcesJob.java:149)
	at org.eclipse.m2e.core.internal.embedder.MavenExecutionContext.executeBare(MavenExecutionContext.java:462)
	at org.eclipse.m2e.core.internal.embedder.MavenExecutionContext.execute(MavenExecutionContext.java:342)
	at org.eclipse.m2e.core.internal.embedder.MavenExecutionContext.execute(MavenExecutionContext.java:281)
	at org.eclipse.m2e.core.embedder.IMaven.execute(IMaven.java:300)
	at org.eclipse.m2e.jdt.internal.DownloadSourcesJob.run(DownloadSourcesJob.java:149)
	at org.eclipse.core.internal.jobs.Worker.run(Worker.java:63)
2026-09-06 09:04:05,799 [Worker-38: Download sources and javadoc] INFO  o.e.m.c.i.e.AbstractTransferListenerAdapter - Downloaded https://repo.maven.apache.org/maven2/net/bytebuddy/byte-buddy/1.17.7/byte-buddy-1.17.7-javadoc.jar
2026-09-06 09:04:05,804 [Worker-38: Download sources and javadoc] ERROR o.e.m.j.internal.DownloadSourcesJob - Could not download javadoc for net.bytebuddy:byte-buddy:1.17.7
org.eclipse.core.runtime.CoreException: Could not resolve artifact net.bytebuddy:byte-buddy:jar:javadoc:1.17.7
	at org.eclipse.m2e.core.internal.embedder.MavenImpl.lambda$7(MavenImpl.java:554)
	at org.eclipse.m2e.core.internal.embedder.MavenExecutionContext.executeBare(MavenExecutionContext.java:462)
	at org.eclipse.m2e.core.internal.embedder.MavenExecutionContext.execute(MavenExecutionContext.java:295)
	at org.eclipse.m2e.core.internal.embedder.MavenExecutionContext.execute(MavenExecutionContext.java:281)
	at org.eclipse.m2e.core.internal.embedder.MavenImpl.resolve(MavenImpl.java:523)
	at org.eclipse.m2e.core.internal.embedder.MavenImpl.resolve(MavenImpl.java:508)
	at org.eclipse.m2e.jdt.internal.DownloadSourcesJob.download(DownloadSourcesJob.java:308)
	at org.eclipse.m2e.jdt.internal.DownloadSourcesJob.downloadAttachments(DownloadSourcesJob.java:294)
	at org.eclipse.m2e.jdt.internal.DownloadSourcesJob.downloadMaven(DownloadSourcesJob.java:252)
	at org.eclipse.m2e.jdt.internal.DownloadSourcesJob.downloadFilesAndPopulateToUpdate(DownloadSourcesJob.java:220)
	at org.eclipse.m2e.jdt.internal.DownloadSourcesJob.lambda$0(DownloadSourcesJob.java:149)
	at org.eclipse.m2e.core.internal.embedder.MavenExecutionContext.executeBare(MavenExecutionContext.java:462)
	at org.eclipse.m2e.core.internal.embedder.MavenExecutionContext.execute(MavenExecutionContext.java:342)
	at org.eclipse.m2e.core.internal.embedder.MavenExecutionContext.execute(MavenExecutionContext.java:281)
	at org.eclipse.m2e.core.embedder.IMaven.execute(IMaven.java:300)
	at org.eclipse.m2e.jdt.internal.DownloadSourcesJob.run(DownloadSourcesJob.java:149)
	at org.eclipse.core.internal.jobs.Worker.run(Worker.java:63)
2026-09-06 09:04:05,820 [Worker-38: Download sources and javadoc] INFO  o.e.m.c.i.e.AbstractTransferListenerAdapter - Downloaded https://repo.maven.apache.org/maven2/org/glassfish/jaxb/jaxb-runtime/4.0.5/jaxb-runtime-4.0.5-javadoc.jar
2026-09-06 09:04:05,826 [Worker-38: Download sources and javadoc] ERROR o.e.m.j.internal.DownloadSourcesJob - Could not download javadoc for org.glassfish.jaxb:jaxb-runtime:4.0.5
org.eclipse.core.runtime.CoreException: Could not resolve artifact org.glassfish.jaxb:jaxb-runtime:jar:javadoc:4.0.5
	at org.eclipse.m2e.core.internal.embedder.MavenImpl.lambda$7(MavenImpl.java:554)
	at org.eclipse.m2e.core.internal.embedder.MavenExecutionContext.executeBare(MavenExecutionContext.java:462)
	at org.eclipse.m2e.core.internal.embedder.MavenExecutionContext.execute(MavenExecutionContext.java:295)
	at org.eclipse.m2e.core.internal.embedder.MavenExecutionContext.execute(MavenExecutionContext.java:281)
	at org.eclipse.m2e.core.internal.embedder.MavenImpl.resolve(MavenImpl.java:523)
	at org.eclipse.m2e.core.internal.embedder.MavenImpl.resolve(MavenImpl.java:508)
	at org.eclipse.m2e.jdt.internal.DownloadSourcesJob.download(DownloadSourcesJob.java:308)
	at org.eclipse.m2e.jdt.internal.DownloadSourcesJob.downloadAttachments(DownloadSourcesJob.java:294)
	at org.eclipse.m2e.jdt.internal.DownloadSourcesJob.downloadMaven(DownloadSourcesJob.java:252)
	at org.eclipse.m2e.jdt.internal.DownloadSourcesJob.downloadFilesAndPopulateToUpdate(DownloadSourcesJob.java:220)
	at org.eclipse.m2e.jdt.internal.DownloadSourcesJob.lambda$0(DownloadSourcesJob.java:149)
	at org.eclipse.m2e.core.internal.embedder.MavenExecutionContext.executeBare(MavenExecutionContext.java:462)
	at org.eclipse.m2e.core.internal.embedder.MavenExecutionContext.execute(MavenExecutionContext.java:342)
	at org.eclipse.m2e.core.internal.embedder.MavenExecutionContext.execute(MavenExecutionContext.java:281)
	at org.eclipse.m2e.core.embedder.IMaven.execute(IMaven.java:300)
	at org.eclipse.m2e.jdt.internal.DownloadSourcesJob.run(DownloadSourcesJob.java:149)
	at org.eclipse.core.internal.jobs.Worker.run(Worker.java:63)
2026-09-06 09:04:05,841 [Worker-38: Download sources and javadoc] INFO  o.e.m.c.i.e.AbstractTransferListenerAdapter - Downloaded https://repo.maven.apache.org/maven2/org/glassfish/jaxb/jaxb-core/4.0.5/jaxb-core-4.0.5-javadoc.jar
2026-09-06 09:04:05,846 [Worker-38: Download sources and javadoc] ERROR o.e.m.j.internal.DownloadSourcesJob - Could not download javadoc for org.glassfish.jaxb:jaxb-core:4.0.5
org.eclipse.core.runtime.CoreException: Could not resolve artifact org.glassfish.jaxb:jaxb-core:jar:javadoc:4.0.5
	at org.eclipse.m2e.core.internal.embedder.MavenImpl.lambda$7(MavenImpl.java:554)
	at org.eclipse.m2e.core.internal.embedder.MavenExecutionContext.executeBare(MavenExecutionContext.java:462)
	at org.eclipse.m2e.core.internal.embedder.MavenExecutionContext.execute(MavenExecutionContext.java:295)
	at org.eclipse.m2e.core.internal.embedder.MavenExecutionContext.execute(MavenExecutionContext.java:281)
	at org.eclipse.m2e.core.internal.embedder.MavenImpl.resolve(MavenImpl.java:523)
	at org.eclipse.m2e.core.internal.embedder.MavenImpl.resolve(MavenImpl.java:508)
	at org.eclipse.m2e.jdt.internal.DownloadSourcesJob.download(DownloadSourcesJob.java:308)
	at org.eclipse.m2e.jdt.internal.DownloadSourcesJob.downloadAttachments(DownloadSourcesJob.java:294)
	at org.eclipse.m2e.jdt.internal.DownloadSourcesJob.downloadMaven(DownloadSourcesJob.java:252)
	at org.eclipse.m2e.jdt.internal.DownloadSourcesJob.downloadFilesAndPopulateToUpdate(DownloadSourcesJob.java:220)
	at org.eclipse.m2e.jdt.internal.DownloadSourcesJob.lambda$0(DownloadSourcesJob.java:149)
	at org.eclipse.m2e.core.internal.embedder.MavenExecutionContext.executeBare(MavenExecutionContext.java:462)
	at org.eclipse.m2e.core.internal.embedder.MavenExecutionContext.execute(MavenExecutionContext.java:342)
	at org.eclipse.m2e.core.internal.embedder.MavenExecutionContext.execute(MavenExecutionContext.java:281)
	at org.eclipse.m2e.core.embedder.IMaven.execute(IMaven.java:300)
	at org.eclipse.m2e.jdt.internal.DownloadSourcesJob.run(DownloadSourcesJob.java:149)
	at org.eclipse.core.internal.jobs.Worker.run(Worker.java:63)
2026-09-06 09:04:05,861 [Worker-38: Download sources and javadoc] INFO  o.e.m.c.i.e.AbstractTransferListenerAdapter - Downloaded https://repo.maven.apache.org/maven2/org/eclipse/angus/angus-activation/2.0.2/angus-activation-2.0.2-javadoc.jar
2026-09-06 09:04:05,865 [Worker-38: Download sources and javadoc] ERROR o.e.m.j.internal.DownloadSourcesJob - Could not download javadoc for org.eclipse.angus:angus-activation:2.0.2
org.eclipse.core.runtime.CoreException: Could not resolve artifact org.eclipse.angus:angus-activation:jar:javadoc:2.0.2
	at org.eclipse.m2e.core.internal.embedder.MavenImpl.lambda$7(MavenImpl.java:554)
	at org.eclipse.m2e.core.internal.embedder.MavenExecutionContext.executeBare(MavenExecutionContext.java:462)
	at org.eclipse.m2e.core.internal.embedder.MavenExecutionContext.execute(MavenExecutionContext.java:295)
	at org.eclipse.m2e.core.internal.embedder.MavenExecutionContext.execute(MavenExecutionContext.java:281)
	at org.eclipse.m2e.core.internal.embedder.MavenImpl.resolve(MavenImpl.java:523)
	at org.eclipse.m2e.core.internal.embedder.MavenImpl.resolve(MavenImpl.java:508)
	at org.eclipse.m2e.jdt.internal.DownloadSourcesJob.download(DownloadSourcesJob.java:308)
	at org.eclipse.m2e.jdt.internal.DownloadSourcesJob.downloadAttachments(DownloadSourcesJob.java:294)
	at org.eclipse.m2e.jdt.internal.DownloadSourcesJob.downloadMaven(DownloadSourcesJob.java:252)
	at org.eclipse.m2e.jdt.internal.DownloadSourcesJob.downloadFilesAndPopulateToUpdate(DownloadSourcesJob.java:220)
	at org.eclipse.m2e.jdt.internal.DownloadSourcesJob.lambda$0(DownloadSourcesJob.java:149)
	at org.eclipse.m2e.core.internal.embedder.MavenExecutionContext.executeBare(MavenExecutionContext.java:462)
	at org.eclipse.m2e.core.internal.embedder.MavenExecutionContext.execute(MavenExecutionContext.java:342)
	at org.eclipse.m2e.core.internal.embedder.MavenExecutionContext.execute(MavenExecutionContext.java:281)
	at org.eclipse.m2e.core.embedder.IMaven.execute(IMaven.java:300)
	at org.eclipse.m2e.jdt.internal.DownloadSourcesJob.run(DownloadSourcesJob.java:149)
	at org.eclipse.core.internal.jobs.Worker.run(Worker.java:63)
2026-09-06 09:04:05,878 [Worker-38: Download sources and javadoc] INFO  o.e.m.c.i.e.AbstractTransferListenerAdapter - Downloaded https://repo.maven.apache.org/maven2/org/glassfish/jaxb/txw2/4.0.5/txw2-4.0.5-javadoc.jar
2026-09-06 09:04:05,882 [Worker-38: Download sources and javadoc] ERROR o.e.m.j.internal.DownloadSourcesJob - Could not download javadoc for org.glassfish.jaxb:txw2:4.0.5
org.eclipse.core.runtime.CoreException: Could not resolve artifact org.glassfish.jaxb:txw2:jar:javadoc:4.0.5
	at org.eclipse.m2e.core.internal.embedder.MavenImpl.lambda$7(MavenImpl.java:554)
	at org.eclipse.m2e.core.internal.embedder.MavenExecutionContext.executeBare(MavenExecutionContext.java:462)
	at org.eclipse.m2e.core.internal.embedder.MavenExecutionContext.execute(MavenExecutionContext.java:295)
	at org.eclipse.m2e.core.internal.embedder.MavenExecutionContext.execute(MavenExecutionContext.java:281)
	at org.eclipse.m2e.core.internal.embedder.MavenImpl.resolve(MavenImpl.java:523)
	at org.eclipse.m2e.core.internal.embedder.MavenImpl.resolve(MavenImpl.java:508)
	at org.eclipse.m2e.jdt.internal.DownloadSourcesJob.download(DownloadSourcesJob.java:308)
	at org.eclipse.m2e.jdt.internal.DownloadSourcesJob.downloadAttachments(DownloadSourcesJob.java:294)
	at org.eclipse.m2e.jdt.internal.DownloadSourcesJob.downloadMaven(DownloadSourcesJob.java:252)
	at org.eclipse.m2e.jdt.internal.DownloadSourcesJob.downloadFilesAndPopulateToUpdate(DownloadSourcesJob.java:220)
	at org.eclipse.m2e.jdt.internal.DownloadSourcesJob.lambda$0(DownloadSourcesJob.java:149)
	at org.eclipse.m2e.core.internal.embedder.MavenExecutionContext.executeBare(MavenExecutionContext.java:462)
	at org.eclipse.m2e.core.internal.embedder.MavenExecutionContext.execute(MavenExecutionContext.java:342)
	at org.eclipse.m2e.core.internal.embedder.MavenExecutionContext.execute(MavenExecutionContext.java:281)
	at org.eclipse.m2e.core.embedder.IMaven.execute(IMaven.java:300)
	at org.eclipse.m2e.jdt.internal.DownloadSourcesJob.run(DownloadSourcesJob.java:149)
	at org.eclipse.core.internal.jobs.Worker.run(Worker.java:63)
2026-09-06 09:04:05,896 [Worker-38: Download sources and javadoc] INFO  o.e.m.c.i.e.AbstractTransferListenerAdapter - Downloaded https://repo.maven.apache.org/maven2/org/springframework/data/spring-data-jpa/3.5.3/spring-data-jpa-3.5.3-javadoc.jar
2026-09-06 09:04:05,902 [Worker-38: Download sources and javadoc] ERROR o.e.m.j.internal.DownloadSourcesJob - Could not download javadoc for org.springframework.data:spring-data-jpa:3.5.3
org.eclipse.core.runtime.CoreException: Could not resolve artifact org.springframework.data:spring-data-jpa:jar:javadoc:3.5.3
	at org.eclipse.m2e.core.internal.embedder.MavenImpl.lambda$7(MavenImpl.java:554)
	at org.eclipse.m2e.core.internal.embedder.MavenExecutionContext.executeBare(MavenExecutionContext.java:462)
	at org.eclipse.m2e.core.internal.embedder.MavenExecutionContext.execute(MavenExecutionContext.java:295)
	at org.eclipse.m2e.core.internal.embedder.MavenExecutionContext.execute(MavenExecutionContext.java:281)
	at org.eclipse.m2e.core.internal.embedder.MavenImpl.resolve(MavenImpl.java:523)
	at org.eclipse.m2e.core.internal.embedder.MavenImpl.resolve(MavenImpl.java:508)
	at org.eclipse.m2e.jdt.internal.DownloadSourcesJob.download(DownloadSourcesJob.java:308)
	at org.eclipse.m2e.jdt.internal.DownloadSourcesJob.downloadAttachments(DownloadSourcesJob.java:294)
	at org.eclipse.m2e.jdt.internal.DownloadSourcesJob.downloadMaven(DownloadSourcesJob.java:252)
	at org.eclipse.m2e.jdt.internal.DownloadSourcesJob.downloadFilesAndPopulateToUpdate(DownloadSourcesJob.java:220)
	at org.eclipse.m2e.jdt.internal.DownloadSourcesJob.lambda$0(DownloadSourcesJob.java:149)
	at org.eclipse.m2e.core.internal.embedder.MavenExecutionContext.executeBare(MavenExecutionContext.java:462)
	at org.eclipse.m2e.core.internal.embedder.MavenExecutionContext.execute(MavenExecutionContext.java:342)
	at org.eclipse.m2e.core.internal.embedder.MavenExecutionContext.execute(MavenExecutionContext.java:281)
	at org.eclipse.m2e.core.embedder.IMaven.execute(IMaven.java:300)
	at org.eclipse.m2e.jdt.internal.DownloadSourcesJob.run(DownloadSourcesJob.java:149)
	at org.eclipse.core.internal.jobs.Worker.run(Worker.java:63)
2026-09-06 09:04:05,916 [Worker-38: Download sources and javadoc] INFO  o.e.m.c.i.e.AbstractTransferListenerAdapter - Downloaded https://repo.maven.apache.org/maven2/org/springframework/data/spring-data-commons/3.5.3/spring-data-commons-3.5.3-javadoc.jar
2026-09-06 09:04:05,921 [Worker-38: Download sources and javadoc] ERROR o.e.m.j.internal.DownloadSourcesJob - Could not download javadoc for org.springframework.data:spring-data-commons:3.5.3
org.eclipse.core.runtime.CoreException: Could not resolve artifact org.springframework.data:spring-data-commons:jar:javadoc:3.5.3
	at org.eclipse.m2e.core.internal.embedder.MavenImpl.lambda$7(MavenImpl.java:554)
	at org.eclipse.m2e.core.internal.embedder.MavenExecutionContext.executeBare(MavenExecutionContext.java:462)
	at org.eclipse.m2e.core.internal.embedder.MavenExecutionContext.execute(MavenExecutionContext.java:295)
	at org.eclipse.m2e.core.internal.embedder.MavenExecutionContext.execute(MavenExecutionContext.java:281)
	at org.eclipse.m2e.core.internal.embedder.MavenImpl.resolve(MavenImpl.java:523)
	at org.eclipse.m2e.core.internal.embedder.MavenImpl.resolve(MavenImpl.java:508)
	at org.eclipse.m2e.jdt.internal.DownloadSourcesJob.download(DownloadSourcesJob.java:308)
	at org.eclipse.m2e.jdt.internal.DownloadSourcesJob.downloadAttachments(DownloadSourcesJob.java:294)
	at org.eclipse.m2e.jdt.internal.DownloadSourcesJob.downloadMaven(DownloadSourcesJob.java:252)
	at org.eclipse.m2e.jdt.internal.DownloadSourcesJob.downloadFilesAndPopulateToUpdate(DownloadSourcesJob.java:220)
	at org.eclipse.m2e.jdt.internal.DownloadSourcesJob.lambda$0(DownloadSourcesJob.java:149)
	at org.eclipse.m2e.core.internal.embedder.MavenExecutionContext.executeBare(MavenExecutionContext.java:462)
	at org.eclipse.m2e.core.internal.embedder.MavenExecutionContext.execute(MavenExecutionContext.java:342)
	at org.eclipse.m2e.core.internal.embedder.MavenExecutionContext.execute(MavenExecutionContext.java:281)
	at org.eclipse.m2e.core.embedder.IMaven.execute(IMaven.java:300)
	at org.eclipse.m2e.jdt.internal.DownloadSourcesJob.run(DownloadSourcesJob.java:149)
	at org.eclipse.core.internal.jobs.Worker.run(Worker.java:63)
2026-09-06 09:04:05,931 [Worker-38: Download sources and javadoc] INFO  o.e.m.c.i.e.AbstractTransferListenerAdapter - Downloaded https://repo.maven.apache.org/maven2/org/springframework/spring-orm/6.2.10/spring-orm-6.2.10-javadoc.jar
2026-09-06 09:04:05,935 [Worker-38: Download sources and javadoc] ERROR o.e.m.j.internal.DownloadSourcesJob - Could not download javadoc for org.springframework:spring-orm:6.2.10
org.eclipse.core.runtime.CoreException: Could not resolve artifact org.springframework:spring-orm:jar:javadoc:6.2.10
	at org.eclipse.m2e.core.internal.embedder.MavenImpl.lambda$7(MavenImpl.java:554)
	at org.eclipse.m2e.core.internal.embedder.MavenExecutionContext.executeBare(MavenExecutionContext.java:462)
	at org.eclipse.m2e.core.internal.embedder.MavenExecutionContext.execute(MavenExecutionContext.java:295)
	at org.eclipse.m2e.core.internal.embedder.MavenExecutionContext.execute(MavenExecutionContext.java:281)
	at org.eclipse.m2e.core.internal.embedder.MavenImpl.resolve(MavenImpl.java:523)
	at org.eclipse.m2e.core.internal.embedder.MavenImpl.resolve(MavenImpl.java:508)
	at org.eclipse.m2e.jdt.internal.DownloadSourcesJob.download(DownloadSourcesJob.java:308)
	at org.eclipse.m2e.jdt.internal.DownloadSourcesJob.downloadAttachments(DownloadSourcesJob.java:294)
	at org.eclipse.m2e.jdt.internal.DownloadSourcesJob.downloadMaven(DownloadSourcesJob.java:252)
	at org.eclipse.m2e.jdt.internal.DownloadSourcesJob.downloadFilesAndPopulateToUpdate(DownloadSourcesJob.java:220)
	at org.eclipse.m2e.jdt.internal.DownloadSourcesJob.lambda$0(DownloadSourcesJob.java:149)
	at org.eclipse.m2e.core.internal.embedder.MavenExecutionContext.executeBare(MavenExecutionContext.java:462)
	at org.eclipse.m2e.core.internal.embedder.MavenExecutionContext.execute(MavenExecutionContext.java:342)
	at org.eclipse.m2e.core.internal.embedder.MavenExecutionContext.execute(MavenExecutionContext.java:281)
	at org.eclipse.m2e.core.embedder.IMaven.execute(IMaven.java:300)
	at org.eclipse.m2e.jdt.internal.DownloadSourcesJob.run(DownloadSourcesJob.java:149)
	at org.eclipse.core.internal.jobs.Worker.run(Worker.java:63)
2026-09-06 09:04:05,944 [Worker-38: Download sources and javadoc] INFO  o.e.m.c.i.e.AbstractTransferListenerAdapter - Downloaded https://repo.maven.apache.org/maven2/org/springframework/spring-tx/6.2.10/spring-tx-6.2.10-javadoc.jar
2026-09-06 09:04:05,946 [Worker-38: Download sources and javadoc] ERROR o.e.m.j.internal.DownloadSourcesJob - Could not download javadoc for org.springframework:spring-tx:6.2.10
org.eclipse.core.runtime.CoreException: Could not resolve artifact org.springframework:spring-tx:jar:javadoc:6.2.10
	at org.eclipse.m2e.core.internal.embedder.MavenImpl.lambda$7(MavenImpl.java:554)
	at org.eclipse.m2e.core.internal.embedder.MavenExecutionContext.executeBare(MavenExecutionContext.java:462)
	at org.eclipse.m2e.core.internal.embedder.MavenExecutionContext.execute(MavenExecutionContext.java:295)
	at org.eclipse.m2e.core.internal.embedder.MavenExecutionContext.execute(MavenExecutionContext.java:281)
	at org.eclipse.m2e.core.internal.embedder.MavenImpl.resolve(MavenImpl.java:523)
	at org.eclipse.m2e.core.internal.embedder.MavenImpl.resolve(MavenImpl.java:508)
	at org.eclipse.m2e.jdt.internal.DownloadSourcesJob.download(DownloadSourcesJob.java:308)
	at org.eclipse.m2e.jdt.internal.DownloadSourcesJob.downloadAttachments(DownloadSourcesJob.java:294)
	at org.eclipse.m2e.jdt.internal.DownloadSourcesJob.downloadMaven(DownloadSourcesJob.java:252)
	at org.eclipse.m2e.jdt.internal.DownloadSourcesJob.downloadFilesAndPopulateToUpdate(DownloadSourcesJob.java:220)
	at org.eclipse.m2e.jdt.internal.DownloadSourcesJob.lambda$0(DownloadSourcesJob.java:149)
	at org.eclipse.m2e.core.internal.embedder.MavenExecutionContext.executeBare(MavenExecutionContext.java:462)
	at org.eclipse.m2e.core.internal.embedder.MavenExecutionContext.execute(MavenExecutionContext.java:342)
	at org.eclipse.m2e.core.internal.embedder.MavenExecutionContext.execute(MavenExecutionContext.java:281)
	at org.eclipse.m2e.core.embedder.IMaven.execute(IMaven.java:300)
	at org.eclipse.m2e.jdt.internal.DownloadSourcesJob.run(DownloadSourcesJob.java:149)
	at org.eclipse.core.internal.jobs.Worker.run(Worker.java:63)
2026-09-06 09:04:05,955 [Worker-38: Download sources and javadoc] INFO  o.e.m.c.i.e.AbstractTransferListenerAdapter - Downloaded https://repo.maven.apache.org/maven2/org/springframework/spring-aspects/6.2.10/spring-aspects-6.2.10-javadoc.jar
2026-09-06 09:04:05,959 [Worker-38: Download sources and javadoc] ERROR o.e.m.j.internal.DownloadSourcesJob - Could not download javadoc for org.springframework:spring-aspects:6.2.10
org.eclipse.core.runtime.CoreException: Could not resolve artifact org.springframework:spring-aspects:jar:javadoc:6.2.10
	at org.eclipse.m2e.core.internal.embedder.MavenImpl.lambda$7(MavenImpl.java:554)
	at org.eclipse.m2e.core.internal.embedder.MavenExecutionContext.executeBare(MavenExecutionContext.java:462)
	at org.eclipse.m2e.core.internal.embedder.MavenExecutionContext.execute(MavenExecutionContext.java:295)
	at org.eclipse.m2e.core.internal.embedder.MavenExecutionContext.execute(MavenExecutionContext.java:281)
	at org.eclipse.m2e.core.internal.embedder.MavenImpl.resolve(MavenImpl.java:523)
	at org.eclipse.m2e.core.internal.embedder.MavenImpl.resolve(MavenImpl.java:508)
	at org.eclipse.m2e.jdt.internal.DownloadSourcesJob.download(DownloadSourcesJob.java:308)
	at org.eclipse.m2e.jdt.internal.DownloadSourcesJob.downloadAttachments(DownloadSourcesJob.java:294)
	at org.eclipse.m2e.jdt.internal.DownloadSourcesJob.downloadMaven(DownloadSourcesJob.java:252)
	at org.eclipse.m2e.jdt.internal.DownloadSourcesJob.downloadFilesAndPopulateToUpdate(DownloadSourcesJob.java:220)
	at org.eclipse.m2e.jdt.internal.DownloadSourcesJob.lambda$0(DownloadSourcesJob.java:149)
	at org.eclipse.m2e.core.internal.embedder.MavenExecutionContext.executeBare(MavenExecutionContext.java:462)
	at org.eclipse.m2e.core.internal.embedder.MavenExecutionContext.execute(MavenExecutionContext.java:342)
	at org.eclipse.m2e.core.internal.embedder.MavenExecutionContext.execute(MavenExecutionContext.java:281)
	at org.eclipse.m2e.core.embedder.IMaven.execute(IMaven.java:300)
	at org.eclipse.m2e.jdt.internal.DownloadSourcesJob.run(DownloadSourcesJob.java:149)
	at org.eclipse.core.internal.jobs.Worker.run(Worker.java:63)
2026-09-06 09:04:05,969 [Worker-38: Download sources and javadoc] INFO  o.e.m.c.i.e.AbstractTransferListenerAdapter - Downloaded https://repo.maven.apache.org/maven2/org/aspectj/aspectjweaver/1.9.24/aspectjweaver-1.9.24-javadoc.jar
2026-09-06 09:04:05,971 [Worker-38: Download sources and javadoc] ERROR o.e.m.j.internal.DownloadSourcesJob - Could not download javadoc for org.aspectj:aspectjweaver:1.9.24
org.eclipse.core.runtime.CoreException: Could not resolve artifact org.aspectj:aspectjweaver:jar:javadoc:1.9.24
	at org.eclipse.m2e.core.internal.embedder.MavenImpl.lambda$7(MavenImpl.java:554)
	at org.eclipse.m2e.core.internal.embedder.MavenExecutionContext.executeBare(MavenExecutionContext.java:462)
	at org.eclipse.m2e.core.internal.embedder.MavenExecutionContext.execute(MavenExecutionContext.java:295)
	at org.eclipse.m2e.core.internal.embedder.MavenExecutionContext.execute(MavenExecutionContext.java:281)
	at org.eclipse.m2e.core.internal.embedder.MavenImpl.resolve(MavenImpl.java:523)
	at org.eclipse.m2e.core.internal.embedder.MavenImpl.resolve(MavenImpl.java:508)
	at org.eclipse.m2e.jdt.internal.DownloadSourcesJob.download(DownloadSourcesJob.java:308)
	at org.eclipse.m2e.jdt.internal.DownloadSourcesJob.downloadAttachments(DownloadSourcesJob.java:294)
	at org.eclipse.m2e.jdt.internal.DownloadSourcesJob.downloadMaven(DownloadSourcesJob.java:252)
	at org.eclipse.m2e.jdt.internal.DownloadSourcesJob.downloadFilesAndPopulateToUpdate(DownloadSourcesJob.java:220)
	at org.eclipse.m2e.jdt.internal.DownloadSourcesJob.lambda$0(DownloadSourcesJob.java:149)
	at org.eclipse.m2e.core.internal.embedder.MavenExecutionContext.executeBare(MavenExecutionContext.java:462)
	at org.eclipse.m2e.core.internal.embedder.MavenExecutionContext.execute(MavenExecutionContext.java:342)
	at org.eclipse.m2e.core.internal.embedder.MavenExecutionContext.execute(MavenExecutionContext.java:281)
	at org.eclipse.m2e.core.embedder.IMaven.execute(IMaven.java:300)
	at org.eclipse.m2e.jdt.internal.DownloadSourcesJob.run(DownloadSourcesJob.java:149)
	at org.eclipse.core.internal.jobs.Worker.run(Worker.java:63)
2026-09-06 09:04:05,984 [Worker-38: Download sources and javadoc] INFO  o.e.m.c.i.e.AbstractTransferListenerAdapter - Downloaded https://repo.maven.apache.org/maven2/com/mysql/mysql-connector-j/9.4.0/mysql-connector-j-9.4.0-javadoc.jar
2026-09-06 09:04:05,987 [Worker-38: Download sources and javadoc] ERROR o.e.m.j.internal.DownloadSourcesJob - Could not download javadoc for com.mysql:mysql-connector-j:9.4.0
org.eclipse.core.runtime.CoreException: Could not resolve artifact com.mysql:mysql-connector-j:jar:javadoc:9.4.0
	at org.eclipse.m2e.core.internal.embedder.MavenImpl.lambda$7(MavenImpl.java:554)
	at org.eclipse.m2e.core.internal.embedder.MavenExecutionContext.executeBare(MavenExecutionContext.java:462)
	at org.eclipse.m2e.core.internal.embedder.MavenExecutionContext.execute(MavenExecutionContext.java:295)
	at org.eclipse.m2e.core.internal.embedder.MavenExecutionContext.execute(MavenExecutionContext.java:281)
	at org.eclipse.m2e.core.internal.embedder.MavenImpl.resolve(MavenImpl.java:523)
	at org.eclipse.m2e.core.internal.embedder.MavenImpl.resolve(MavenImpl.java:508)
	at org.eclipse.m2e.jdt.internal.DownloadSourcesJob.download(DownloadSourcesJob.java:308)
	at org.eclipse.m2e.jdt.internal.DownloadSourcesJob.downloadAttachments(DownloadSourcesJob.java:294)
	at org.eclipse.m2e.jdt.internal.DownloadSourcesJob.downloadMaven(DownloadSourcesJob.java:252)
	at org.eclipse.m2e.jdt.internal.DownloadSourcesJob.downloadFilesAndPopulateToUpdate(DownloadSourcesJob.java:220)
	at org.eclipse.m2e.jdt.internal.DownloadSourcesJob.lambda$0(DownloadSourcesJob.java:149)
	at org.eclipse.m2e.core.internal.embedder.MavenExecutionContext.executeBare(MavenExecutionContext.java:462)
	at org.eclipse.m2e.core.internal.embedder.MavenExecutionContext.execute(MavenExecutionContext.java:342)
	at org.eclipse.m2e.core.internal.embedder.MavenExecutionContext.execute(MavenExecutionContext.java:281)
	at org.eclipse.m2e.core.embedder.IMaven.execute(IMaven.java:300)
	at org.eclipse.m2e.jdt.internal.DownloadSourcesJob.run(DownloadSourcesJob.java:149)
	at org.eclipse.core.internal.jobs.Worker.run(Worker.java:63)
2026-09-06 09:04:06,001 [Worker-38: Download sources and javadoc] INFO  o.e.m.c.i.e.AbstractTransferListenerAdapter - Downloaded https://repo.maven.apache.org/maven2/org/springframework/boot/spring-boot-starter-test/3.5.5/spring-boot-starter-test-3.5.5-javadoc.jar
2026-09-06 09:04:06,005 [Worker-38: Download sources and javadoc] ERROR o.e.m.j.internal.DownloadSourcesJob - Could not download javadoc for org.springframework.boot:spring-boot-starter-test:3.5.5
org.eclipse.core.runtime.CoreException: Could not resolve artifact org.springframework.boot:spring-boot-starter-test:jar:javadoc:3.5.5
	at org.eclipse.m2e.core.internal.embedder.MavenImpl.lambda$7(MavenImpl.java:554)
	at org.eclipse.m2e.core.internal.embedder.MavenExecutionContext.executeBare(MavenExecutionContext.java:462)
	at org.eclipse.m2e.core.internal.embedder.MavenExecutionContext.execute(MavenExecutionContext.java:295)
	at org.eclipse.m2e.core.internal.embedder.MavenExecutionContext.execute(MavenExecutionContext.java:281)
	at org.eclipse.m2e.core.internal.embedder.MavenImpl.resolve(MavenImpl.java:523)
	at org.eclipse.m2e.core.internal.embedder.MavenImpl.resolve(MavenImpl.java:508)
	at org.eclipse.m2e.jdt.internal.DownloadSourcesJob.download(DownloadSourcesJob.java:308)
	at org.eclipse.m2e.jdt.internal.DownloadSourcesJob.downloadAttachments(DownloadSourcesJob.java:294)
	at org.eclipse.m2e.jdt.internal.DownloadSourcesJob.downloadMaven(DownloadSourcesJob.java:252)
	at org.eclipse.m2e.jdt.internal.DownloadSourcesJob.downloadFilesAndPopulateToUpdate(DownloadSourcesJob.java:220)
	at org.eclipse.m2e.jdt.internal.DownloadSourcesJob.lambda$0(DownloadSourcesJob.java:149)
	at org.eclipse.m2e.core.internal.embedder.MavenExecutionContext.executeBare(MavenExecutionContext.java:462)
	at org.eclipse.m2e.core.internal.embedder.MavenExecutionContext.execute(MavenExecutionContext.java:342)
	at org.eclipse.m2e.core.internal.embedder.MavenExecutionContext.execute(MavenExecutionContext.java:281)
	at org.eclipse.m2e.core.embedder.IMaven.execute(IMaven.java:300)
	at org.eclipse.m2e.jdt.internal.DownloadSourcesJob.run(DownloadSourcesJob.java:149)
	at org.eclipse.core.internal.jobs.Worker.run(Worker.java:63)
2026-09-06 09:04:06,015 [Worker-38: Download sources and javadoc] INFO  o.e.m.c.i.e.AbstractTransferListenerAdapter - Downloaded https://repo.maven.apache.org/maven2/org/springframework/boot/spring-boot-test/3.5.5/spring-boot-test-3.5.5-javadoc.jar
2026-09-06 09:04:06,018 [Worker-38: Download sources and javadoc] ERROR o.e.m.j.internal.DownloadSourcesJob - Could not download javadoc for org.springframework.boot:spring-boot-test:3.5.5
org.eclipse.core.runtime.CoreException: Could not resolve artifact org.springframework.boot:spring-boot-test:jar:javadoc:3.5.5
	at org.eclipse.m2e.core.internal.embedder.MavenImpl.lambda$7(MavenImpl.java:554)
	at org.eclipse.m2e.core.internal.embedder.MavenExecutionContext.executeBare(MavenExecutionContext.java:462)
	at org.eclipse.m2e.core.internal.embedder.MavenExecutionContext.execute(MavenExecutionContext.java:295)
	at org.eclipse.m2e.core.internal.embedder.MavenExecutionContext.execute(MavenExecutionContext.java:281)
	at org.eclipse.m2e.core.internal.embedder.MavenImpl.resolve(MavenImpl.java:523)
	at org.eclipse.m2e.core.internal.embedder.MavenImpl.resolve(MavenImpl.java:508)
	at org.eclipse.m2e.jdt.internal.DownloadSourcesJob.download(DownloadSourcesJob.java:308)
	at org.eclipse.m2e.jdt.internal.DownloadSourcesJob.downloadAttachments(DownloadSourcesJob.java:294)
	at org.eclipse.m2e.jdt.internal.DownloadSourcesJob.downloadMaven(DownloadSourcesJob.java:252)
	at org.eclipse.m2e.jdt.internal.DownloadSourcesJob.downloadFilesAndPopulateToUpdate(DownloadSourcesJob.java:220)
	at org.eclipse.m2e.jdt.internal.DownloadSourcesJob.lambda$0(DownloadSourcesJob.java:149)
	at org.eclipse.m2e.core.internal.embedder.MavenExecutionContext.executeBare(MavenExecutionContext.java:462)
	at org.eclipse.m2e.core.internal.embedder.MavenExecutionContext.execute(MavenExecutionContext.java:342)
	at org.eclipse.m2e.core.internal.embedder.MavenExecutionContext.execute(MavenExecutionContext.java:281)
	at org.eclipse.m2e.core.embedder.IMaven.execute(IMaven.java:300)
	at org.eclipse.m2e.jdt.internal.DownloadSourcesJob.run(DownloadSourcesJob.java:149)
	at org.eclipse.core.internal.jobs.Worker.run(Worker.java:63)
2026-09-06 09:04:06,031 [Worker-38: Download sources and javadoc] INFO  o.e.m.c.i.e.AbstractTransferListenerAdapter - Downloaded https://repo.maven.apache.org/maven2/org/springframework/boot/spring-boot-test-autoconfigure/3.5.5/spring-boot-test-autoconfigure-3.5.5-javadoc.jar
2026-09-06 09:04:06,035 [Worker-38: Download sources and javadoc] ERROR o.e.m.j.internal.DownloadSourcesJob - Could not download javadoc for org.springframework.boot:spring-boot-test-autoconfigure:3.5.5
org.eclipse.core.runtime.CoreException: Could not resolve artifact org.springframework.boot:spring-boot-test-autoconfigure:jar:javadoc:3.5.5
	at org.eclipse.m2e.core.internal.embedder.MavenImpl.lambda$7(MavenImpl.java:554)
	at org.eclipse.m2e.core.internal.embedder.MavenExecutionContext.executeBare(MavenExecutionContext.java:462)
	at org.eclipse.m2e.core.internal.embedder.MavenExecutionContext.execute(MavenExecutionContext.java:295)
	at org.eclipse.m2e.core.internal.embedder.MavenExecutionContext.execute(MavenExecutionContext.java:281)
	at org.eclipse.m2e.core.internal.embedder.MavenImpl.resolve(MavenImpl.java:523)
	at org.eclipse.m2e.core.internal.embedder.MavenImpl.resolve(MavenImpl.java:508)
	at org.eclipse.m2e.jdt.internal.DownloadSourcesJob.download(DownloadSourcesJob.java:308)
	at org.eclipse.m2e.jdt.internal.DownloadSourcesJob.downloadAttachments(DownloadSourcesJob.java:294)
	at org.eclipse.m2e.jdt.internal.DownloadSourcesJob.downloadMaven(DownloadSourcesJob.java:252)
	at org.eclipse.m2e.jdt.internal.DownloadSourcesJob.downloadFilesAndPopulateToUpdate(DownloadSourcesJob.java:220)
	at org.eclipse.m2e.jdt.internal.DownloadSourcesJob.lambda$0(DownloadSourcesJob.java:149)
	at org.eclipse.m2e.core.internal.embedder.MavenExecutionContext.executeBare(MavenExecutionContext.java:462)
	at org.eclipse.m2e.core.internal.embedder.MavenExecutionContext.execute(MavenExecutionContext.java:342)
	at org.eclipse.m2e.core.internal.embedder.MavenExecutionContext.execute(MavenExecutionContext.java:281)
	at org.eclipse.m2e.core.embedder.IMaven.execute(IMaven.java:300)
	at org.eclipse.m2e.jdt.internal.DownloadSourcesJob.run(DownloadSourcesJob.java:149)
	at org.eclipse.core.internal.jobs.Worker.run(Worker.java:63)
2026-09-06 09:04:06,047 [Worker-38: Download sources and javadoc] INFO  o.e.m.c.i.e.AbstractTransferListenerAdapter - Downloaded https://repo.maven.apache.org/maven2/org/assertj/assertj-core/3.27.4/assertj-core-3.27.4-javadoc.jar
2026-09-06 09:04:06,051 [Worker-38: Download sources and javadoc] ERROR o.e.m.j.internal.DownloadSourcesJob - Could not download javadoc for org.assertj:assertj-core:3.27.4
org.eclipse.core.runtime.CoreException: Could not resolve artifact org.assertj:assertj-core:jar:javadoc:3.27.4
	at org.eclipse.m2e.core.internal.embedder.MavenImpl.lambda$7(MavenImpl.java:554)
	at org.eclipse.m2e.core.internal.embedder.MavenExecutionContext.executeBare(MavenExecutionContext.java:462)
	at org.eclipse.m2e.core.internal.embedder.MavenExecutionContext.execute(MavenExecutionContext.java:295)
	at org.eclipse.m2e.core.internal.embedder.MavenExecutionContext.execute(MavenExecutionContext.java:281)
	at org.eclipse.m2e.core.internal.embedder.MavenImpl.resolve(MavenImpl.java:523)
	at org.eclipse.m2e.core.internal.embedder.MavenImpl.resolve(MavenImpl.java:508)
	at org.eclipse.m2e.jdt.internal.DownloadSourcesJob.download(DownloadSourcesJob.java:308)
	at org.eclipse.m2e.jdt.internal.DownloadSourcesJob.downloadAttachments(DownloadSourcesJob.java:294)
	at org.eclipse.m2e.jdt.internal.DownloadSourcesJob.downloadMaven(DownloadSourcesJob.java:252)
	at org.eclipse.m2e.jdt.internal.DownloadSourcesJob.downloadFilesAndPopulateToUpdate(DownloadSourcesJob.java:220)
	at org.eclipse.m2e.jdt.internal.DownloadSourcesJob.lambda$0(DownloadSourcesJob.java:149)
	at org.eclipse.m2e.core.internal.embedder.MavenExecutionContext.executeBare(MavenExecutionContext.java:462)
	at org.eclipse.m2e.core.internal.embedder.MavenExecutionContext.execute(MavenExecutionContext.java:342)
	at org.eclipse.m2e.core.internal.embedder.MavenExecutionContext.execute(MavenExecutionContext.java:281)
	at org.eclipse.m2e.core.embedder.IMaven.execute(IMaven.java:300)
	at org.eclipse.m2e.jdt.internal.DownloadSourcesJob.run(DownloadSourcesJob.java:149)
	at org.eclipse.core.internal.jobs.Worker.run(Worker.java:63)
2026-09-06 09:04:06,062 [Worker-38: Download sources and javadoc] INFO  o.e.m.c.i.e.AbstractTransferListenerAdapter - Downloaded https://repo.maven.apache.org/maven2/net/bytebuddy/byte-buddy-agent/1.17.7/byte-buddy-agent-1.17.7-javadoc.jar
2026-09-06 09:04:06,065 [Worker-38: Download sources and javadoc] ERROR o.e.m.j.internal.DownloadSourcesJob - Could not download javadoc for net.bytebuddy:byte-buddy-agent:1.17.7
org.eclipse.core.runtime.CoreException: Could not resolve artifact net.bytebuddy:byte-buddy-agent:jar:javadoc:1.17.7
	at org.eclipse.m2e.core.internal.embedder.MavenImpl.lambda$7(MavenImpl.java:554)
	at org.eclipse.m2e.core.internal.embedder.MavenExecutionContext.executeBare(MavenExecutionContext.java:462)
	at org.eclipse.m2e.core.internal.embedder.MavenExecutionContext.execute(MavenExecutionContext.java:295)
	at org.eclipse.m2e.core.internal.embedder.MavenExecutionContext.execute(MavenExecutionContext.java:281)
	at org.eclipse.m2e.core.internal.embedder.MavenImpl.resolve(MavenImpl.java:523)
	at org.eclipse.m2e.core.internal.embedder.MavenImpl.resolve(MavenImpl.java:508)
	at org.eclipse.m2e.jdt.internal.DownloadSourcesJob.download(DownloadSourcesJob.java:308)
	at org.eclipse.m2e.jdt.internal.DownloadSourcesJob.downloadAttachments(DownloadSourcesJob.java:294)
	at org.eclipse.m2e.jdt.internal.DownloadSourcesJob.downloadMaven(DownloadSourcesJob.java:252)
	at org.eclipse.m2e.jdt.internal.DownloadSourcesJob.downloadFilesAndPopulateToUpdate(DownloadSourcesJob.java:220)
	at org.eclipse.m2e.jdt.internal.DownloadSourcesJob.lambda$0(DownloadSourcesJob.java:149)
	at org.eclipse.m2e.core.internal.embedder.MavenExecutionContext.executeBare(MavenExecutionContext.java:462)
	at org.eclipse.m2e.core.internal.embedder.MavenExecutionContext.execute(MavenExecutionContext.java:342)
	at org.eclipse.m2e.core.internal.embedder.MavenExecutionContext.execute(MavenExecutionContext.java:281)
	at org.eclipse.m2e.core.embedder.IMaven.execute(IMaven.java:300)
	at org.eclipse.m2e.jdt.internal.DownloadSourcesJob.run(DownloadSourcesJob.java:149)
	at org.eclipse.core.internal.jobs.Worker.run(Worker.java:63)
2026-09-06 09:04:06,074 [Worker-38: Download sources and javadoc] INFO  o.e.m.c.i.e.AbstractTransferListenerAdapter - Downloaded https://repo.maven.apache.org/maven2/org/springframework/spring-core/6.2.10/spring-core-6.2.10-javadoc.jar
2026-09-06 09:04:06,079 [Worker-38: Download sources and javadoc] ERROR o.e.m.j.internal.DownloadSourcesJob - Could not download javadoc for org.springframework:spring-core:6.2.10
org.eclipse.core.runtime.CoreException: Could not resolve artifact org.springframework:spring-core:jar:javadoc:6.2.10
	at org.eclipse.m2e.core.internal.embedder.MavenImpl.lambda$7(MavenImpl.java:554)
	at org.eclipse.m2e.core.internal.embedder.MavenExecutionContext.executeBare(MavenExecutionContext.java:462)
	at org.eclipse.m2e.core.internal.embedder.MavenExecutionContext.execute(MavenExecutionContext.java:295)
	at org.eclipse.m2e.core.internal.embedder.MavenExecutionContext.execute(MavenExecutionContext.java:281)
	at org.eclipse.m2e.core.internal.embedder.MavenImpl.resolve(MavenImpl.java:523)
	at org.eclipse.m2e.core.internal.embedder.MavenImpl.resolve(MavenImpl.java:508)
	at org.eclipse.m2e.jdt.internal.DownloadSourcesJob.download(DownloadSourcesJob.java:308)
	at org.eclipse.m2e.jdt.internal.DownloadSourcesJob.downloadAttachments(DownloadSourcesJob.java:294)
	at org.eclipse.m2e.jdt.internal.DownloadSourcesJob.downloadMaven(DownloadSourcesJob.java:252)
	at org.eclipse.m2e.jdt.internal.DownloadSourcesJob.downloadFilesAndPopulateToUpdate(DownloadSourcesJob.java:220)
	at org.eclipse.m2e.jdt.internal.DownloadSourcesJob.lambda$0(DownloadSourcesJob.java:149)
	at org.eclipse.m2e.core.internal.embedder.MavenExecutionContext.executeBare(MavenExecutionContext.java:462)
	at org.eclipse.m2e.core.internal.embedder.MavenExecutionContext.execute(MavenExecutionContext.java:342)
	at org.eclipse.m2e.core.internal.embedder.MavenExecutionContext.execute(MavenExecutionContext.java:281)
	at org.eclipse.m2e.core.embedder.IMaven.execute(IMaven.java:300)
	at org.eclipse.m2e.jdt.internal.DownloadSourcesJob.run(DownloadSourcesJob.java:149)
	at org.eclipse.core.internal.jobs.Worker.run(Worker.java:63)
2026-09-06 09:04:06,091 [Worker-38: Download sources and javadoc] INFO  o.e.m.c.i.e.AbstractTransferListenerAdapter - Downloaded https://repo.maven.apache.org/maven2/org/springframework/spring-jcl/6.2.10/spring-jcl-6.2.10-javadoc.jar
2026-09-06 09:04:06,095 [Worker-38: Download sources and javadoc] ERROR o.e.m.j.internal.DownloadSourcesJob - Could not download javadoc for org.springframework:spring-jcl:6.2.10
org.eclipse.core.runtime.CoreException: Could not resolve artifact org.springframework:spring-jcl:jar:javadoc:6.2.10
	at org.eclipse.m2e.core.internal.embedder.MavenImpl.lambda$7(MavenImpl.java:554)
	at org.eclipse.m2e.core.internal.embedder.MavenExecutionContext.executeBare(MavenExecutionContext.java:462)
	at org.eclipse.m2e.core.internal.embedder.MavenExecutionContext.execute(MavenExecutionContext.java:295)
	at org.eclipse.m2e.core.internal.embedder.MavenExecutionContext.execute(MavenExecutionContext.java:281)
	at org.eclipse.m2e.core.internal.embedder.MavenImpl.resolve(MavenImpl.java:523)
	at org.eclipse.m2e.core.internal.embedder.MavenImpl.resolve(MavenImpl.java:508)
	at org.eclipse.m2e.jdt.internal.DownloadSourcesJob.download(DownloadSourcesJob.java:308)
	at org.eclipse.m2e.jdt.internal.DownloadSourcesJob.downloadAttachments(DownloadSourcesJob.java:294)
	at org.eclipse.m2e.jdt.internal.DownloadSourcesJob.downloadMaven(DownloadSourcesJob.java:252)
	at org.eclipse.m2e.jdt.internal.DownloadSourcesJob.downloadFilesAndPopulateToUpdate(DownloadSourcesJob.java:220)
	at org.eclipse.m2e.jdt.internal.DownloadSourcesJob.lambda$0(DownloadSourcesJob.java:149)
	at org.eclipse.m2e.core.internal.embedder.MavenExecutionContext.executeBare(MavenExecutionContext.java:462)
	at org.eclipse.m2e.core.internal.embedder.MavenExecutionContext.execute(MavenExecutionContext.java:342)
	at org.eclipse.m2e.core.internal.embedder.MavenExecutionContext.execute(MavenExecutionContext.java:281)
	at org.eclipse.m2e.core.embedder.IMaven.execute(IMaven.java:300)
	at org.eclipse.m2e.jdt.internal.DownloadSourcesJob.run(DownloadSourcesJob.java:149)
	at org.eclipse.core.internal.jobs.Worker.run(Worker.java:63)
2026-09-06 09:04:06,116 [Worker-38: Download sources and javadoc] INFO  o.e.m.c.i.e.AbstractTransferListenerAdapter - Downloaded https://repo.maven.apache.org/maven2/org/springframework/spring-test/6.2.10/spring-test-6.2.10-javadoc.jar
2026-09-06 09:04:06,121 [Worker-38: Download sources and javadoc] ERROR o.e.m.j.internal.DownloadSourcesJob - Could not download javadoc for org.springframework:spring-test:6.2.10
org.eclipse.core.runtime.CoreException: Could not resolve artifact org.springframework:spring-test:jar:javadoc:6.2.10
	at org.eclipse.m2e.core.internal.embedder.MavenImpl.lambda$7(MavenImpl.java:554)
	at org.eclipse.m2e.core.internal.embedder.MavenExecutionContext.executeBare(MavenExecutionContext.java:462)
	at org.eclipse.m2e.core.internal.embedder.MavenExecutionContext.execute(MavenExecutionContext.java:295)
	at org.eclipse.m2e.core.internal.embedder.MavenExecutionContext.execute(MavenExecutionContext.java:281)
	at org.eclipse.m2e.core.internal.embedder.MavenImpl.resolve(MavenImpl.java:523)
	at org.eclipse.m2e.core.internal.embedder.MavenImpl.resolve(MavenImpl.java:508)
	at org.eclipse.m2e.jdt.internal.DownloadSourcesJob.download(DownloadSourcesJob.java:308)
	at org.eclipse.m2e.jdt.internal.DownloadSourcesJob.downloadAttachments(DownloadSourcesJob.java:294)
	at org.eclipse.m2e.jdt.internal.DownloadSourcesJob.downloadMaven(DownloadSourcesJob.java:252)
	at org.eclipse.m2e.jdt.internal.DownloadSourcesJob.downloadFilesAndPopulateToUpdate(DownloadSourcesJob.java:220)
	at org.eclipse.m2e.jdt.internal.DownloadSourcesJob.lambda$0(DownloadSourcesJob.java:149)
	at org.eclipse.m2e.core.internal.embedder.MavenExecutionContext.executeBare(MavenExecutionContext.java:462)
	at org.eclipse.m2e.core.internal.embedder.MavenExecutionContext.execute(MavenExecutionContext.java:342)
	at org.eclipse.m2e.core.internal.embedder.MavenExecutionContext.execute(MavenExecutionContext.java:281)
	at org.eclipse.m2e.core.embedder.IMaven.execute(IMaven.java:300)
	at org.eclipse.m2e.jdt.internal.DownloadSourcesJob.run(DownloadSourcesJob.java:149)
	at org.eclipse.core.internal.jobs.Worker.run(Worker.java:63)
2026-09-06 09:04:34,346 [Worker-43: Building] INFO  o.e.m.c.i.l.LifecycleMappingFactory - Using org.eclipse.m2e.jdt.JarLifecycleMapping lifecycle mapping for MavenProject: in.cs:OnlineBankingSystem:1.0 @ C:\Users\PMLS\Desktop\RealProjects\OnlineBankingSystem\pom.xml.
2026-09-06 09:04:34,997 [Worker-43: Building] INFO  o.a.m.s.f.DefaultMavenResourcesFiltering - Copying 0 resource from src\main\resources to target\classes
2026-09-06 09:04:34,997 [Worker-43: Building] INFO  o.a.m.s.f.DefaultMavenResourcesFiltering - Copying 0 resource from src\main\resources to target\classes
2026-09-06 09:04:35,003 [Worker-43: Building] INFO  o.a.m.s.f.DefaultMavenResourcesFiltering - skip non existing resourceDirectory C:\Users\PMLS\Desktop\RealProjects\OnlineBankingSystem\src\test\resources
2026-09-06 09:04:35,015 [Worker-43: Building] WARN  o.apache.maven.project.MavenProject - Direct modification of compileSourceRoots through clear() is deprecated and will not work in Maven 4.0.0. Please use the add/remove methods instead. If you're using a plugin that causes this warning, please upgrade to the latest version and report an issue if the warning persists. To disable these warnings, set -Dmaven.project.sourceRoots.warningsDisabled=true on the command line, in the .mvn/maven.config file, or in project POM properties.
2026-09-06 09:04:35,015 [Worker-43: Building] WARN  o.apache.maven.project.MavenProject - Direct modification of compileSourceRoots through add() is deprecated and will not work in Maven 4.0.0. Please use the add/remove methods instead. If you're using a plugin that causes this warning, please upgrade to the latest version and report an issue if the warning persists. To disable these warnings, set -Dmaven.project.sourceRoots.warningsDisabled=true on the command line, in the .mvn/maven.config file, or in project POM properties.
2026-09-06 09:04:35,016 [Worker-43: Building] WARN  o.apache.maven.project.MavenProject - Direct modification of testCompileSourceRoots through clear() is deprecated and will not work in Maven 4.0.0. Please use the add/remove methods instead. If you're using a plugin that causes this warning, please upgrade to the latest version and report an issue if the warning persists. To disable these warnings, set -Dmaven.project.sourceRoots.warningsDisabled=true on the command line, in the .mvn/maven.config file, or in project POM properties.
2026-09-06 09:04:35,016 [Worker-43: Building] WARN  o.apache.maven.project.MavenProject - Direct modification of testCompileSourceRoots through add() is deprecated and will not work in Maven 4.0.0. Please use the add/remove methods instead. If you're using a plugin that causes this warning, please upgrade to the latest version and report an issue if the warning persists. To disable these warnings, set -Dmaven.project.sourceRoots.warningsDisabled=true on the command line, in the .mvn/maven.config file, or in project POM properties.
2026-09-06 09:04:37,094 [Worker-37: Download sources and javadoc] INFO  o.e.m.c.i.e.AbstractTransferListenerAdapter - Downloading https://repo.maven.apache.org/maven2/org/springframework/boot/spring-boot-starter-web/3.5.5/spring-boot-starter-web-3.5.5-javadoc.jar
2026-09-06 09:04:37,108 [Worker-37: Download sources and javadoc] INFO  o.e.m.c.i.e.AbstractTransferListenerAdapter - Downloaded https://repo.maven.apache.org/maven2/org/springframework/boot/spring-boot-starter-web/3.5.5/spring-boot-starter-web-3.5.5-javadoc.jar
2026-09-06 09:04:37,111 [Worker-37: Download sources and javadoc] INFO  o.e.m.j.internal.DownloadSourcesJob - Downloaded javadoc for org.springframework.boot:spring-boot-starter-web:3.5.5
2026-09-06 09:04:37,837 [Worker-37: Download sources and javadoc] INFO  o.e.m.c.i.e.AbstractTransferListenerAdapter - Downloading https://repo.maven.apache.org/maven2/org/springframework/boot/spring-boot-starter/3.5.5/spring-boot-starter-3.5.5-javadoc.jar
2026-09-06 09:04:37,847 [Worker-37: Download sources and javadoc] INFO  o.e.m.c.i.e.AbstractTransferListenerAdapter - Downloaded https://repo.maven.apache.org/maven2/org/springframework/boot/spring-boot-starter/3.5.5/spring-boot-starter-3.5.5-javadoc.jar
2026-09-06 09:04:37,850 [Worker-37: Download sources and javadoc] INFO  o.e.m.j.internal.DownloadSourcesJob - Downloaded javadoc for org.springframework.boot:spring-boot-starter:3.5.5
2026-09-06 09:04:38,163 [Worker-37: Download sources and javadoc] INFO  o.e.m.c.i.e.AbstractTransferListenerAdapter - Downloading https://repo.maven.apache.org/maven2/org/springframework/boot/spring-boot/3.5.5/spring-boot-3.5.5-javadoc.jar
2026-09-06 09:04:39,370 [Worker-37: Download sources and javadoc] INFO  o.e.m.c.i.e.AbstractTransferListenerAdapter - Downloaded https://repo.maven.apache.org/maven2/org/springframework/boot/spring-boot/3.5.5/spring-boot-3.5.5-javadoc.jar
2026-09-06 09:04:39,374 [Worker-37: Download sources and javadoc] INFO  o.e.m.j.internal.DownloadSourcesJob - Downloaded javadoc for org.springframework.boot:spring-boot:3.5.5
2026-09-06 09:04:39,980 [Worker-37: Download sources and javadoc] INFO  o.e.m.c.i.e.AbstractTransferListenerAdapter - Downloading https://repo.maven.apache.org/maven2/org/springframework/boot/spring-boot-autoconfigure/3.5.5/spring-boot-autoconfigure-3.5.5-javadoc.jar
2026-09-06 09:04:44,995 [Worker-37: Download sources and javadoc] INFO  o.e.m.c.i.e.AbstractTransferListenerAdapter - Downloaded https://repo.maven.apache.org/maven2/org/springframework/boot/spring-boot-autoconfigure/3.5.5/spring-boot-autoconfigure-3.5.5-javadoc.jar
2026-09-06 09:04:44,999 [Worker-37: Download sources and javadoc] INFO  o.e.m.j.internal.DownloadSourcesJob - Downloaded javadoc for org.springframework.boot:spring-boot-autoconfigure:3.5.5
2026-09-06 09:04:45,683 [Worker-37: Download sources and javadoc] INFO  o.e.m.c.i.e.AbstractTransferListenerAdapter - Downloading https://repo.maven.apache.org/maven2/org/springframework/boot/spring-boot-starter-logging/3.5.5/spring-boot-starter-logging-3.5.5-javadoc.jar
2026-09-06 09:04:45,706 [Worker-37: Download sources and javadoc] INFO  o.e.m.c.i.e.AbstractTransferListenerAdapter - Downloaded https://repo.maven.apache.org/maven2/org/springframework/boot/spring-boot-starter-logging/3.5.5/spring-boot-starter-logging-3.5.5-javadoc.jar
2026-09-06 09:04:45,712 [Worker-37: Download sources and javadoc] INFO  o.e.m.j.internal.DownloadSourcesJob - Downloaded javadoc for org.springframework.boot:spring-boot-starter-logging:3.5.5
2026-09-06 09:04:46,227 [Worker-37: Download sources and javadoc] INFO  o.e.m.c.i.e.AbstractTransferListenerAdapter - Downloading https://repo.maven.apache.org/maven2/org/springframework/boot/spring-boot-starter-json/3.5.5/spring-boot-starter-json-3.5.5-javadoc.jar
2026-09-06 09:04:46,242 [Worker-37: Download sources and javadoc] INFO  o.e.m.c.i.e.AbstractTransferListenerAdapter - Downloaded https://repo.maven.apache.org/maven2/org/springframework/boot/spring-boot-starter-json/3.5.5/spring-boot-starter-json-3.5.5-javadoc.jar
2026-09-06 09:04:46,246 [Worker-37: Download sources and javadoc] INFO  o.e.m.j.internal.DownloadSourcesJob - Downloaded javadoc for org.springframework.boot:spring-boot-starter-json:3.5.5
2026-09-06 09:04:46,842 [Worker-37: Download sources and javadoc] INFO  o.e.m.c.i.e.AbstractTransferListenerAdapter - Downloading https://repo.maven.apache.org/maven2/com/fasterxml/jackson/core/jackson-databind/2.19.2/jackson-databind-2.19.2-javadoc.jar
2026-09-06 09:04:49,200 [Worker-37: Download sources and javadoc] INFO  o.e.m.c.i.e.AbstractTransferListenerAdapter - Downloaded https://repo.maven.apache.org/maven2/com/fasterxml/jackson/core/jackson-databind/2.19.2/jackson-databind-2.19.2-javadoc.jar
2026-09-06 09:04:49,202 [Worker-37: Download sources and javadoc] INFO  o.e.m.j.internal.DownloadSourcesJob - Downloaded javadoc for com.fasterxml.jackson.core:jackson-databind:2.19.2
2026-09-06 09:04:49,719 [Worker-37: Download sources and javadoc] INFO  o.e.m.c.i.e.AbstractTransferListenerAdapter - Downloading https://repo.maven.apache.org/maven2/com/fasterxml/jackson/core/jackson-annotations/2.19.2/jackson-annotations-2.19.2-javadoc.jar
2026-09-06 09:04:50,046 [Worker-37: Download sources and javadoc] INFO  o.e.m.c.i.e.AbstractTransferListenerAdapter - Downloaded https://repo.maven.apache.org/maven2/com/fasterxml/jackson/core/jackson-annotations/2.19.2/jackson-annotations-2.19.2-javadoc.jar
2026-09-06 09:04:50,050 [Worker-37: Download sources and javadoc] INFO  o.e.m.j.internal.DownloadSourcesJob - Downloaded javadoc for com.fasterxml.jackson.core:jackson-annotations:2.19.2
2026-09-06 09:04:50,699 [Worker-37: Download sources and javadoc] INFO  o.e.m.c.i.e.AbstractTransferListenerAdapter - Downloading https://repo.maven.apache.org/maven2/com/fasterxml/jackson/core/jackson-core/2.19.2/jackson-core-2.19.2-javadoc.jar
2026-09-06 09:04:51,526 [Worker-37: Download sources and javadoc] INFO  o.e.m.c.i.e.AbstractTransferListenerAdapter - Downloaded https://repo.maven.apache.org/maven2/com/fasterxml/jackson/core/jackson-core/2.19.2/jackson-core-2.19.2-javadoc.jar
2026-09-06 09:04:51,529 [Worker-37: Download sources and javadoc] INFO  o.e.m.j.internal.DownloadSourcesJob - Downloaded javadoc for com.fasterxml.jackson.core:jackson-core:2.19.2
2026-09-06 09:04:52,063 [Worker-37: Download sources and javadoc] INFO  o.e.m.c.i.e.AbstractTransferListenerAdapter - Downloading https://repo.maven.apache.org/maven2/com/fasterxml/jackson/datatype/jackson-datatype-jdk8/2.19.2/jackson-datatype-jdk8-2.19.2-javadoc.jar
2026-09-06 09:04:52,117 [Worker-37: Download sources and javadoc] INFO  o.e.m.c.i.e.AbstractTransferListenerAdapter - Downloaded https://repo.maven.apache.org/maven2/com/fasterxml/jackson/datatype/jackson-datatype-jdk8/2.19.2/jackson-datatype-jdk8-2.19.2-javadoc.jar
2026-09-06 09:04:52,120 [Worker-37: Download sources and javadoc] INFO  o.e.m.j.internal.DownloadSourcesJob - Downloaded javadoc for com.fasterxml.jackson.datatype:jackson-datatype-jdk8:2.19.2
2026-09-06 09:04:53,292 [Worker-37: Download sources and javadoc] INFO  o.e.m.c.i.e.AbstractTransferListenerAdapter - Downloading https://repo.maven.apache.org/maven2/com/fasterxml/jackson/datatype/jackson-datatype-jsr310/2.19.2/jackson-datatype-jsr310-2.19.2-javadoc.jar
2026-09-06 09:04:53,926 [Worker-37: Download sources and javadoc] INFO  o.e.m.c.i.e.AbstractTransferListenerAdapter - Downloaded https://repo.maven.apache.org/maven2/com/fasterxml/jackson/datatype/jackson-datatype-jsr310/2.19.2/jackson-datatype-jsr310-2.19.2-javadoc.jar
2026-09-06 09:04:53,931 [Worker-37: Download sources and javadoc] INFO  o.e.m.j.internal.DownloadSourcesJob - Downloaded javadoc for com.fasterxml.jackson.datatype:jackson-datatype-jsr310:2.19.2
2026-09-06 09:04:54,570 [Worker-37: Download sources and javadoc] INFO  o.e.m.c.i.e.AbstractTransferListenerAdapter - Downloading https://repo.maven.apache.org/maven2/com/fasterxml/jackson/module/jackson-module-parameter-names/2.19.2/jackson-module-parameter-names-2.19.2-javadoc.jar
2026-09-06 09:04:54,637 [Worker-37: Download sources and javadoc] INFO  o.e.m.c.i.e.AbstractTransferListenerAdapter - Downloaded https://repo.maven.apache.org/maven2/com/fasterxml/jackson/module/jackson-module-parameter-names/2.19.2/jackson-module-parameter-names-2.19.2-javadoc.jar
2026-09-06 09:04:54,640 [Worker-37: Download sources and javadoc] INFO  o.e.m.j.internal.DownloadSourcesJob - Downloaded javadoc for com.fasterxml.jackson.module:jackson-module-parameter-names:2.19.2
2026-09-06 09:04:55,287 [Worker-37: Download sources and javadoc] INFO  o.e.m.c.i.e.AbstractTransferListenerAdapter - Downloading https://repo.maven.apache.org/maven2/org/springframework/boot/spring-boot-starter-tomcat/3.5.5/spring-boot-starter-tomcat-3.5.5-javadoc.jar
2026-09-06 09:04:55,307 [Worker-37: Download sources and javadoc] INFO  o.e.m.c.i.e.AbstractTransferListenerAdapter - Downloaded https://repo.maven.apache.org/maven2/org/springframework/boot/spring-boot-starter-tomcat/3.5.5/spring-boot-starter-tomcat-3.5.5-javadoc.jar
2026-09-06 09:04:55,310 [Worker-37: Download sources and javadoc] INFO  o.e.m.j.internal.DownloadSourcesJob - Downloaded javadoc for org.springframework.boot:spring-boot-starter-tomcat:3.5.5
2026-09-06 09:04:56,282 [Worker-37: Download sources and javadoc] INFO  o.e.m.c.i.e.AbstractTransferListenerAdapter - Downloaded https://repo.maven.apache.org/maven2/org/apache/tomcat/embed/tomcat-embed-core/10.1.44/tomcat-embed-core-10.1.44-javadoc.jar
2026-09-06 09:04:56,285 [Worker-37: Download sources and javadoc] ERROR o.e.m.j.internal.DownloadSourcesJob - Could not download javadoc for org.apache.tomcat.embed:tomcat-embed-core:10.1.44
org.eclipse.core.runtime.CoreException: Could not resolve artifact org.apache.tomcat.embed:tomcat-embed-core:jar:javadoc:10.1.44
	at org.eclipse.m2e.core.internal.embedder.MavenImpl.lambda$7(MavenImpl.java:554)
	at org.eclipse.m2e.core.internal.embedder.MavenExecutionContext.executeBare(MavenExecutionContext.java:462)
	at org.eclipse.m2e.core.internal.embedder.MavenExecutionContext.execute(MavenExecutionContext.java:295)
	at org.eclipse.m2e.core.internal.embedder.MavenExecutionContext.execute(MavenExecutionContext.java:281)
	at org.eclipse.m2e.core.internal.embedder.MavenImpl.resolve(MavenImpl.java:523)
	at org.eclipse.m2e.core.internal.embedder.MavenImpl.resolve(MavenImpl.java:508)
	at org.eclipse.m2e.jdt.internal.DownloadSourcesJob.download(DownloadSourcesJob.java:308)
	at org.eclipse.m2e.jdt.internal.DownloadSourcesJob.downloadAttachments(DownloadSourcesJob.java:294)
	at org.eclipse.m2e.jdt.internal.DownloadSourcesJob.downloadMaven(DownloadSourcesJob.java:252)
	at org.eclipse.m2e.jdt.internal.DownloadSourcesJob.downloadFilesAndPopulateToUpdate(DownloadSourcesJob.java:220)
	at org.eclipse.m2e.jdt.internal.DownloadSourcesJob.lambda$0(DownloadSourcesJob.java:149)
	at org.eclipse.m2e.core.internal.embedder.MavenExecutionContext.executeBare(MavenExecutionContext.java:462)
	at org.eclipse.m2e.core.internal.embedder.MavenExecutionContext.execute(MavenExecutionContext.java:342)
	at org.eclipse.m2e.core.internal.embedder.MavenExecutionContext.execute(MavenExecutionContext.java:281)
	at org.eclipse.m2e.core.embedder.IMaven.execute(IMaven.java:300)
	at org.eclipse.m2e.jdt.internal.DownloadSourcesJob.run(DownloadSourcesJob.java:149)
	at org.eclipse.core.internal.jobs.Worker.run(Worker.java:63)
2026-09-06 09:04:57,181 [Worker-37: Download sources and javadoc] INFO  o.e.m.c.i.e.AbstractTransferListenerAdapter - Downloaded https://repo.maven.apache.org/maven2/org/apache/tomcat/embed/tomcat-embed-el/10.1.44/tomcat-embed-el-10.1.44-javadoc.jar
2026-09-06 09:04:57,186 [Worker-37: Download sources and javadoc] ERROR o.e.m.j.internal.DownloadSourcesJob - Could not download javadoc for org.apache.tomcat.embed:tomcat-embed-el:10.1.44
org.eclipse.core.runtime.CoreException: Could not resolve artifact org.apache.tomcat.embed:tomcat-embed-el:jar:javadoc:10.1.44
	at org.eclipse.m2e.core.internal.embedder.MavenImpl.lambda$7(MavenImpl.java:554)
	at org.eclipse.m2e.core.internal.embedder.MavenExecutionContext.executeBare(MavenExecutionContext.java:462)
	at org.eclipse.m2e.core.internal.embedder.MavenExecutionContext.execute(MavenExecutionContext.java:295)
	at org.eclipse.m2e.core.internal.embedder.MavenExecutionContext.execute(MavenExecutionContext.java:281)
	at org.eclipse.m2e.core.internal.embedder.MavenImpl.resolve(MavenImpl.java:523)
	at org.eclipse.m2e.core.internal.embedder.MavenImpl.resolve(MavenImpl.java:508)
	at org.eclipse.m2e.jdt.internal.DownloadSourcesJob.download(DownloadSourcesJob.java:308)
	at org.eclipse.m2e.jdt.internal.DownloadSourcesJob.downloadAttachments(DownloadSourcesJob.java:294)
	at org.eclipse.m2e.jdt.internal.DownloadSourcesJob.downloadMaven(DownloadSourcesJob.java:252)
	at org.eclipse.m2e.jdt.internal.DownloadSourcesJob.downloadFilesAndPopulateToUpdate(DownloadSourcesJob.java:220)
	at org.eclipse.m2e.jdt.internal.DownloadSourcesJob.lambda$0(DownloadSourcesJob.java:149)
	at org.eclipse.m2e.core.internal.embedder.MavenExecutionContext.executeBare(MavenExecutionContext.java:462)
	at org.eclipse.m2e.core.internal.embedder.MavenExecutionContext.execute(MavenExecutionContext.java:342)
	at org.eclipse.m2e.core.internal.embedder.MavenExecutionContext.execute(MavenExecutionContext.java:281)
	at org.eclipse.m2e.core.embedder.IMaven.execute(IMaven.java:300)
	at org.eclipse.m2e.jdt.internal.DownloadSourcesJob.run(DownloadSourcesJob.java:149)
	at org.eclipse.core.internal.jobs.Worker.run(Worker.java:63)
2026-09-06 09:04:59,253 [Worker-37: Download sources and javadoc] INFO  o.e.m.c.i.e.AbstractTransferListenerAdapter - Downloaded https://repo.maven.apache.org/maven2/org/apache/tomcat/embed/tomcat-embed-websocket/10.1.44/tomcat-embed-websocket-10.1.44-javadoc.jar
2026-09-06 09:04:59,265 [Worker-37: Download sources and javadoc] ERROR o.e.m.j.internal.DownloadSourcesJob - Could not download javadoc for org.apache.tomcat.embed:tomcat-embed-websocket:10.1.44
org.eclipse.core.runtime.CoreException: Could not resolve artifact org.apache.tomcat.embed:tomcat-embed-websocket:jar:javadoc:10.1.44
	at org.eclipse.m2e.core.internal.embedder.MavenImpl.lambda$7(MavenImpl.java:554)
	at org.eclipse.m2e.core.internal.embedder.MavenExecutionContext.executeBare(MavenExecutionContext.java:462)
	at org.eclipse.m2e.core.internal.embedder.MavenExecutionContext.execute(MavenExecutionContext.java:295)
	at org.eclipse.m2e.core.internal.embedder.MavenExecutionContext.execute(MavenExecutionContext.java:281)
	at org.eclipse.m2e.core.internal.embedder.MavenImpl.resolve(MavenImpl.java:523)
	at org.eclipse.m2e.core.internal.embedder.MavenImpl.resolve(MavenImpl.java:508)
	at org.eclipse.m2e.jdt.internal.DownloadSourcesJob.download(DownloadSourcesJob.java:308)
	at org.eclipse.m2e.jdt.internal.DownloadSourcesJob.downloadAttachments(DownloadSourcesJob.java:294)
	at org.eclipse.m2e.jdt.internal.DownloadSourcesJob.downloadMaven(DownloadSourcesJob.java:252)
	at org.eclipse.m2e.jdt.internal.DownloadSourcesJob.downloadFilesAndPopulateToUpdate(DownloadSourcesJob.java:220)
	at org.eclipse.m2e.jdt.internal.DownloadSourcesJob.lambda$0(DownloadSourcesJob.java:149)
	at org.eclipse.m2e.core.internal.embedder.MavenExecutionContext.executeBare(MavenExecutionContext.java:462)
	at org.eclipse.m2e.core.internal.embedder.MavenExecutionContext.execute(MavenExecutionContext.java:342)
	at org.eclipse.m2e.core.internal.embedder.MavenExecutionContext.execute(MavenExecutionContext.java:281)
	at org.eclipse.m2e.core.embedder.IMaven.execute(IMaven.java:300)
	at org.eclipse.m2e.jdt.internal.DownloadSourcesJob.run(DownloadSourcesJob.java:149)
	at org.eclipse.core.internal.jobs.Worker.run(Worker.java:63)
2026-09-06 09:05:00,049 [Worker-37: Download sources and javadoc] INFO  o.e.m.c.i.e.AbstractTransferListenerAdapter - Downloading https://repo.maven.apache.org/maven2/org/springframework/spring-web/6.2.10/spring-web-6.2.10-javadoc.jar
2026-09-06 09:05:03,497 [Worker-37: Download sources and javadoc] INFO  o.e.m.c.i.e.AbstractTransferListenerAdapter - Downloaded https://repo.maven.apache.org/maven2/org/springframework/spring-web/6.2.10/spring-web-6.2.10-javadoc.jar
2026-09-06 09:05:03,501 [Worker-37: Download sources and javadoc] INFO  o.e.m.j.internal.DownloadSourcesJob - Downloaded javadoc for org.springframework:spring-web:6.2.10
2026-09-06 09:05:04,315 [Worker-37: Download sources and javadoc] INFO  o.e.m.c.i.e.AbstractTransferListenerAdapter - Downloading https://repo.maven.apache.org/maven2/org/springframework/spring-beans/6.2.10/spring-beans-6.2.10-javadoc.jar
2026-09-06 09:05:09,399 [Worker-37: Download sources and javadoc] INFO  o.e.m.c.i.e.AbstractTransferListenerAdapter - Downloaded https://repo.maven.apache.org/maven2/org/springframework/spring-beans/6.2.10/spring-beans-6.2.10-javadoc.jar
2026-09-06 09:05:09,402 [Worker-37: Download sources and javadoc] INFO  o.e.m.j.internal.DownloadSourcesJob - Downloaded javadoc for org.springframework:spring-beans:6.2.10
2026-09-06 09:05:09,982 [Worker-37: Download sources and javadoc] INFO  o.e.m.c.i.e.AbstractTransferListenerAdapter - Downloading https://repo.maven.apache.org/maven2/io/micrometer/micrometer-observation/1.15.3/micrometer-observation-1.15.3-javadoc.jar
2026-09-06 09:05:10,100 [Worker-37: Download sources and javadoc] INFO  o.e.m.c.i.e.AbstractTransferListenerAdapter - Downloaded https://repo.maven.apache.org/maven2/io/micrometer/micrometer-observation/1.15.3/micrometer-observation-1.15.3-javadoc.jar
2026-09-06 09:05:10,104 [Worker-37: Download sources and javadoc] INFO  o.e.m.j.internal.DownloadSourcesJob - Downloaded javadoc for io.micrometer:micrometer-observation:1.15.3
2026-09-06 09:05:10,769 [Worker-37: Download sources and javadoc] INFO  o.e.m.c.i.e.AbstractTransferListenerAdapter - Downloading https://repo.maven.apache.org/maven2/io/micrometer/micrometer-commons/1.15.3/micrometer-commons-1.15.3-javadoc.jar
2026-09-06 09:05:11,235 [Worker-37: Download sources and javadoc] INFO  o.e.m.c.i.e.AbstractTransferListenerAdapter - Downloaded https://repo.maven.apache.org/maven2/io/micrometer/micrometer-commons/1.15.3/micrometer-commons-1.15.3-javadoc.jar
2026-09-06 09:05:11,241 [Worker-37: Download sources and javadoc] INFO  o.e.m.j.internal.DownloadSourcesJob - Downloaded javadoc for io.micrometer:micrometer-commons:1.15.3
2026-09-06 09:05:12,235 [Worker-37: Download sources and javadoc] INFO  o.e.m.c.i.e.AbstractTransferListenerAdapter - Downloading https://repo.maven.apache.org/maven2/org/springframework/spring-aop/6.2.10/spring-aop-6.2.10-javadoc.jar
2026-09-06 09:05:12,898 [Worker-37: Download sources and javadoc] INFO  o.e.m.c.i.e.AbstractTransferListenerAdapter - Downloaded https://repo.maven.apache.org/maven2/org/springframework/spring-aop/6.2.10/spring-aop-6.2.10-javadoc.jar
2026-09-06 09:05:12,902 [Worker-37: Download sources and javadoc] INFO  o.e.m.j.internal.DownloadSourcesJob - Downloaded javadoc for org.springframework:spring-aop:6.2.10
2026-09-06 09:05:13,725 [Worker-37: Download sources and javadoc] INFO  o.e.m.c.i.e.AbstractTransferListenerAdapter - Downloading https://repo.maven.apache.org/maven2/org/springframework/spring-context/6.2.10/spring-context-6.2.10-javadoc.jar
2026-09-06 09:05:15,059 [Worker-37: Download sources and javadoc] INFO  o.e.m.c.i.e.AbstractTransferListenerAdapter - Downloaded https://repo.maven.apache.org/maven2/org/springframework/spring-context/6.2.10/spring-context-6.2.10-javadoc.jar
2026-09-06 09:05:15,063 [Worker-37: Download sources and javadoc] INFO  o.e.m.j.internal.DownloadSourcesJob - Downloaded javadoc for org.springframework:spring-context:6.2.10
2026-09-06 09:05:15,718 [Worker-37: Download sources and javadoc] INFO  o.e.m.c.i.e.AbstractTransferListenerAdapter - Downloading https://repo.maven.apache.org/maven2/org/springframework/spring-expression/6.2.10/spring-expression-6.2.10-javadoc.jar
2026-09-06 09:05:16,214 [Worker-37: Download sources and javadoc] INFO  o.e.m.c.i.e.AbstractTransferListenerAdapter - Downloaded https://repo.maven.apache.org/maven2/org/springframework/spring-expression/6.2.10/spring-expression-6.2.10-javadoc.jar
2026-09-06 09:05:16,218 [Worker-37: Download sources and javadoc] INFO  o.e.m.j.internal.DownloadSourcesJob - Downloaded javadoc for org.springframework:spring-expression:6.2.10
2026-09-06 09:05:16,940 [Worker-37: Download sources and javadoc] INFO  o.e.m.c.i.e.AbstractTransferListenerAdapter - Downloading https://repo.maven.apache.org/maven2/org/springframework/boot/spring-boot-starter-data-jpa/3.5.5/spring-boot-starter-data-jpa-3.5.5-javadoc.jar
2026-09-06 09:05:16,960 [Worker-37: Download sources and javadoc] INFO  o.e.m.c.i.e.AbstractTransferListenerAdapter - Downloaded https://repo.maven.apache.org/maven2/org/springframework/boot/spring-boot-starter-data-jpa/3.5.5/spring-boot-starter-data-jpa-3.5.5-javadoc.jar
2026-09-06 09:05:16,964 [Worker-37: Download sources and javadoc] INFO  o.e.m.j.internal.DownloadSourcesJob - Downloaded javadoc for org.springframework.boot:spring-boot-starter-data-jpa:3.5.5
2026-09-06 09:05:17,661 [Worker-37: Download sources and javadoc] INFO  o.e.m.c.i.e.AbstractTransferListenerAdapter - Downloading https://repo.maven.apache.org/maven2/org/springframework/boot/spring-boot-starter-jdbc/3.5.5/spring-boot-starter-jdbc-3.5.5-javadoc.jar
2026-09-06 09:05:17,680 [Worker-37: Download sources and javadoc] INFO  o.e.m.c.i.e.AbstractTransferListenerAdapter - Downloaded https://repo.maven.apache.org/maven2/org/springframework/boot/spring-boot-starter-jdbc/3.5.5/spring-boot-starter-jdbc-3.5.5-javadoc.jar
2026-09-06 09:05:17,684 [Worker-37: Download sources and javadoc] INFO  o.e.m.j.internal.DownloadSourcesJob - Downloaded javadoc for org.springframework.boot:spring-boot-starter-jdbc:3.5.5
2026-09-06 09:05:18,305 [Worker-37: Download sources and javadoc] INFO  o.e.m.c.i.e.AbstractTransferListenerAdapter - Downloading https://repo.maven.apache.org/maven2/com/zaxxer/HikariCP/6.3.2/HikariCP-6.3.2-javadoc.jar
2026-09-06 09:05:19,309 [Worker-37: Download sources and javadoc] INFO  o.e.m.c.i.e.AbstractTransferListenerAdapter - Downloaded https://repo.maven.apache.org/maven2/com/zaxxer/HikariCP/6.3.2/HikariCP-6.3.2-javadoc.jar
2026-09-06 09:05:19,315 [Worker-37: Download sources and javadoc] INFO  o.e.m.j.internal.DownloadSourcesJob - Downloaded javadoc for com.zaxxer:HikariCP:6.3.2
2026-09-06 09:05:20,735 [Worker-37: Download sources and javadoc] INFO  o.e.m.c.i.e.AbstractTransferListenerAdapter - Downloading https://repo.maven.apache.org/maven2/org/springframework/spring-jdbc/6.2.10/spring-jdbc-6.2.10-javadoc.jar
2026-09-06 09:05:21,796 [Worker-37: Download sources and javadoc] INFO  o.e.m.c.i.e.AbstractTransferListenerAdapter - Downloaded https://repo.maven.apache.org/maven2/org/springframework/spring-jdbc/6.2.10/spring-jdbc-6.2.10-javadoc.jar
2026-09-06 09:05:21,801 [Worker-37: Download sources and javadoc] INFO  o.e.m.j.internal.DownloadSourcesJob - Downloaded javadoc for org.springframework:spring-jdbc:6.2.10
2026-09-06 09:05:22,686 [Worker-37: Download sources and javadoc] INFO  o.e.m.c.i.e.AbstractTransferListenerAdapter - Downloading https://repo.maven.apache.org/maven2/org/hibernate/orm/hibernate-core/6.6.26.Final/hibernate-core-6.6.26.Final-javadoc.jar
2026-09-06 09:05:38,812 [Worker-37: Download sources and javadoc] INFO  o.e.m.c.i.e.AbstractTransferListenerAdapter - Downloaded https://repo.maven.apache.org/maven2/org/hibernate/orm/hibernate-core/6.6.26.Final/hibernate-core-6.6.26.Final-javadoc.jar
2026-09-06 09:05:38,838 [Worker-37: Download sources and javadoc] INFO  o.e.m.j.internal.DownloadSourcesJob - Downloaded javadoc for org.hibernate.orm:hibernate-core:6.6.26.Final
2026-09-06 09:06:13,938 [Worker-37: Building] INFO  o.e.m.c.i.l.LifecycleMappingFactory - Using org.eclipse.m2e.jdt.JarLifecycleMapping lifecycle mapping for MavenProject: in.cs:OnlineBankingSystem:1.0 @ C:\Users\PMLS\Desktop\RealProjects\OnlineBankingSystem\pom.xml.
2026-09-06 09:06:14,517 [Worker-37: Building] WARN  o.apache.maven.project.MavenProject - Direct modification of compileSourceRoots through clear() is deprecated and will not work in Maven 4.0.0. Please use the add/remove methods instead. If you're using a plugin that causes this warning, please upgrade to the latest version and report an issue if the warning persists. To disable these warnings, set -Dmaven.project.sourceRoots.warningsDisabled=true on the command line, in the .mvn/maven.config file, or in project POM properties.
2026-09-06 09:06:14,517 [Worker-37: Building] WARN  o.apache.maven.project.MavenProject - Direct modification of testCompileSourceRoots through clear() is deprecated and will not work in Maven 4.0.0. Please use the add/remove methods instead. If you're using a plugin that causes this warning, please upgrade to the latest version and report an issue if the warning persists. To disable these warnings, set -Dmaven.project.sourceRoots.warningsDisabled=true on the command line, in the .mvn/maven.config file, or in project POM properties.
2026-09-06 09:06:14,793 [Worker-42: Updating Maven Project] INFO  o.e.m.c.i.p.ProjectConfigurationManager - Update started
2026-09-06 09:06:15,015 [Worker-42: Updating Maven Project] INFO  o.e.m.c.i.l.LifecycleMappingFactory - Using org.eclipse.m2e.jdt.JarLifecycleMapping lifecycle mapping for MavenProject: in.cs:OnlineBankingSystem:1.0 @ C:\Users\PMLS\Desktop\RealProjects\OnlineBankingSystem\pom.xml.
2026-09-06 09:06:15,608 [Worker-42: Updating Maven Project] INFO  o.e.m.j.i.AbstractJavaProjectConfigurator - Adding resource folder /OnlineBankingSystem/src/main/resources
2026-09-06 09:06:15,609 [Worker-42: Updating Maven Project] INFO  o.e.m.j.i.AbstractJavaProjectConfigurator - Adding resource folder /OnlineBankingSystem/src/main/resources
2026-09-06 09:06:15,610 [Worker-42: Updating Maven Project] INFO  o.e.m.j.i.AbstractJavaProjectConfigurator - Adding resource folder /OnlineBankingSystem/src/test/resources
2026-09-06 09:06:15,916 [Worker-42: Updating Maven Project] WARN  o.apache.maven.project.MavenProject - Direct modification of compileSourceRoots through clear() is deprecated and will not work in Maven 4.0.0. Please use the add/remove methods instead. If you're using a plugin that causes this warning, please upgrade to the latest version and report an issue if the warning persists. To disable these warnings, set -Dmaven.project.sourceRoots.warningsDisabled=true on the command line, in the .mvn/maven.config file, or in project POM properties.
2026-09-06 09:06:15,919 [Worker-42: Updating Maven Project] WARN  o.apache.maven.project.MavenProject - Direct modification of testCompileSourceRoots through clear() is deprecated and will not work in Maven 4.0.0. Please use the add/remove methods instead. If you're using a plugin that causes this warning, please upgrade to the latest version and report an issue if the warning persists. To disable these warnings, set -Dmaven.project.sourceRoots.warningsDisabled=true on the command line, in the .mvn/maven.config file, or in project POM properties.
2026-09-06 09:06:16,172 [Worker-42: Updating Maven Project] INFO  o.e.m.c.i.p.ProjectConfigurationManager - Update completed for 1 poms: local refresh takes 0.00 sec, refresh facades takes 0.00 sec, update config takes 0.00 sec 
2026-09-06 09:06:16,319 [Worker-42: Building] WARN  o.apache.maven.project.MavenProject - Direct modification of compileSourceRoots through clear() is deprecated and will not work in Maven 4.0.0. Please use the add/remove methods instead. If you're using a plugin that causes this warning, please upgrade to the latest version and report an issue if the warning persists. To disable these warnings, set -Dmaven.project.sourceRoots.warningsDisabled=true on the command line, in the .mvn/maven.config file, or in project POM properties.
2026-09-06 09:06:16,322 [Worker-42: Building] WARN  o.apache.maven.project.MavenProject - Direct modification of testCompileSourceRoots through clear() is deprecated and will not work in Maven 4.0.0. Please use the add/remove methods instead. If you're using a plugin that causes this warning, please upgrade to the latest version and report an issue if the warning persists. To disable these warnings, set -Dmaven.project.sourceRoots.warningsDisabled=true on the command line, in the .mvn/maven.config file, or in project POM properties.
2026-09-06 09:11:25,165 [Worker-49: Building] INFO  o.e.m.c.i.l.LifecycleMappingFactory - Using org.eclipse.m2e.jdt.JarLifecycleMapping lifecycle mapping for MavenProject: in.cs:OnlineBankingSystem:1.0 @ C:\Users\PMLS\Desktop\RealProjects\OnlineBankingSystem\pom.xml.
2026-09-06 09:11:25,475 [Worker-49: Building] ERROR o.e.m.c.i.p.ProjectConfigurationManager - Could not read maven project
org.eclipse.core.runtime.CoreException: Could not read maven project
	at org.eclipse.m2e.core.internal.embedder.MavenImpl.lambda$4(MavenImpl.java:385)
	at org.eclipse.m2e.core.internal.embedder.MavenExecutionContext.executeBare(MavenExecutionContext.java:462)
	at org.eclipse.m2e.core.internal.embedder.MavenExecutionContext.execute(MavenExecutionContext.java:295)
	at org.eclipse.m2e.core.internal.embedder.MavenExecutionContext.execute(MavenExecutionContext.java:281)
	at org.eclipse.m2e.core.internal.embedder.MavenImpl.readProject(MavenImpl.java:375)
	at org.eclipse.m2e.mavenarchiver.internal.AbstractMavenArchiverConfigurator.lambda$4(AbstractMavenArchiverConfigurator.java:576)
	at org.eclipse.m2e.core.internal.embedder.MavenExecutionContext.executeBare(MavenExecutionContext.java:462)
	at org.eclipse.m2e.core.internal.embedder.MavenExecutionContext.execute(MavenExecutionContext.java:342)
	at org.eclipse.m2e.mavenarchiver.internal.AbstractMavenArchiverConfigurator.loadParentHierarchy(AbstractMavenArchiverConfigurator.java:568)
	at org.eclipse.m2e.mavenarchiver.internal.AbstractMavenArchiverConfigurator.generateManifest(AbstractMavenArchiverConfigurator.java:365)
	at org.eclipse.m2e.mavenarchiver.internal.AbstractMavenArchiverConfigurator.mavenProjectChanged(AbstractMavenArchiverConfigurator.java:228)
	at org.eclipse.m2e.mavenarchiver.internal.AbstractMavenArchiverConfigurator.mavenProjectChanged(AbstractMavenArchiverConfigurator.java:220)
	at org.eclipse.m2e.core.internal.project.ProjectConfigurationManager.mavenProjectChanged(ProjectConfigurationManager.java:885)
	at org.eclipse.m2e.core.internal.project.registry.ProjectRegistryManager.notifyProjectChangeListeners(ProjectRegistryManager.java:897)
	at org.eclipse.m2e.core.internal.project.registry.ProjectRegistryManager.applyMutableProjectRegistry(ProjectRegistryManager.java:1047)
	at org.eclipse.m2e.core.internal.project.registry.ProjectRegistryManager.refresh(ProjectRegistryManager.java:324)
	at org.eclipse.m2e.core.internal.builder.MavenBuilder$BuildMethod.getProjectFacade(MavenBuilder.java:146)
	at org.eclipse.m2e.core.internal.builder.MavenBuilder$BuildMethod.lambda$0(MavenBuilder.java:84)
	at org.eclipse.m2e.core.internal.embedder.MavenExecutionContext.executeBare(MavenExecutionContext.java:462)
	at org.eclipse.m2e.core.internal.embedder.MavenExecutionContext.execute(MavenExecutionContext.java:342)
	at org.eclipse.m2e.core.internal.embedder.MavenExecutionContext.execute(MavenExecutionContext.java:281)
	at org.eclipse.m2e.core.internal.builder.MavenBuilder$BuildMethod.execute(MavenBuilder.java:83)
	at org.eclipse.m2e.core.internal.builder.MavenBuilder.build(MavenBuilder.java:192)
	at org.eclipse.core.internal.events.BuildManager$2.run(BuildManager.java:1109)
	at org.eclipse.core.runtime.SafeRunner.run(SafeRunner.java:47)
	at org.eclipse.core.internal.events.BuildManager.basicBuild(BuildManager.java:299)
	at org.eclipse.core.internal.events.BuildManager.basicBuild(BuildManager.java:355)
	at org.eclipse.core.internal.events.BuildManager$1.run(BuildManager.java:449)
	at org.eclipse.core.runtime.SafeRunner.run(SafeRunner.java:47)
	at org.eclipse.core.internal.events.BuildManager.basicBuild(BuildManager.java:452)
	at org.eclipse.core.internal.events.BuildManager.basicBuildLoop(BuildManager.java:564)
	at org.eclipse.core.internal.events.BuildManager.basicBuildLoop(BuildManager.java:512)
	at org.eclipse.core.internal.events.BuildManager.build(BuildManager.java:594)
	at org.eclipse.core.internal.events.AutoBuildJob.doBuild(AutoBuildJob.java:208)
	at org.eclipse.core.internal.events.AutoBuildJob.run(AutoBuildJob.java:309)
	at org.eclipse.core.internal.jobs.Worker.run(Worker.java:63)
Caused by: org.apache.maven.project.ProjectBuildingException: 1 problem was encountered while building the effective model
[FATAL] Non-readable POM C:\Users\PMLS\Desktop\RealProjects\OnlineBankingSystem: C:\Users\PMLS\Desktop\RealProjects\OnlineBankingSystem (Access is denied) @ 
 for project  at C:\Users\PMLS\Desktop\RealProjects\OnlineBankingSystem
	at org.apache.maven.project.DefaultProjectBuilder.build(DefaultProjectBuilder.java:180)
	at org.apache.maven.project.DefaultProjectBuilder.build(DefaultProjectBuilder.java:123)
	at org.eclipse.m2e.core.internal.embedder.MavenImpl.lambda$4(MavenImpl.java:383)
	... 35 common frames omitted
Caused by: org.apache.maven.model.building.ModelBuildingException: 1 problem was encountered while building the effective model
[FATAL] Non-readable POM C:\Users\PMLS\Desktop\RealProjects\OnlineBankingSystem: C:\Users\PMLS\Desktop\RealProjects\OnlineBankingSystem (Access is denied) @ 

	at org.apache.maven.model.building.DefaultModelProblemCollector.newModelBuildingException(DefaultModelProblemCollector.java:176)
	at org.apache.maven.model.building.DefaultModelBuilder.readModel(DefaultModelBuilder.java:642)
	at org.apache.maven.model.building.DefaultModelBuilder.build(DefaultModelBuilder.java:262)
	at org.apache.maven.model.building.DefaultModelBuilder.build(DefaultModelBuilder.java:248)
	at org.apache.maven.project.DefaultProjectBuilder.build(DefaultProjectBuilder.java:176)
	... 37 common frames omitted
2026-09-06 09:11:25,769 [Worker-49: Building] WARN  o.apache.maven.project.MavenProject - Direct modification of compileSourceRoots through clear() is deprecated and will not work in Maven 4.0.0. Please use the add/remove methods instead. If you're using a plugin that causes this warning, please upgrade to the latest version and report an issue if the warning persists. To disable these warnings, set -Dmaven.project.sourceRoots.warningsDisabled=true on the command line, in the .mvn/maven.config file, or in project POM properties.
2026-09-06 09:11:25,770 [Worker-49: Building] WARN  o.apache.maven.project.MavenProject - Direct modification of testCompileSourceRoots through clear() is deprecated and will not work in Maven 4.0.0. Please use the add/remove methods instead. If you're using a plugin that causes this warning, please upgrade to the latest version and report an issue if the warning persists. To disable these warnings, set -Dmaven.project.sourceRoots.warningsDisabled=true on the command line, in the .mvn/maven.config file, or in project POM properties.
2026-09-06 09:12:33,736 [Worker-49: Building] INFO  o.e.m.c.i.l.LifecycleMappingFactory - Using org.eclipse.m2e.jdt.JarLifecycleMapping lifecycle mapping for MavenProject: in.cs:OnlineBankingSystem:1.0 @ C:\Users\PMLS\Desktop\RealProjects\OnlineBankingSystem\pom.xml.
2026-09-06 09:12:34,421 [Worker-49: Building] INFO  o.a.m.s.f.DefaultMavenResourcesFiltering - Copying 0 resource from src\main\resources to target\classes
2026-09-06 09:12:34,423 [Worker-49: Building] INFO  o.a.m.s.f.DefaultMavenResourcesFiltering - Copying 0 resource from src\main\resources to target\classes
2026-09-06 09:12:34,431 [Worker-49: Building] INFO  o.a.m.s.f.DefaultMavenResourcesFiltering - skip non existing resourceDirectory C:\Users\PMLS\Desktop\RealProjects\OnlineBankingSystem\src\test\resources
2026-09-06 09:12:34,449 [Worker-49: Building] WARN  o.apache.maven.project.MavenProject - Direct modification of compileSourceRoots through clear() is deprecated and will not work in Maven 4.0.0. Please use the add/remove methods instead. If you're using a plugin that causes this warning, please upgrade to the latest version and report an issue if the warning persists. To disable these warnings, set -Dmaven.project.sourceRoots.warningsDisabled=true on the command line, in the .mvn/maven.config file, or in project POM properties.
2026-09-06 09:12:34,450 [Worker-49: Building] WARN  o.apache.maven.project.MavenProject - Direct modification of compileSourceRoots through add() is deprecated and will not work in Maven 4.0.0. Please use the add/remove methods instead. If you're using a plugin that causes this warning, please upgrade to the latest version and report an issue if the warning persists. To disable these warnings, set -Dmaven.project.sourceRoots.warningsDisabled=true on the command line, in the .mvn/maven.config file, or in project POM properties.
2026-09-06 09:12:34,451 [Worker-49: Building] WARN  o.apache.maven.project.MavenProject - Direct modification of testCompileSourceRoots through clear() is deprecated and will not work in Maven 4.0.0. Please use the add/remove methods instead. If you're using a plugin that causes this warning, please upgrade to the latest version and report an issue if the warning persists. To disable these warnings, set -Dmaven.project.sourceRoots.warningsDisabled=true on the command line, in the .mvn/maven.config file, or in project POM properties.
2026-09-06 09:12:34,451 [Worker-49: Building] WARN  o.apache.maven.project.MavenProject - Direct modification of testCompileSourceRoots through add() is deprecated and will not work in Maven 4.0.0. Please use the add/remove methods instead. If you're using a plugin that causes this warning, please upgrade to the latest version and report an issue if the warning persists. To disable these warnings, set -Dmaven.project.sourceRoots.warningsDisabled=true on the command line, in the .mvn/maven.config file, or in project POM properties.
2026-09-06 09:12:34,476 [Worker-47: Updating Maven Project] INFO  o.e.m.c.i.p.ProjectConfigurationManager - Update started
2026-09-06 09:12:34,892 [Worker-47: Updating Maven Project] INFO  o.e.m.c.i.l.LifecycleMappingFactory - Using org.eclipse.m2e.jdt.JarLifecycleMapping lifecycle mapping for MavenProject: in.cs:OnlineBankingSystem:1.0 @ C:\Users\PMLS\Desktop\RealProjects\OnlineBankingSystem\pom.xml.
2026-09-06 09:12:35,466 [Worker-47: Updating Maven Project] INFO  o.e.m.j.i.AbstractJavaProjectConfigurator - Adding source folder /OnlineBankingSystem/src/main/java
2026-09-06 09:12:35,467 [Worker-47: Updating Maven Project] INFO  o.e.m.j.i.AbstractJavaProjectConfigurator - Adding resource folder /OnlineBankingSystem/src/main/resources
2026-09-06 09:12:35,468 [Worker-47: Updating Maven Project] INFO  o.e.m.j.i.AbstractJavaProjectConfigurator - Adding resource folder /OnlineBankingSystem/src/main/resources
2026-09-06 09:12:35,468 [Worker-47: Updating Maven Project] INFO  o.e.m.j.i.AbstractJavaProjectConfigurator - Adding source folder /OnlineBankingSystem/src/test/java
2026-09-06 09:12:35,469 [Worker-47: Updating Maven Project] INFO  o.e.m.j.i.AbstractJavaProjectConfigurator - Adding resource folder /OnlineBankingSystem/src/test/resources
2026-09-06 09:12:35,755 [Worker-47: Updating Maven Project] WARN  o.apache.maven.project.MavenProject - Direct modification of compileSourceRoots through clear() is deprecated and will not work in Maven 4.0.0. Please use the add/remove methods instead. If you're using a plugin that causes this warning, please upgrade to the latest version and report an issue if the warning persists. To disable these warnings, set -Dmaven.project.sourceRoots.warningsDisabled=true on the command line, in the .mvn/maven.config file, or in project POM properties.
2026-09-06 09:12:35,756 [Worker-47: Updating Maven Project] WARN  o.apache.maven.project.MavenProject - Direct modification of compileSourceRoots through add() is deprecated and will not work in Maven 4.0.0. Please use the add/remove methods instead. If you're using a plugin that causes this warning, please upgrade to the latest version and report an issue if the warning persists. To disable these warnings, set -Dmaven.project.sourceRoots.warningsDisabled=true on the command line, in the .mvn/maven.config file, or in project POM properties.
2026-09-06 09:12:35,757 [Worker-47: Updating Maven Project] WARN  o.apache.maven.project.MavenProject - Direct modification of testCompileSourceRoots through clear() is deprecated and will not work in Maven 4.0.0. Please use the add/remove methods instead. If you're using a plugin that causes this warning, please upgrade to the latest version and report an issue if the warning persists. To disable these warnings, set -Dmaven.project.sourceRoots.warningsDisabled=true on the command line, in the .mvn/maven.config file, or in project POM properties.
2026-09-06 09:12:35,757 [Worker-47: Updating Maven Project] WARN  o.apache.maven.project.MavenProject - Direct modification of testCompileSourceRoots through add() is deprecated and will not work in Maven 4.0.0. Please use the add/remove methods instead. If you're using a plugin that causes this warning, please upgrade to the latest version and report an issue if the warning persists. To disable these warnings, set -Dmaven.project.sourceRoots.warningsDisabled=true on the command line, in the .mvn/maven.config file, or in project POM properties.
2026-09-06 09:12:35,817 [Worker-47: Updating Maven Project] INFO  o.e.m.c.i.p.ProjectConfigurationManager - Update completed for 1 poms: local refresh takes 0.00 sec, refresh facades takes 0.00 sec, update config takes 0.00 sec 
2026-09-06 09:12:36,108 [Worker-49: Building] INFO  o.a.m.s.f.DefaultMavenResourcesFiltering - Copying 1 resource from src\main\resources to target\classes
2026-09-06 09:12:36,125 [Worker-49: Building] INFO  o.a.m.s.f.DefaultMavenResourcesFiltering - Copying 0 resource from src\main\resources to target\classes
2026-09-06 09:12:36,150 [Worker-49: Building] INFO  o.a.m.s.f.DefaultMavenResourcesFiltering - skip non existing resourceDirectory C:\Users\PMLS\Desktop\RealProjects\OnlineBankingSystem\src\test\resources
2026-09-06 09:12:36,165 [Worker-49: Building] WARN  o.apache.maven.project.MavenProject - Direct modification of compileSourceRoots through clear() is deprecated and will not work in Maven 4.0.0. Please use the add/remove methods instead. If you're using a plugin that causes this warning, please upgrade to the latest version and report an issue if the warning persists. To disable these warnings, set -Dmaven.project.sourceRoots.warningsDisabled=true on the command line, in the .mvn/maven.config file, or in project POM properties.
2026-09-06 09:12:36,165 [Worker-49: Building] WARN  o.apache.maven.project.MavenProject - Direct modification of compileSourceRoots through add() is deprecated and will not work in Maven 4.0.0. Please use the add/remove methods instead. If you're using a plugin that causes this warning, please upgrade to the latest version and report an issue if the warning persists. To disable these warnings, set -Dmaven.project.sourceRoots.warningsDisabled=true on the command line, in the .mvn/maven.config file, or in project POM properties.
2026-09-06 09:12:36,166 [Worker-49: Building] WARN  o.apache.maven.project.MavenProject - Direct modification of testCompileSourceRoots through clear() is deprecated and will not work in Maven 4.0.0. Please use the add/remove methods instead. If you're using a plugin that causes this warning, please upgrade to the latest version and report an issue if the warning persists. To disable these warnings, set -Dmaven.project.sourceRoots.warningsDisabled=true on the command line, in the .mvn/maven.config file, or in project POM properties.
2026-09-06 09:12:36,167 [Worker-49: Building] WARN  o.apache.maven.project.MavenProject - Direct modification of testCompileSourceRoots through add() is deprecated and will not work in Maven 4.0.0. Please use the add/remove methods instead. If you're using a plugin that causes this warning, please upgrade to the latest version and report an issue if the warning persists. To disable these warnings, set -Dmaven.project.sourceRoots.warningsDisabled=true on the command line, in the .mvn/maven.config file, or in project POM properties.
2026-09-06 09:19:18,977 [Worker-54: Building] INFO  o.e.m.c.i.l.LifecycleMappingFactory - Using org.eclipse.m2e.jdt.JarLifecycleMapping lifecycle mapping for MavenProject: in.cs:OnlineBankingSystem:1.0 @ C:\Users\PMLS\Desktop\RealProjects\OnlineBankingSystem\pom.xml.
2026-09-06 09:19:19,746 [Worker-54: Building] INFO  o.a.m.s.f.DefaultMavenResourcesFiltering - Copying 0 resource from src\main\resources to target\classes
2026-09-06 09:19:19,748 [Worker-54: Building] INFO  o.a.m.s.f.DefaultMavenResourcesFiltering - Copying 0 resource from src\main\resources to target\classes
2026-09-06 09:19:19,754 [Worker-54: Building] INFO  o.a.m.s.f.DefaultMavenResourcesFiltering - skip non existing resourceDirectory C:\Users\PMLS\Desktop\RealProjects\OnlineBankingSystem\src\test\resources
2026-09-06 09:19:19,765 [Worker-54: Building] WARN  o.apache.maven.project.MavenProject - Direct modification of compileSourceRoots through clear() is deprecated and will not work in Maven 4.0.0. Please use the add/remove methods instead. If you're using a plugin that causes this warning, please upgrade to the latest version and report an issue if the warning persists. To disable these warnings, set -Dmaven.project.sourceRoots.warningsDisabled=true on the command line, in the .mvn/maven.config file, or in project POM properties.
2026-09-06 09:19:19,766 [Worker-54: Building] WARN  o.apache.maven.project.MavenProject - Direct modification of compileSourceRoots through add() is deprecated and will not work in Maven 4.0.0. Please use the add/remove methods instead. If you're using a plugin that causes this warning, please upgrade to the latest version and report an issue if the warning persists. To disable these warnings, set -Dmaven.project.sourceRoots.warningsDisabled=true on the command line, in the .mvn/maven.config file, or in project POM properties.
2026-09-06 09:19:19,766 [Worker-54: Building] WARN  o.apache.maven.project.MavenProject - Direct modification of testCompileSourceRoots through clear() is deprecated and will not work in Maven 4.0.0. Please use the add/remove methods instead. If you're using a plugin that causes this warning, please upgrade to the latest version and report an issue if the warning persists. To disable these warnings, set -Dmaven.project.sourceRoots.warningsDisabled=true on the command line, in the .mvn/maven.config file, or in project POM properties.
2026-09-06 09:19:19,766 [Worker-54: Building] WARN  o.apache.maven.project.MavenProject - Direct modification of testCompileSourceRoots through add() is deprecated and will not work in Maven 4.0.0. Please use the add/remove methods instead. If you're using a plugin that causes this warning, please upgrade to the latest version and report an issue if the warning persists. To disable these warnings, set -Dmaven.project.sourceRoots.warningsDisabled=true on the command line, in the .mvn/maven.config file, or in project POM properties.
2026-09-06 09:25:57,179 [Worker-56: Import Getting Started Content] INFO  o.e.m.c.i.e.AbstractTransferListenerAdapter - Downloading https://repo.maven.apache.org/maven2/org/springframework/boot/spring-boot-starter-parent/4.0.8/spring-boot-starter-parent-4.0.8.pom
2026-09-06 09:25:57,194 [Worker-56: Import Getting Started Content] INFO  o.e.m.c.i.e.AbstractTransferListenerAdapter - Downloaded https://repo.maven.apache.org/maven2/org/springframework/boot/spring-boot-starter-parent/4.0.8/spring-boot-starter-parent-4.0.8.pom
2026-09-06 09:25:57,424 [Worker-56: Import Getting Started Content] INFO  o.e.m.c.i.e.AbstractTransferListenerAdapter - Downloading https://repo.maven.apache.org/maven2/org/springframework/boot/spring-boot-dependencies/4.0.8/spring-boot-dependencies-4.0.8.pom
2026-09-06 09:25:57,433 [Worker-56: Import Getting Started Content] INFO  o.e.m.c.i.e.AbstractTransferListenerAdapter - Downloaded https://repo.maven.apache.org/maven2/org/springframework/boot/spring-boot-dependencies/4.0.8/spring-boot-dependencies-4.0.8.pom
2026-09-06 09:25:58,021 [Worker-56: Import Getting Started Content] INFO  o.e.m.c.i.e.AbstractTransferListenerAdapter - Downloading https://repo.maven.apache.org/maven2/org/apache/groovy/groovy-bom/5.0.8/groovy-bom-5.0.8.pom
2026-09-06 09:25:58,033 [Worker-56: Import Getting Started Content] INFO  o.e.m.c.i.e.AbstractTransferListenerAdapter - Downloaded https://repo.maven.apache.org/maven2/org/apache/groovy/groovy-bom/5.0.8/groovy-bom-5.0.8.pom
2026-09-06 09:25:58,245 [Worker-56: Import Getting Started Content] INFO  o.e.m.c.i.e.AbstractTransferListenerAdapter - Downloading https://repo.maven.apache.org/maven2/com/fasterxml/jackson/jackson-bom/2.21.5/jackson-bom-2.21.5.pom
2026-09-06 09:25:58,252 [Worker-56: Import Getting Started Content] INFO  o.e.m.c.i.e.AbstractTransferListenerAdapter - Downloaded https://repo.maven.apache.org/maven2/com/fasterxml/jackson/jackson-bom/2.21.5/jackson-bom-2.21.5.pom
2026-09-06 09:25:58,649 [Worker-56: Import Getting Started Content] INFO  o.e.m.c.i.e.AbstractTransferListenerAdapter - Downloading https://repo.maven.apache.org/maven2/tools/jackson/jackson-bom/3.1.5/jackson-bom-3.1.5.pom
2026-09-06 09:25:58,656 [Worker-56: Import Getting Started Content] INFO  o.e.m.c.i.e.AbstractTransferListenerAdapter - Downloaded https://repo.maven.apache.org/maven2/tools/jackson/jackson-bom/3.1.5/jackson-bom-3.1.5.pom
2026-09-06 09:25:59,198 [Worker-56: Import Getting Started Content] INFO  o.e.m.c.i.e.AbstractTransferListenerAdapter - Downloading https://repo.maven.apache.org/maven2/org/eclipse/jetty/ee11/jetty-ee11-bom/12.1.12/jetty-ee11-bom-12.1.12.pom
2026-09-06 09:25:59,224 [Worker-56: Import Getting Started Content] INFO  o.e.m.c.i.e.AbstractTransferListenerAdapter - Downloaded https://repo.maven.apache.org/maven2/org/eclipse/jetty/ee11/jetty-ee11-bom/12.1.12/jetty-ee11-bom-12.1.12.pom
2026-09-06 09:25:59,417 [Worker-56: Import Getting Started Content] INFO  o.e.m.c.i.e.AbstractTransferListenerAdapter - Downloading https://repo.maven.apache.org/maven2/org/eclipse/jetty/jetty-bom/12.1.12/jetty-bom-12.1.12.pom
2026-09-06 09:25:59,424 [Worker-56: Import Getting Started Content] INFO  o.e.m.c.i.e.AbstractTransferListenerAdapter - Downloaded https://repo.maven.apache.org/maven2/org/eclipse/jetty/jetty-bom/12.1.12/jetty-bom-12.1.12.pom
2026-09-06 09:25:59,583 [Worker-56: Import Getting Started Content] INFO  o.e.m.c.i.e.AbstractTransferListenerAdapter - Downloading https://repo.maven.apache.org/maven2/org/jooq/jooq-bom/3.19.37/jooq-bom-3.19.37.pom
2026-09-06 09:25:59,589 [Worker-56: Import Getting Started Content] INFO  o.e.m.c.i.e.AbstractTransferListenerAdapter - Downloaded https://repo.maven.apache.org/maven2/org/jooq/jooq-bom/3.19.37/jooq-bom-3.19.37.pom
2026-09-06 09:25:59,780 [Worker-56: Import Getting Started Content] INFO  o.e.m.c.i.e.AbstractTransferListenerAdapter - Downloading https://repo.maven.apache.org/maven2/org/apache/logging/log4j/log4j-bom/2.25.5/log4j-bom-2.25.5.pom
2026-09-06 09:25:59,789 [Worker-56: Import Getting Started Content] INFO  o.e.m.c.i.e.AbstractTransferListenerAdapter - Downloaded https://repo.maven.apache.org/maven2/org/apache/logging/log4j/log4j-bom/2.25.5/log4j-bom-2.25.5.pom
2026-09-06 09:26:00,003 [Worker-56: Import Getting Started Content] INFO  o.e.m.c.i.e.AbstractTransferListenerAdapter - Downloading https://repo.maven.apache.org/maven2/io/micrometer/micrometer-bom/1.16.7/micrometer-bom-1.16.7.pom
2026-09-06 09:26:00,011 [Worker-56: Import Getting Started Content] INFO  o.e.m.c.i.e.AbstractTransferListenerAdapter - Downloaded https://repo.maven.apache.org/maven2/io/micrometer/micrometer-bom/1.16.7/micrometer-bom-1.16.7.pom
2026-09-06 09:26:00,210 [Worker-56: Import Getting Started Content] INFO  o.e.m.c.i.e.AbstractTransferListenerAdapter - Downloading https://repo.maven.apache.org/maven2/io/netty/netty-bom/4.2.17.Final/netty-bom-4.2.17.Final.pom
2026-09-06 09:26:00,224 [Worker-56: Import Getting Started Content] INFO  o.e.m.c.i.e.AbstractTransferListenerAdapter - Downloaded https://repo.maven.apache.org/maven2/io/netty/netty-bom/4.2.17.Final/netty-bom-4.2.17.Final.pom
2026-09-06 09:26:00,513 [Worker-56: Import Getting Started Content] INFO  o.e.m.c.i.e.AbstractTransferListenerAdapter - Downloading https://repo.maven.apache.org/maven2/io/projectreactor/reactor-bom/2025.0.7/reactor-bom-2025.0.7.pom
2026-09-06 09:26:00,522 [Worker-56: Import Getting Started Content] INFO  o.e.m.c.i.e.AbstractTransferListenerAdapter - Downloaded https://repo.maven.apache.org/maven2/io/projectreactor/reactor-bom/2025.0.7/reactor-bom-2025.0.7.pom
2026-09-06 09:26:00,800 [Worker-56: Import Getting Started Content] INFO  o.e.m.c.i.e.AbstractTransferListenerAdapter - Downloading https://repo.maven.apache.org/maven2/org/springframework/amqp/spring-amqp-bom/4.0.5/spring-amqp-bom-4.0.5.pom
2026-09-06 09:26:00,820 [Worker-56: Import Getting Started Content] INFO  o.e.m.c.i.e.AbstractTransferListenerAdapter - Downloaded https://repo.maven.apache.org/maven2/org/springframework/amqp/spring-amqp-bom/4.0.5/spring-amqp-bom-4.0.5.pom
2026-09-06 09:26:01,007 [Worker-56: Import Getting Started Content] INFO  o.e.m.c.i.e.AbstractTransferListenerAdapter - Downloading https://repo.maven.apache.org/maven2/org/springframework/batch/spring-batch-bom/6.0.5/spring-batch-bom-6.0.5.pom
2026-09-06 09:26:01,011 [Worker-56: Import Getting Started Content] INFO  o.e.m.c.i.e.AbstractTransferListenerAdapter - Downloaded https://repo.maven.apache.org/maven2/org/springframework/batch/spring-batch-bom/6.0.5/spring-batch-bom-6.0.5.pom
2026-09-06 09:26:01,180 [Worker-56: Import Getting Started Content] INFO  o.e.m.c.i.e.AbstractTransferListenerAdapter - Downloading https://repo.maven.apache.org/maven2/org/springframework/data/spring-data-bom/2025.1.7/spring-data-bom-2025.1.7.pom
2026-09-06 09:26:01,187 [Worker-56: Import Getting Started Content] INFO  o.e.m.c.i.e.AbstractTransferListenerAdapter - Downloaded https://repo.maven.apache.org/maven2/org/springframework/data/spring-data-bom/2025.1.7/spring-data-bom-2025.1.7.pom
2026-09-06 09:26:01,428 [Worker-56: Import Getting Started Content] INFO  o.e.m.c.i.e.AbstractTransferListenerAdapter - Downloading https://repo.maven.apache.org/maven2/org/springframework/spring-framework-bom/7.0.9/spring-framework-bom-7.0.9.pom
2026-09-06 09:26:01,437 [Worker-56: Import Getting Started Content] INFO  o.e.m.c.i.e.AbstractTransferListenerAdapter - Downloaded https://repo.maven.apache.org/maven2/org/springframework/spring-framework-bom/7.0.9/spring-framework-bom-7.0.9.pom
2026-09-06 09:26:01,719 [Worker-56: Import Getting Started Content] INFO  o.e.m.c.i.e.AbstractTransferListenerAdapter - Downloading https://repo.maven.apache.org/maven2/org/springframework/integration/spring-integration-bom/7.0.6/spring-integration-bom-7.0.6.pom
2026-09-06 09:26:01,724 [Worker-56: Import Getting Started Content] INFO  o.e.m.c.i.e.AbstractTransferListenerAdapter - Downloaded https://repo.maven.apache.org/maven2/org/springframework/integration/spring-integration-bom/7.0.6/spring-integration-bom-7.0.6.pom
2026-09-06 09:26:01,935 [Worker-56: Import Getting Started Content] INFO  o.e.m.c.i.e.AbstractTransferListenerAdapter - Downloading https://repo.maven.apache.org/maven2/org/springframework/pulsar/spring-pulsar-bom/2.0.7/spring-pulsar-bom-2.0.7.pom
2026-09-06 09:26:01,942 [Worker-56: Import Getting Started Content] INFO  o.e.m.c.i.e.AbstractTransferListenerAdapter - Downloaded https://repo.maven.apache.org/maven2/org/springframework/pulsar/spring-pulsar-bom/2.0.7/spring-pulsar-bom-2.0.7.pom
2026-09-06 09:26:02,146 [Worker-56: Import Getting Started Content] INFO  o.e.m.c.i.e.AbstractTransferListenerAdapter - Downloading https://repo.maven.apache.org/maven2/org/springframework/security/spring-security-bom/7.0.7/spring-security-bom-7.0.7.pom
2026-09-06 09:26:02,155 [Worker-56: Import Getting Started Content] INFO  o.e.m.c.i.e.AbstractTransferListenerAdapter - Downloaded https://repo.maven.apache.org/maven2/org/springframework/security/spring-security-bom/7.0.7/spring-security-bom-7.0.7.pom
2026-09-06 09:26:02,437 [Worker-56: Import Getting Started Content] INFO  o.e.m.c.i.e.AbstractTransferListenerAdapter - Downloading https://repo.maven.apache.org/maven2/org/springframework/session/spring-session-bom/4.0.5/spring-session-bom-4.0.5.pom
2026-09-06 09:26:02,457 [Worker-56: Import Getting Started Content] INFO  o.e.m.c.i.e.AbstractTransferListenerAdapter - Downloaded https://repo.maven.apache.org/maven2/org/springframework/session/spring-session-bom/4.0.5/spring-session-bom-4.0.5.pom
2026-09-06 09:26:03,461 [Worker-56: Import Getting Started Content] INFO  o.e.m.c.i.e.AbstractTransferListenerAdapter - Downloading https://repo.maven.apache.org/maven2/org/springframework/boot/spring-boot-maven-plugin/4.0.8/spring-boot-maven-plugin-4.0.8.pom
2026-09-06 09:26:03,467 [Worker-56: Import Getting Started Content] INFO  o.e.m.c.i.e.AbstractTransferListenerAdapter - Downloaded https://repo.maven.apache.org/maven2/org/springframework/boot/spring-boot-maven-plugin/4.0.8/spring-boot-maven-plugin-4.0.8.pom
2026-09-06 09:26:03,770 [Worker-56: Import Getting Started Content] INFO  o.e.m.c.i.e.AbstractTransferListenerAdapter - Downloading https://repo.maven.apache.org/maven2/org/springframework/boot/spring-boot-maven-plugin/4.0.8/spring-boot-maven-plugin-4.0.8.jar
2026-09-06 09:26:04,111 [Worker-56: Import Getting Started Content] INFO  o.e.m.c.i.e.AbstractTransferListenerAdapter - Downloaded https://repo.maven.apache.org/maven2/org/springframework/boot/spring-boot-maven-plugin/4.0.8/spring-boot-maven-plugin-4.0.8.jar
2026-09-06 09:26:04,179 [Worker-56: Import Getting Started Content] INFO  o.e.m.c.i.l.LifecycleMappingFactory - Using org.eclipse.m2e.jdt.JarLifecycleMapping lifecycle mapping for MavenProject: in.cs:OnlineBankingSystem-1:1.0 @ C:\Users\PMLS\Desktop\RealProjects\OnlineBankingSystem-1\pom.xml.
2026-09-06 09:26:04,369 [Worker-56: Import Getting Started Content] INFO  o.e.m.c.i.e.AbstractTransferListenerAdapter - Downloading https://repo.maven.apache.org/maven2/org/springframework/boot/spring-boot-starter-data-jpa/4.0.8/spring-boot-starter-data-jpa-4.0.8.pom
2026-09-06 09:26:04,383 [Worker-56: Import Getting Started Content] INFO  o.e.m.c.i.e.AbstractTransferListenerAdapter - Downloaded https://repo.maven.apache.org/maven2/org/springframework/boot/spring-boot-starter-data-jpa/4.0.8/spring-boot-starter-data-jpa-4.0.8.pom
2026-09-06 09:26:04,543 [Worker-56: Import Getting Started Content] INFO  o.e.m.c.i.e.AbstractTransferListenerAdapter - Downloading https://repo.maven.apache.org/maven2/org/springframework/boot/spring-boot-starter/4.0.8/spring-boot-starter-4.0.8.pom
2026-09-06 09:26:04,550 [Worker-56: Import Getting Started Content] INFO  o.e.m.c.i.e.AbstractTransferListenerAdapter - Downloaded https://repo.maven.apache.org/maven2/org/springframework/boot/spring-boot-starter/4.0.8/spring-boot-starter-4.0.8.pom
2026-09-06 09:26:04,696 [Worker-56: Import Getting Started Content] INFO  o.e.m.c.i.e.AbstractTransferListenerAdapter - Downloading https://repo.maven.apache.org/maven2/org/springframework/boot/spring-boot-starter-logging/4.0.8/spring-boot-starter-logging-4.0.8.pom
2026-09-06 09:26:04,705 [Worker-56: Import Getting Started Content] INFO  o.e.m.c.i.e.AbstractTransferListenerAdapter - Downloaded https://repo.maven.apache.org/maven2/org/springframework/boot/spring-boot-starter-logging/4.0.8/spring-boot-starter-logging-4.0.8.pom
2026-09-06 09:26:05,337 [Worker-56: Import Getting Started Content] INFO  o.e.m.c.i.e.AbstractTransferListenerAdapter - Downloading https://repo.maven.apache.org/maven2/ch/qos/logback/logback-classic/1.5.38/logback-classic-1.5.38.pom
2026-09-06 09:26:05,341 [Worker-56: Import Getting Started Content] INFO  o.e.m.c.i.e.AbstractTransferListenerAdapter - Downloaded https://repo.maven.apache.org/maven2/ch/qos/logback/logback-classic/1.5.38/logback-classic-1.5.38.pom
2026-09-06 09:26:05,522 [Worker-56: Import Getting Started Content] INFO  o.e.m.c.i.e.AbstractTransferListenerAdapter - Downloading https://repo.maven.apache.org/maven2/ch/qos/logback/logback-parent/1.5.38/logback-parent-1.5.38.pom
2026-09-06 09:26:05,528 [Worker-56: Import Getting Started Content] INFO  o.e.m.c.i.e.AbstractTransferListenerAdapter - Downloaded https://repo.maven.apache.org/maven2/ch/qos/logback/logback-parent/1.5.38/logback-parent-1.5.38.pom
2026-09-06 09:26:05,701 [Worker-56: Import Getting Started Content] INFO  o.e.m.c.i.e.AbstractTransferListenerAdapter - Downloading https://repo.maven.apache.org/maven2/ch/qos/logback/logback-core/1.5.38/logback-core-1.5.38.pom
2026-09-06 09:26:05,707 [Worker-56: Import Getting Started Content] INFO  o.e.m.c.i.e.AbstractTransferListenerAdapter - Downloaded https://repo.maven.apache.org/maven2/ch/qos/logback/logback-core/1.5.38/logback-core-1.5.38.pom
2026-09-06 09:26:06,034 [Worker-56: Import Getting Started Content] INFO  o.e.m.c.i.e.AbstractTransferListenerAdapter - Downloading https://repo.maven.apache.org/maven2/org/apache/logging/log4j/log4j-to-slf4j/2.25.5/log4j-to-slf4j-2.25.5.pom
2026-09-06 09:26:06,051 [Worker-56: Import Getting Started Content] INFO  o.e.m.c.i.e.AbstractTransferListenerAdapter - Downloaded https://repo.maven.apache.org/maven2/org/apache/logging/log4j/log4j-to-slf4j/2.25.5/log4j-to-slf4j-2.25.5.pom
2026-09-06 09:26:06,331 [Worker-56: Import Getting Started Content] INFO  o.e.m.c.i.e.AbstractTransferListenerAdapter - Downloading https://repo.maven.apache.org/maven2/org/apache/logging/log4j/log4j/2.25.5/log4j-2.25.5.pom
2026-09-06 09:26:06,340 [Worker-56: Import Getting Started Content] INFO  o.e.m.c.i.e.AbstractTransferListenerAdapter - Downloaded https://repo.maven.apache.org/maven2/org/apache/logging/log4j/log4j/2.25.5/log4j-2.25.5.pom
2026-09-06 09:26:06,559 [Worker-56: Import Getting Started Content] INFO  o.e.m.c.i.e.AbstractTransferListenerAdapter - Downloading https://repo.maven.apache.org/maven2/org/apache/logging/log4j/log4j-api/2.25.5/log4j-api-2.25.5.pom
2026-09-06 09:26:06,575 [Worker-56: Import Getting Started Content] INFO  o.e.m.c.i.e.AbstractTransferListenerAdapter - Downloaded https://repo.maven.apache.org/maven2/org/apache/logging/log4j/log4j-api/2.25.5/log4j-api-2.25.5.pom
2026-09-06 09:26:06,736 [Worker-56: Import Getting Started Content] INFO  o.e.m.c.i.e.AbstractTransferListenerAdapter - Downloading https://repo.maven.apache.org/maven2/org/springframework/boot/spring-boot-autoconfigure/4.0.8/spring-boot-autoconfigure-4.0.8.pom
2026-09-06 09:26:06,740 [Worker-56: Import Getting Started Content] INFO  o.e.m.c.i.e.AbstractTransferListenerAdapter - Downloaded https://repo.maven.apache.org/maven2/org/springframework/boot/spring-boot-autoconfigure/4.0.8/spring-boot-autoconfigure-4.0.8.pom
2026-09-06 09:26:06,944 [Worker-56: Import Getting Started Content] INFO  o.e.m.c.i.e.AbstractTransferListenerAdapter - Downloading https://repo.maven.apache.org/maven2/org/springframework/boot/spring-boot/4.0.8/spring-boot-4.0.8.pom
2026-09-06 09:26:06,960 [Worker-56: Import Getting Started Content] INFO  o.e.m.c.i.e.AbstractTransferListenerAdapter - Downloaded https://repo.maven.apache.org/maven2/org/springframework/boot/spring-boot/4.0.8/spring-boot-4.0.8.pom
2026-09-06 09:26:07,213 [Worker-56: Import Getting Started Content] INFO  o.e.m.c.i.e.AbstractTransferListenerAdapter - Downloading https://repo.maven.apache.org/maven2/org/springframework/spring-core/7.0.9/spring-core-7.0.9.pom
2026-09-06 09:26:07,221 [Worker-56: Import Getting Started Content] INFO  o.e.m.c.i.e.AbstractTransferListenerAdapter - Downloaded https://repo.maven.apache.org/maven2/org/springframework/spring-core/7.0.9/spring-core-7.0.9.pom
2026-09-06 09:26:07,415 [Worker-56: Import Getting Started Content] INFO  o.e.m.c.i.e.AbstractTransferListenerAdapter - Downloading https://repo.maven.apache.org/maven2/org/jspecify/jspecify/1.0.1/jspecify-1.0.1.pom
2026-09-06 09:26:07,423 [Worker-56: Import Getting Started Content] INFO  o.e.m.c.i.e.AbstractTransferListenerAdapter - Downloaded https://repo.maven.apache.org/maven2/org/jspecify/jspecify/1.0.1/jspecify-1.0.1.pom
2026-09-06 09:26:07,629 [Worker-56: Import Getting Started Content] INFO  o.e.m.c.i.e.AbstractTransferListenerAdapter - Downloading https://repo.maven.apache.org/maven2/org/springframework/spring-context/7.0.9/spring-context-7.0.9.pom
2026-09-06 09:26:07,637 [Worker-56: Import Getting Started Content] INFO  o.e.m.c.i.e.AbstractTransferListenerAdapter - Downloaded https://repo.maven.apache.org/maven2/org/springframework/spring-context/7.0.9/spring-context-7.0.9.pom
2026-09-06 09:26:07,867 [Worker-56: Import Getting Started Content] INFO  o.e.m.c.i.e.AbstractTransferListenerAdapter - Downloading https://repo.maven.apache.org/maven2/org/springframework/spring-aop/7.0.9/spring-aop-7.0.9.pom
2026-09-06 09:26:07,873 [Worker-56: Import Getting Started Content] INFO  o.e.m.c.i.e.AbstractTransferListenerAdapter - Downloaded https://repo.maven.apache.org/maven2/org/springframework/spring-aop/7.0.9/spring-aop-7.0.9.pom
2026-09-06 09:26:08,047 [Worker-56: Import Getting Started Content] INFO  o.e.m.c.i.e.AbstractTransferListenerAdapter - Downloading https://repo.maven.apache.org/maven2/org/springframework/spring-beans/7.0.9/spring-beans-7.0.9.pom
2026-09-06 09:26:08,059 [Worker-56: Import Getting Started Content] INFO  o.e.m.c.i.e.AbstractTransferListenerAdapter - Downloaded https://repo.maven.apache.org/maven2/org/springframework/spring-beans/7.0.9/spring-beans-7.0.9.pom
2026-09-06 09:26:08,257 [Worker-56: Import Getting Started Content] INFO  o.e.m.c.i.e.AbstractTransferListenerAdapter - Downloading https://repo.maven.apache.org/maven2/org/springframework/spring-expression/7.0.9/spring-expression-7.0.9.pom
2026-09-06 09:26:08,264 [Worker-56: Import Getting Started Content] INFO  o.e.m.c.i.e.AbstractTransferListenerAdapter - Downloaded https://repo.maven.apache.org/maven2/org/springframework/spring-expression/7.0.9/spring-expression-7.0.9.pom
2026-09-06 09:26:08,587 [Worker-56: Import Getting Started Content] INFO  o.e.m.c.i.e.AbstractTransferListenerAdapter - Downloading https://repo.maven.apache.org/maven2/io/micrometer/micrometer-observation/1.16.7/micrometer-observation-1.16.7.pom
2026-09-06 09:26:08,592 [Worker-56: Import Getting Started Content] INFO  o.e.m.c.i.e.AbstractTransferListenerAdapter - Downloaded https://repo.maven.apache.org/maven2/io/micrometer/micrometer-observation/1.16.7/micrometer-observation-1.16.7.pom
2026-09-06 09:26:08,779 [Worker-56: Import Getting Started Content] INFO  o.e.m.c.i.e.AbstractTransferListenerAdapter - Downloading https://repo.maven.apache.org/maven2/io/micrometer/micrometer-commons/1.16.7/micrometer-commons-1.16.7.pom
2026-09-06 09:26:08,787 [Worker-56: Import Getting Started Content] INFO  o.e.m.c.i.e.AbstractTransferListenerAdapter - Downloaded https://repo.maven.apache.org/maven2/io/micrometer/micrometer-commons/1.16.7/micrometer-commons-1.16.7.pom
2026-09-06 09:26:09,004 [Worker-56: Import Getting Started Content] INFO  o.e.m.c.i.e.AbstractTransferListenerAdapter - Downloading https://repo.maven.apache.org/maven2/org/springframework/boot/spring-boot-starter-jdbc/4.0.8/spring-boot-starter-jdbc-4.0.8.pom
2026-09-06 09:26:09,010 [Worker-56: Import Getting Started Content] INFO  o.e.m.c.i.e.AbstractTransferListenerAdapter - Downloaded https://repo.maven.apache.org/maven2/org/springframework/boot/spring-boot-starter-jdbc/4.0.8/spring-boot-starter-jdbc-4.0.8.pom
2026-09-06 09:26:09,231 [Worker-56: Import Getting Started Content] INFO  o.e.m.c.i.e.AbstractTransferListenerAdapter - Downloading https://repo.maven.apache.org/maven2/org/springframework/boot/spring-boot-jdbc/4.0.8/spring-boot-jdbc-4.0.8.pom
2026-09-06 09:26:09,237 [Worker-56: Import Getting Started Content] INFO  o.e.m.c.i.e.AbstractTransferListenerAdapter - Downloaded https://repo.maven.apache.org/maven2/org/springframework/boot/spring-boot-jdbc/4.0.8/spring-boot-jdbc-4.0.8.pom
2026-09-06 09:26:09,418 [Worker-56: Import Getting Started Content] INFO  o.e.m.c.i.e.AbstractTransferListenerAdapter - Downloading https://repo.maven.apache.org/maven2/org/springframework/boot/spring-boot-sql/4.0.8/spring-boot-sql-4.0.8.pom
2026-09-06 09:26:09,425 [Worker-56: Import Getting Started Content] INFO  o.e.m.c.i.e.AbstractTransferListenerAdapter - Downloaded https://repo.maven.apache.org/maven2/org/springframework/boot/spring-boot-sql/4.0.8/spring-boot-sql-4.0.8.pom
2026-09-06 09:26:09,598 [Worker-56: Import Getting Started Content] INFO  o.e.m.c.i.e.AbstractTransferListenerAdapter - Downloading https://repo.maven.apache.org/maven2/org/springframework/boot/spring-boot-transaction/4.0.8/spring-boot-transaction-4.0.8.pom
2026-09-06 09:26:09,620 [Worker-56: Import Getting Started Content] INFO  o.e.m.c.i.e.AbstractTransferListenerAdapter - Downloaded https://repo.maven.apache.org/maven2/org/springframework/boot/spring-boot-transaction/4.0.8/spring-boot-transaction-4.0.8.pom
2026-09-06 09:26:09,809 [Worker-56: Import Getting Started Content] INFO  o.e.m.c.i.e.AbstractTransferListenerAdapter - Downloading https://repo.maven.apache.org/maven2/org/springframework/boot/spring-boot-persistence/4.0.8/spring-boot-persistence-4.0.8.pom
2026-09-06 09:26:09,813 [Worker-56: Import Getting Started Content] INFO  o.e.m.c.i.e.AbstractTransferListenerAdapter - Downloaded https://repo.maven.apache.org/maven2/org/springframework/boot/spring-boot-persistence/4.0.8/spring-boot-persistence-4.0.8.pom
2026-09-06 09:26:10,118 [Worker-56: Import Getting Started Content] INFO  o.e.m.c.i.e.AbstractTransferListenerAdapter - Downloading https://repo.maven.apache.org/maven2/org/springframework/spring-tx/7.0.9/spring-tx-7.0.9.pom
2026-09-06 09:26:10,131 [Worker-56: Import Getting Started Content] INFO  o.e.m.c.i.e.AbstractTransferListenerAdapter - Downloaded https://repo.maven.apache.org/maven2/org/springframework/spring-tx/7.0.9/spring-tx-7.0.9.pom
2026-09-06 09:26:10,426 [Worker-56: Import Getting Started Content] INFO  o.e.m.c.i.e.AbstractTransferListenerAdapter - Downloading https://repo.maven.apache.org/maven2/org/springframework/spring-jdbc/7.0.9/spring-jdbc-7.0.9.pom
2026-09-06 09:26:10,437 [Worker-56: Import Getting Started Content] INFO  o.e.m.c.i.e.AbstractTransferListenerAdapter - Downloaded https://repo.maven.apache.org/maven2/org/springframework/spring-jdbc/7.0.9/spring-jdbc-7.0.9.pom
2026-09-06 09:26:10,737 [Worker-56: Import Getting Started Content] INFO  o.e.m.c.i.e.AbstractTransferListenerAdapter - Downloading https://repo.maven.apache.org/maven2/org/springframework/boot/spring-boot-data-jpa/4.0.8/spring-boot-data-jpa-4.0.8.pom
2026-09-06 09:26:10,742 [Worker-56: Import Getting Started Content] INFO  o.e.m.c.i.e.AbstractTransferListenerAdapter - Downloaded https://repo.maven.apache.org/maven2/org/springframework/boot/spring-boot-data-jpa/4.0.8/spring-boot-data-jpa-4.0.8.pom
2026-09-06 09:26:11,142 [Worker-56: Import Getting Started Content] INFO  o.e.m.c.i.e.AbstractTransferListenerAdapter - Downloading https://repo.maven.apache.org/maven2/org/springframework/boot/spring-boot-data-commons/4.0.8/spring-boot-data-commons-4.0.8.pom
2026-09-06 09:26:11,160 [Worker-56: Import Getting Started Content] INFO  o.e.m.c.i.e.AbstractTransferListenerAdapter - Downloaded https://repo.maven.apache.org/maven2/org/springframework/boot/spring-boot-data-commons/4.0.8/spring-boot-data-commons-4.0.8.pom
2026-09-06 09:26:11,359 [Worker-56: Import Getting Started Content] INFO  o.e.m.c.i.e.AbstractTransferListenerAdapter - Downloading https://repo.maven.apache.org/maven2/org/springframework/data/spring-data-commons/4.0.7/spring-data-commons-4.0.7.pom
2026-09-06 09:26:11,367 [Worker-56: Import Getting Started Content] INFO  o.e.m.c.i.e.AbstractTransferListenerAdapter - Downloaded https://repo.maven.apache.org/maven2/org/springframework/data/spring-data-commons/4.0.7/spring-data-commons-4.0.7.pom
2026-09-06 09:26:11,655 [Worker-56: Import Getting Started Content] INFO  o.e.m.c.i.e.AbstractTransferListenerAdapter - Downloading https://repo.maven.apache.org/maven2/org/springframework/data/build/spring-data-parent/4.0.7/spring-data-parent-4.0.7.pom
2026-09-06 09:26:11,665 [Worker-56: Import Getting Started Content] INFO  o.e.m.c.i.e.AbstractTransferListenerAdapter - Downloaded https://repo.maven.apache.org/maven2/org/springframework/data/build/spring-data-parent/4.0.7/spring-data-parent-4.0.7.pom
2026-09-06 09:26:11,860 [Worker-56: Import Getting Started Content] INFO  o.e.m.c.i.e.AbstractTransferListenerAdapter - Downloading https://repo.maven.apache.org/maven2/org/springframework/data/build/spring-data-build/4.0.7/spring-data-build-4.0.7.pom
2026-09-06 09:26:11,868 [Worker-56: Import Getting Started Content] INFO  o.e.m.c.i.e.AbstractTransferListenerAdapter - Downloaded https://repo.maven.apache.org/maven2/org/springframework/data/build/spring-data-build/4.0.7/spring-data-build-4.0.7.pom
2026-09-06 09:26:12,071 [Worker-56: Import Getting Started Content] INFO  o.e.m.c.i.e.AbstractTransferListenerAdapter - Downloading https://repo.maven.apache.org/maven2/io/micrometer/micrometer-tracing-bom/1.6.7/micrometer-tracing-bom-1.6.7.pom
2026-09-06 09:26:12,079 [Worker-56: Import Getting Started Content] INFO  o.e.m.c.i.e.AbstractTransferListenerAdapter - Downloaded https://repo.maven.apache.org/maven2/io/micrometer/micrometer-tracing-bom/1.6.7/micrometer-tracing-bom-1.6.7.pom
2026-09-06 09:26:12,705 [Worker-56: Import Getting Started Content] INFO  o.e.m.c.i.e.AbstractTransferListenerAdapter - Downloading https://repo.maven.apache.org/maven2/org/springframework/boot/spring-boot-hibernate/4.0.8/spring-boot-hibernate-4.0.8.pom
2026-09-06 09:26:12,711 [Worker-56: Import Getting Started Content] INFO  o.e.m.c.i.e.AbstractTransferListenerAdapter - Downloaded https://repo.maven.apache.org/maven2/org/springframework/boot/spring-boot-hibernate/4.0.8/spring-boot-hibernate-4.0.8.pom
2026-09-06 09:26:12,894 [Worker-56: Import Getting Started Content] INFO  o.e.m.c.i.e.AbstractTransferListenerAdapter - Downloading https://repo.maven.apache.org/maven2/org/springframework/boot/spring-boot-jpa/4.0.8/spring-boot-jpa-4.0.8.pom
2026-09-06 09:26:12,900 [Worker-56: Import Getting Started Content] INFO  o.e.m.c.i.e.AbstractTransferListenerAdapter - Downloaded https://repo.maven.apache.org/maven2/org/springframework/boot/spring-boot-jpa/4.0.8/spring-boot-jpa-4.0.8.pom
2026-09-06 09:26:13,207 [Worker-56: Import Getting Started Content] INFO  o.e.m.c.i.e.AbstractTransferListenerAdapter - Downloading https://repo.maven.apache.org/maven2/org/springframework/spring-orm/7.0.9/spring-orm-7.0.9.pom
2026-09-06 09:26:13,214 [Worker-56: Import Getting Started Content] INFO  o.e.m.c.i.e.AbstractTransferListenerAdapter - Downloaded https://repo.maven.apache.org/maven2/org/springframework/spring-orm/7.0.9/spring-orm-7.0.9.pom
2026-09-06 09:26:13,511 [Worker-56: Import Getting Started Content] INFO  o.e.m.c.i.e.AbstractTransferListenerAdapter - Downloading https://repo.maven.apache.org/maven2/org/hibernate/orm/hibernate-core/7.2.24.Final/hibernate-core-7.2.24.Final.pom
2026-09-06 09:26:13,519 [Worker-56: Import Getting Started Content] INFO  o.e.m.c.i.e.AbstractTransferListenerAdapter - Downloaded https://repo.maven.apache.org/maven2/org/hibernate/orm/hibernate-core/7.2.24.Final/hibernate-core-7.2.24.Final.pom
2026-09-06 09:26:14,009 [Worker-56: Import Getting Started Content] INFO  o.e.m.c.i.e.AbstractTransferListenerAdapter - Downloading https://repo.maven.apache.org/maven2/org/springframework/data/spring-data-jpa/4.0.7/spring-data-jpa-4.0.7.pom
2026-09-06 09:26:14,014 [Worker-56: Import Getting Started Content] INFO  o.e.m.c.i.e.AbstractTransferListenerAdapter - Downloaded https://repo.maven.apache.org/maven2/org/springframework/data/spring-data-jpa/4.0.7/spring-data-jpa-4.0.7.pom
2026-09-06 09:26:14,184 [Worker-56: Import Getting Started Content] INFO  o.e.m.c.i.e.AbstractTransferListenerAdapter - Downloading https://repo.maven.apache.org/maven2/org/springframework/data/spring-data-jpa-parent/4.0.7/spring-data-jpa-parent-4.0.7.pom
2026-09-06 09:26:14,193 [Worker-56: Import Getting Started Content] INFO  o.e.m.c.i.e.AbstractTransferListenerAdapter - Downloaded https://repo.maven.apache.org/maven2/org/springframework/data/spring-data-jpa-parent/4.0.7/spring-data-jpa-parent-4.0.7.pom
2026-09-06 09:26:14,622 [Worker-56: Import Getting Started Content] INFO  o.e.m.c.i.e.AbstractTransferListenerAdapter - Downloading https://repo.maven.apache.org/maven2/org/springframework/spring-aspects/7.0.9/spring-aspects-7.0.9.pom
2026-09-06 09:26:14,626 [Worker-56: Import Getting Started Content] INFO  o.e.m.c.i.e.AbstractTransferListenerAdapter - Downloaded https://repo.maven.apache.org/maven2/org/springframework/spring-aspects/7.0.9/spring-aspects-7.0.9.pom
2026-09-06 09:26:14,932 [Worker-56: Import Getting Started Content] INFO  o.e.m.c.i.e.AbstractTransferListenerAdapter - Downloading https://repo.maven.apache.org/maven2/org/springframework/boot/spring-boot-starter-webmvc/4.0.8/spring-boot-starter-webmvc-4.0.8.pom
2026-09-06 09:26:14,956 [Worker-56: Import Getting Started Content] INFO  o.e.m.c.i.e.AbstractTransferListenerAdapter - Downloaded https://repo.maven.apache.org/maven2/org/springframework/boot/spring-boot-starter-webmvc/4.0.8/spring-boot-starter-webmvc-4.0.8.pom
2026-09-06 09:26:15,250 [Worker-56: Import Getting Started Content] INFO  o.e.m.c.i.e.AbstractTransferListenerAdapter - Downloading https://repo.maven.apache.org/maven2/org/springframework/boot/spring-boot-starter-jackson/4.0.8/spring-boot-starter-jackson-4.0.8.pom
2026-09-06 09:26:15,256 [Worker-56: Import Getting Started Content] INFO  o.e.m.c.i.e.AbstractTransferListenerAdapter - Downloaded https://repo.maven.apache.org/maven2/org/springframework/boot/spring-boot-starter-jackson/4.0.8/spring-boot-starter-jackson-4.0.8.pom
2026-09-06 09:26:15,852 [Worker-56: Import Getting Started Content] INFO  o.e.m.c.i.e.AbstractTransferListenerAdapter - Downloading https://repo.maven.apache.org/maven2/org/springframework/boot/spring-boot-jackson/4.0.8/spring-boot-jackson-4.0.8.pom
2026-09-06 09:26:15,873 [Worker-56: Import Getting Started Content] INFO  o.e.m.c.i.e.AbstractTransferListenerAdapter - Downloaded https://repo.maven.apache.org/maven2/org/springframework/boot/spring-boot-jackson/4.0.8/spring-boot-jackson-4.0.8.pom
2026-09-06 09:26:16,172 [Worker-56: Import Getting Started Content] INFO  o.e.m.c.i.e.AbstractTransferListenerAdapter - Downloading https://repo.maven.apache.org/maven2/tools/jackson/core/jackson-databind/3.1.5/jackson-databind-3.1.5.pom
2026-09-06 09:26:16,178 [Worker-56: Import Getting Started Content] INFO  o.e.m.c.i.e.AbstractTransferListenerAdapter - Downloaded https://repo.maven.apache.org/maven2/tools/jackson/core/jackson-databind/3.1.5/jackson-databind-3.1.5.pom
2026-09-06 09:26:16,386 [Worker-56: Import Getting Started Content] INFO  o.e.m.c.i.e.AbstractTransferListenerAdapter - Downloading https://repo.maven.apache.org/maven2/tools/jackson/jackson-base/3.1.5/jackson-base-3.1.5.pom
2026-09-06 09:26:16,395 [Worker-56: Import Getting Started Content] INFO  o.e.m.c.i.e.AbstractTransferListenerAdapter - Downloaded https://repo.maven.apache.org/maven2/tools/jackson/jackson-base/3.1.5/jackson-base-3.1.5.pom
2026-09-06 09:26:16,891 [Worker-56: Import Getting Started Content] INFO  o.e.m.c.i.e.AbstractTransferListenerAdapter - Downloading https://repo.maven.apache.org/maven2/tools/jackson/core/jackson-core/3.1.5/jackson-core-3.1.5.pom
2026-09-06 09:26:16,897 [Worker-56: Import Getting Started Content] INFO  o.e.m.c.i.e.AbstractTransferListenerAdapter - Downloaded https://repo.maven.apache.org/maven2/tools/jackson/core/jackson-core/3.1.5/jackson-core-3.1.5.pom
2026-09-06 09:26:17,089 [Worker-56: Import Getting Started Content] INFO  o.e.m.c.i.e.AbstractTransferListenerAdapter - Downloading https://repo.maven.apache.org/maven2/org/springframework/boot/spring-boot-starter-tomcat/4.0.8/spring-boot-starter-tomcat-4.0.8.pom
2026-09-06 09:26:17,098 [Worker-56: Import Getting Started Content] INFO  o.e.m.c.i.e.AbstractTransferListenerAdapter - Downloaded https://repo.maven.apache.org/maven2/org/springframework/boot/spring-boot-starter-tomcat/4.0.8/spring-boot-starter-tomcat-4.0.8.pom
2026-09-06 09:26:17,400 [Worker-56: Import Getting Started Content] INFO  o.e.m.c.i.e.AbstractTransferListenerAdapter - Downloading https://repo.maven.apache.org/maven2/org/springframework/boot/spring-boot-starter-tomcat-runtime/4.0.8/spring-boot-starter-tomcat-runtime-4.0.8.pom
2026-09-06 09:26:17,407 [Worker-56: Import Getting Started Content] INFO  o.e.m.c.i.e.AbstractTransferListenerAdapter - Downloaded https://repo.maven.apache.org/maven2/org/springframework/boot/spring-boot-starter-tomcat-runtime/4.0.8/spring-boot-starter-tomcat-runtime-4.0.8.pom
2026-09-06 09:26:17,799 [Worker-56: Import Getting Started Content] INFO  o.e.m.c.i.e.AbstractTransferListenerAdapter - Downloading https://repo.maven.apache.org/maven2/org/springframework/boot/spring-boot-tomcat/4.0.8/spring-boot-tomcat-4.0.8.pom
2026-09-06 09:26:17,820 [Worker-56: Import Getting Started Content] INFO  o.e.m.c.i.e.AbstractTransferListenerAdapter - Downloaded https://repo.maven.apache.org/maven2/org/springframework/boot/spring-boot-tomcat/4.0.8/spring-boot-tomcat-4.0.8.pom
2026-09-06 09:26:18,104 [Worker-56: Import Getting Started Content] INFO  o.e.m.c.i.e.AbstractTransferListenerAdapter - Downloading https://repo.maven.apache.org/maven2/org/springframework/boot/spring-boot-web-server/4.0.8/spring-boot-web-server-4.0.8.pom
2026-09-06 09:26:18,108 [Worker-56: Import Getting Started Content] INFO  o.e.m.c.i.e.AbstractTransferListenerAdapter - Downloaded https://repo.maven.apache.org/maven2/org/springframework/boot/spring-boot-web-server/4.0.8/spring-boot-web-server-4.0.8.pom
2026-09-06 09:26:18,412 [Worker-56: Import Getting Started Content] INFO  o.e.m.c.i.e.AbstractTransferListenerAdapter - Downloading https://repo.maven.apache.org/maven2/org/apache/tomcat/embed/tomcat-embed-core/11.0.24/tomcat-embed-core-11.0.24.pom
2026-09-06 09:26:18,433 [Worker-56: Import Getting Started Content] INFO  o.e.m.c.i.e.AbstractTransferListenerAdapter - Downloaded https://repo.maven.apache.org/maven2/org/apache/tomcat/embed/tomcat-embed-core/11.0.24/tomcat-embed-core-11.0.24.pom
2026-09-06 09:26:19,053 [Worker-56: Import Getting Started Content] INFO  o.e.m.c.i.e.AbstractTransferListenerAdapter - Downloading https://repo.maven.apache.org/maven2/org/apache/tomcat/embed/tomcat-embed-el/11.0.24/tomcat-embed-el-11.0.24.pom
2026-09-06 09:26:19,059 [Worker-56: Import Getting Started Content] INFO  o.e.m.c.i.e.AbstractTransferListenerAdapter - Downloaded https://repo.maven.apache.org/maven2/org/apache/tomcat/embed/tomcat-embed-el/11.0.24/tomcat-embed-el-11.0.24.pom
2026-09-06 09:26:19,346 [Worker-56: Import Getting Started Content] INFO  o.e.m.c.i.e.AbstractTransferListenerAdapter - Downloading https://repo.maven.apache.org/maven2/org/apache/tomcat/embed/tomcat-embed-websocket/11.0.24/tomcat-embed-websocket-11.0.24.pom
2026-09-06 09:26:19,355 [Worker-56: Import Getting Started Content] INFO  o.e.m.c.i.e.AbstractTransferListenerAdapter - Downloaded https://repo.maven.apache.org/maven2/org/apache/tomcat/embed/tomcat-embed-websocket/11.0.24/tomcat-embed-websocket-11.0.24.pom
2026-09-06 09:26:19,742 [Worker-56: Import Getting Started Content] INFO  o.e.m.c.i.e.AbstractTransferListenerAdapter - Downloading https://repo.maven.apache.org/maven2/org/springframework/spring-web/7.0.9/spring-web-7.0.9.pom
2026-09-06 09:26:19,746 [Worker-56: Import Getting Started Content] INFO  o.e.m.c.i.e.AbstractTransferListenerAdapter - Downloaded https://repo.maven.apache.org/maven2/org/springframework/spring-web/7.0.9/spring-web-7.0.9.pom
2026-09-06 09:26:20,166 [Worker-56: Import Getting Started Content] INFO  o.e.m.c.i.e.AbstractTransferListenerAdapter - Downloading https://repo.maven.apache.org/maven2/org/springframework/boot/spring-boot-http-converter/4.0.8/spring-boot-http-converter-4.0.8.pom
2026-09-06 09:26:20,173 [Worker-56: Import Getting Started Content] INFO  o.e.m.c.i.e.AbstractTransferListenerAdapter - Downloaded https://repo.maven.apache.org/maven2/org/springframework/boot/spring-boot-http-converter/4.0.8/spring-boot-http-converter-4.0.8.pom
2026-09-06 09:26:20,766 [Worker-56: Import Getting Started Content] INFO  o.e.m.c.i.e.AbstractTransferListenerAdapter - Downloading https://repo.maven.apache.org/maven2/org/springframework/boot/spring-boot-webmvc/4.0.8/spring-boot-webmvc-4.0.8.pom
2026-09-06 09:26:20,771 [Worker-56: Import Getting Started Content] INFO  o.e.m.c.i.e.AbstractTransferListenerAdapter - Downloaded https://repo.maven.apache.org/maven2/org/springframework/boot/spring-boot-webmvc/4.0.8/spring-boot-webmvc-4.0.8.pom
2026-09-06 09:26:20,972 [Worker-56: Import Getting Started Content] INFO  o.e.m.c.i.e.AbstractTransferListenerAdapter - Downloading https://repo.maven.apache.org/maven2/org/springframework/boot/spring-boot-servlet/4.0.8/spring-boot-servlet-4.0.8.pom
2026-09-06 09:26:20,991 [Worker-56: Import Getting Started Content] INFO  o.e.m.c.i.e.AbstractTransferListenerAdapter - Downloaded https://repo.maven.apache.org/maven2/org/springframework/boot/spring-boot-servlet/4.0.8/spring-boot-servlet-4.0.8.pom
2026-09-06 09:26:21,292 [Worker-56: Import Getting Started Content] INFO  o.e.m.c.i.e.AbstractTransferListenerAdapter - Downloading https://repo.maven.apache.org/maven2/org/springframework/spring-webmvc/7.0.9/spring-webmvc-7.0.9.pom
2026-09-06 09:26:21,300 [Worker-56: Import Getting Started Content] INFO  o.e.m.c.i.e.AbstractTransferListenerAdapter - Downloaded https://repo.maven.apache.org/maven2/org/springframework/spring-webmvc/7.0.9/spring-webmvc-7.0.9.pom
2026-09-06 09:26:21,690 [Worker-56: Import Getting Started Content] INFO  o.e.m.c.i.e.AbstractTransferListenerAdapter - Downloading https://repo.maven.apache.org/maven2/org/springframework/boot/spring-boot-starter-data-jpa-test/4.0.8/spring-boot-starter-data-jpa-test-4.0.8.pom
2026-09-06 09:26:21,710 [Worker-56: Import Getting Started Content] INFO  o.e.m.c.i.e.AbstractTransferListenerAdapter - Downloaded https://repo.maven.apache.org/maven2/org/springframework/boot/spring-boot-starter-data-jpa-test/4.0.8/spring-boot-starter-data-jpa-test-4.0.8.pom
2026-09-06 09:26:22,429 [Worker-56: Import Getting Started Content] INFO  o.e.m.c.i.e.AbstractTransferListenerAdapter - Downloading https://repo.maven.apache.org/maven2/org/springframework/boot/spring-boot-starter-test/4.0.8/spring-boot-starter-test-4.0.8.pom
2026-09-06 09:26:22,436 [Worker-56: Import Getting Started Content] INFO  o.e.m.c.i.e.AbstractTransferListenerAdapter - Downloaded https://repo.maven.apache.org/maven2/org/springframework/boot/spring-boot-starter-test/4.0.8/spring-boot-starter-test-4.0.8.pom
2026-09-06 09:26:22,598 [Worker-56: Import Getting Started Content] INFO  o.e.m.c.i.e.AbstractTransferListenerAdapter - Downloading https://repo.maven.apache.org/maven2/org/springframework/boot/spring-boot-test/4.0.8/spring-boot-test-4.0.8.pom
2026-09-06 09:26:22,606 [Worker-56: Import Getting Started Content] INFO  o.e.m.c.i.e.AbstractTransferListenerAdapter - Downloaded https://repo.maven.apache.org/maven2/org/springframework/boot/spring-boot-test/4.0.8/spring-boot-test-4.0.8.pom
2026-09-06 09:26:22,768 [Worker-56: Import Getting Started Content] INFO  o.e.m.c.i.e.AbstractTransferListenerAdapter - Downloading https://repo.maven.apache.org/maven2/org/springframework/spring-test/7.0.9/spring-test-7.0.9.pom
2026-09-06 09:26:22,802 [Worker-56: Import Getting Started Content] INFO  o.e.m.c.i.e.AbstractTransferListenerAdapter - Downloaded https://repo.maven.apache.org/maven2/org/springframework/spring-test/7.0.9/spring-test-7.0.9.pom
2026-09-06 09:26:23,034 [Worker-56: Import Getting Started Content] INFO  o.e.m.c.i.e.AbstractTransferListenerAdapter - Downloading https://repo.maven.apache.org/maven2/org/springframework/boot/spring-boot-test-autoconfigure/4.0.8/spring-boot-test-autoconfigure-4.0.8.pom
2026-09-06 09:26:23,041 [Worker-56: Import Getting Started Content] INFO  o.e.m.c.i.e.AbstractTransferListenerAdapter - Downloaded https://repo.maven.apache.org/maven2/org/springframework/boot/spring-boot-test-autoconfigure/4.0.8/spring-boot-test-autoconfigure-4.0.8.pom
2026-09-06 09:26:23,340 [Worker-56: Import Getting Started Content] INFO  o.e.m.c.i.e.AbstractTransferListenerAdapter - Downloading https://repo.maven.apache.org/maven2/org/springframework/boot/spring-boot-starter-jdbc-test/4.0.8/spring-boot-starter-jdbc-test-4.0.8.pom
2026-09-06 09:26:23,347 [Worker-56: Import Getting Started Content] INFO  o.e.m.c.i.e.AbstractTransferListenerAdapter - Downloaded https://repo.maven.apache.org/maven2/org/springframework/boot/spring-boot-starter-jdbc-test/4.0.8/spring-boot-starter-jdbc-test-4.0.8.pom
2026-09-06 09:26:23,553 [Worker-56: Import Getting Started Content] INFO  o.e.m.c.i.e.AbstractTransferListenerAdapter - Downloading https://repo.maven.apache.org/maven2/org/springframework/boot/spring-boot-jdbc-test/4.0.8/spring-boot-jdbc-test-4.0.8.pom
2026-09-06 09:26:23,559 [Worker-56: Import Getting Started Content] INFO  o.e.m.c.i.e.AbstractTransferListenerAdapter - Downloaded https://repo.maven.apache.org/maven2/org/springframework/boot/spring-boot-jdbc-test/4.0.8/spring-boot-jdbc-test-4.0.8.pom
2026-09-06 09:26:23,723 [Worker-56: Import Getting Started Content] INFO  o.e.m.c.i.e.AbstractTransferListenerAdapter - Downloading https://repo.maven.apache.org/maven2/org/springframework/boot/spring-boot-data-jpa-test/4.0.8/spring-boot-data-jpa-test-4.0.8.pom
2026-09-06 09:26:23,746 [Worker-56: Import Getting Started Content] INFO  o.e.m.c.i.e.AbstractTransferListenerAdapter - Downloaded https://repo.maven.apache.org/maven2/org/springframework/boot/spring-boot-data-jpa-test/4.0.8/spring-boot-data-jpa-test-4.0.8.pom
2026-09-06 09:26:23,909 [Worker-56: Import Getting Started Content] INFO  o.e.m.c.i.e.AbstractTransferListenerAdapter - Downloading https://repo.maven.apache.org/maven2/org/springframework/boot/spring-boot-jpa-test/4.0.8/spring-boot-jpa-test-4.0.8.pom
2026-09-06 09:26:23,917 [Worker-56: Import Getting Started Content] INFO  o.e.m.c.i.e.AbstractTransferListenerAdapter - Downloaded https://repo.maven.apache.org/maven2/org/springframework/boot/spring-boot-jpa-test/4.0.8/spring-boot-jpa-test-4.0.8.pom
2026-09-06 09:26:24,085 [Worker-56: Import Getting Started Content] INFO  o.e.m.c.i.e.AbstractTransferListenerAdapter - Downloading https://repo.maven.apache.org/maven2/org/springframework/boot/spring-boot-starter-webmvc-test/4.0.8/spring-boot-starter-webmvc-test-4.0.8.pom
2026-09-06 09:26:24,091 [Worker-56: Import Getting Started Content] INFO  o.e.m.c.i.e.AbstractTransferListenerAdapter - Downloaded https://repo.maven.apache.org/maven2/org/springframework/boot/spring-boot-starter-webmvc-test/4.0.8/spring-boot-starter-webmvc-test-4.0.8.pom
2026-09-06 09:26:24,352 [Worker-56: Import Getting Started Content] INFO  o.e.m.c.i.e.AbstractTransferListenerAdapter - Downloading https://repo.maven.apache.org/maven2/org/springframework/boot/spring-boot-starter-jackson-test/4.0.8/spring-boot-starter-jackson-test-4.0.8.pom
2026-09-06 09:26:24,358 [Worker-56: Import Getting Started Content] INFO  o.e.m.c.i.e.AbstractTransferListenerAdapter - Downloaded https://repo.maven.apache.org/maven2/org/springframework/boot/spring-boot-starter-jackson-test/4.0.8/spring-boot-starter-jackson-test-4.0.8.pom
2026-09-06 09:26:24,526 [Worker-56: Import Getting Started Content] INFO  o.e.m.c.i.e.AbstractTransferListenerAdapter - Downloading https://repo.maven.apache.org/maven2/org/springframework/boot/spring-boot-webmvc-test/4.0.8/spring-boot-webmvc-test-4.0.8.pom
2026-09-06 09:26:24,547 [Worker-56: Import Getting Started Content] INFO  o.e.m.c.i.e.AbstractTransferListenerAdapter - Downloaded https://repo.maven.apache.org/maven2/org/springframework/boot/spring-boot-webmvc-test/4.0.8/spring-boot-webmvc-test-4.0.8.pom
2026-09-06 09:26:24,876 [Worker-56: Import Getting Started Content] INFO  o.e.m.c.i.e.AbstractTransferListenerAdapter - Downloading https://repo.maven.apache.org/maven2/org/springframework/boot/spring-boot-resttestclient/4.0.8/spring-boot-resttestclient-4.0.8.pom
2026-09-06 09:26:24,884 [Worker-56: Import Getting Started Content] INFO  o.e.m.c.i.e.AbstractTransferListenerAdapter - Downloaded https://repo.maven.apache.org/maven2/org/springframework/boot/spring-boot-resttestclient/4.0.8/spring-boot-resttestclient-4.0.8.pom
2026-09-06 09:26:25,118 [Worker-56: Import Getting Started Content] INFO  o.e.m.c.i.e.AbstractTransferListenerAdapter - Downloading https://repo.maven.apache.org/maven2/org/springframework/boot/spring-boot-starter-data-jpa/4.0.8/spring-boot-starter-data-jpa-4.0.8.jar
2026-09-06 09:26:25,137 [Worker-56: Import Getting Started Content] INFO  o.e.m.c.i.e.AbstractTransferListenerAdapter - Downloaded https://repo.maven.apache.org/maven2/org/springframework/boot/spring-boot-starter-data-jpa/4.0.8/spring-boot-starter-data-jpa-4.0.8.jar
2026-09-06 09:26:25,375 [BasicRepositoryConnector-repo.maven.apache.org-1-1] INFO  o.e.m.c.i.e.AbstractTransferListenerAdapter - Downloading https://repo.maven.apache.org/maven2/org/springframework/boot/spring-boot-starter-logging/4.0.8/spring-boot-starter-logging-4.0.8.jar
2026-09-06 09:26:25,380 [BasicRepositoryConnector-repo.maven.apache.org-1-1] INFO  o.e.m.c.i.e.AbstractTransferListenerAdapter - Downloaded https://repo.maven.apache.org/maven2/org/springframework/boot/spring-boot-starter-logging/4.0.8/spring-boot-starter-logging-4.0.8.jar
2026-09-06 09:26:25,612 [BasicRepositoryConnector-repo.maven.apache.org-1-1] INFO  o.e.m.c.i.e.AbstractTransferListenerAdapter - Downloading https://repo.maven.apache.org/maven2/org/apache/logging/log4j/log4j-api/2.25.5/log4j-api-2.25.5.jar
2026-09-06 09:26:26,066 [BasicRepositoryConnector-repo.maven.apache.org-1-2] INFO  o.e.m.c.i.e.AbstractTransferListenerAdapter - Downloading https://repo.maven.apache.org/maven2/ch/qos/logback/logback-classic/1.5.38/logback-classic-1.5.38.jar
2026-09-06 09:26:26,195 [BasicRepositoryConnector-repo.maven.apache.org-1-0] INFO  o.e.m.c.i.e.AbstractTransferListenerAdapter - Downloading https://repo.maven.apache.org/maven2/org/springframework/boot/spring-boot-starter/4.0.8/spring-boot-starter-4.0.8.jar
2026-09-06 09:26:26,201 [BasicRepositoryConnector-repo.maven.apache.org-1-0] INFO  o.e.m.c.i.e.AbstractTransferListenerAdapter - Downloaded https://repo.maven.apache.org/maven2/org/springframework/boot/spring-boot-starter/4.0.8/spring-boot-starter-4.0.8.jar
2026-09-06 09:26:26,222 [BasicRepositoryConnector-repo.maven.apache.org-1-4] INFO  o.e.m.c.i.e.AbstractTransferListenerAdapter - Downloading https://repo.maven.apache.org/maven2/org/apache/logging/log4j/log4j-to-slf4j/2.25.5/log4j-to-slf4j-2.25.5.jar
2026-09-06 09:26:26,223 [BasicRepositoryConnector-repo.maven.apache.org-1-3] INFO  o.e.m.c.i.e.AbstractTransferListenerAdapter - Downloading https://repo.maven.apache.org/maven2/ch/qos/logback/logback-core/1.5.38/logback-core-1.5.38.jar
2026-09-06 09:26:26,263 [BasicRepositoryConnector-repo.maven.apache.org-1-4] INFO  o.e.m.c.i.e.AbstractTransferListenerAdapter - Downloaded https://repo.maven.apache.org/maven2/org/apache/logging/log4j/log4j-to-slf4j/2.25.5/log4j-to-slf4j-2.25.5.jar
2026-09-06 09:26:26,338 [BasicRepositoryConnector-repo.maven.apache.org-1-1] INFO  o.e.m.c.i.e.AbstractTransferListenerAdapter - Downloaded https://repo.maven.apache.org/maven2/org/apache/logging/log4j/log4j-api/2.25.5/log4j-api-2.25.5.jar
2026-09-06 09:26:26,349 [BasicRepositoryConnector-repo.maven.apache.org-1-2] INFO  o.e.m.c.i.e.AbstractTransferListenerAdapter - Downloaded https://repo.maven.apache.org/maven2/ch/qos/logback/logback-classic/1.5.38/logback-classic-1.5.38.jar
2026-09-06 09:26:26,459 [BasicRepositoryConnector-repo.maven.apache.org-1-0] INFO  o.e.m.c.i.e.AbstractTransferListenerAdapter - Downloading https://repo.maven.apache.org/maven2/org/springframework/boot/spring-boot-autoconfigure/4.0.8/spring-boot-autoconfigure-4.0.8.jar
2026-09-06 09:26:26,608 [BasicRepositoryConnector-repo.maven.apache.org-1-1] INFO  o.e.m.c.i.e.AbstractTransferListenerAdapter - Downloading https://repo.maven.apache.org/maven2/org/springframework/boot/spring-boot-data-jpa/4.0.8/spring-boot-data-jpa-4.0.8.jar
2026-09-06 09:26:26,608 [BasicRepositoryConnector-repo.maven.apache.org-1-2] INFO  o.e.m.c.i.e.AbstractTransferListenerAdapter - Downloading https://repo.maven.apache.org/maven2/org/springframework/boot/spring-boot-data-commons/4.0.8/spring-boot-data-commons-4.0.8.jar
2026-09-06 09:26:26,615 [BasicRepositoryConnector-repo.maven.apache.org-1-1] INFO  o.e.m.c.i.e.AbstractTransferListenerAdapter - Downloaded https://repo.maven.apache.org/maven2/org/springframework/boot/spring-boot-data-jpa/4.0.8/spring-boot-data-jpa-4.0.8.jar
2026-09-06 09:26:26,868 [BasicRepositoryConnector-repo.maven.apache.org-1-2] INFO  o.e.m.c.i.e.AbstractTransferListenerAdapter - Downloaded https://repo.maven.apache.org/maven2/org/springframework/boot/spring-boot-data-commons/4.0.8/spring-boot-data-commons-4.0.8.jar
2026-09-06 09:26:26,872 [BasicRepositoryConnector-repo.maven.apache.org-1-4] INFO  o.e.m.c.i.e.AbstractTransferListenerAdapter - Downloading https://repo.maven.apache.org/maven2/org/springframework/boot/spring-boot-starter-jdbc/4.0.8/spring-boot-starter-jdbc-4.0.8.jar
2026-09-06 09:26:26,888 [BasicRepositoryConnector-repo.maven.apache.org-1-4] INFO  o.e.m.c.i.e.AbstractTransferListenerAdapter - Downloaded https://repo.maven.apache.org/maven2/org/springframework/boot/spring-boot-starter-jdbc/4.0.8/spring-boot-starter-jdbc-4.0.8.jar
2026-09-06 09:26:34,083 [BasicRepositoryConnector-repo.maven.apache.org-1-1] INFO  o.e.m.c.i.e.AbstractTransferListenerAdapter - Downloading https://repo.maven.apache.org/maven2/org/springframework/boot/spring-boot-persistence/4.0.8/spring-boot-persistence-4.0.8.jar
2026-09-06 09:26:34,289 [BasicRepositoryConnector-repo.maven.apache.org-1-1] INFO  o.e.m.c.i.e.AbstractTransferListenerAdapter - Downloaded https://repo.maven.apache.org/maven2/org/springframework/boot/spring-boot-persistence/4.0.8/spring-boot-persistence-4.0.8.jar
2026-09-06 09:26:34,336 [BasicRepositoryConnector-repo.maven.apache.org-1-2] INFO  o.e.m.c.i.e.AbstractTransferListenerAdapter - Downloading https://repo.maven.apache.org/maven2/org/springframework/data/spring-data-commons/4.0.7/spring-data-commons-4.0.7.jar
2026-09-06 09:26:34,465 [BasicRepositoryConnector-repo.maven.apache.org-1-4] INFO  o.e.m.c.i.e.AbstractTransferListenerAdapter - Downloading https://repo.maven.apache.org/maven2/org/springframework/boot/spring-boot-hibernate/4.0.8/spring-boot-hibernate-4.0.8.jar
2026-09-06 09:26:34,490 [BasicRepositoryConnector-repo.maven.apache.org-1-4] INFO  o.e.m.c.i.e.AbstractTransferListenerAdapter - Downloaded https://repo.maven.apache.org/maven2/org/springframework/boot/spring-boot-hibernate/4.0.8/spring-boot-hibernate-4.0.8.jar
2026-09-06 09:26:34,515 [BasicRepositoryConnector-repo.maven.apache.org-1-1] INFO  o.e.m.c.i.e.AbstractTransferListenerAdapter - Downloading https://repo.maven.apache.org/maven2/org/springframework/boot/spring-boot-jpa/4.0.8/spring-boot-jpa-4.0.8.jar
2026-09-06 09:26:34,524 [BasicRepositoryConnector-repo.maven.apache.org-1-1] INFO  o.e.m.c.i.e.AbstractTransferListenerAdapter - Downloaded https://repo.maven.apache.org/maven2/org/springframework/boot/spring-boot-jpa/4.0.8/spring-boot-jpa-4.0.8.jar
2026-09-06 09:26:34,704 [BasicRepositoryConnector-repo.maven.apache.org-1-1] INFO  o.e.m.c.i.e.AbstractTransferListenerAdapter - Downloading https://repo.maven.apache.org/maven2/org/springframework/spring-orm/7.0.9/spring-orm-7.0.9.jar
2026-09-06 09:26:35,827 [BasicRepositoryConnector-repo.maven.apache.org-1-4] INFO  o.e.m.c.i.e.AbstractTransferListenerAdapter - Downloading https://repo.maven.apache.org/maven2/org/hibernate/orm/hibernate-core/7.2.24.Final/hibernate-core-7.2.24.Final.jar
2026-09-06 09:26:35,885 [BasicRepositoryConnector-repo.maven.apache.org-1-1] INFO  o.e.m.c.i.e.AbstractTransferListenerAdapter - Downloaded https://repo.maven.apache.org/maven2/org/springframework/spring-orm/7.0.9/spring-orm-7.0.9.jar
2026-09-06 09:26:36,048 [BasicRepositoryConnector-repo.maven.apache.org-1-1] INFO  o.e.m.c.i.e.AbstractTransferListenerAdapter - Downloading https://repo.maven.apache.org/maven2/org/springframework/data/spring-data-jpa/4.0.7/spring-data-jpa-4.0.7.jar
2026-09-06 09:26:42,852 [BasicRepositoryConnector-repo.maven.apache.org-1-0] INFO  o.e.m.c.i.e.AbstractTransferListenerAdapter - Downloaded https://repo.maven.apache.org/maven2/org/springframework/boot/spring-boot-autoconfigure/4.0.8/spring-boot-autoconfigure-4.0.8.jar
2026-09-06 09:26:44,341 [BasicRepositoryConnector-repo.maven.apache.org-1-0] INFO  o.e.m.c.i.e.AbstractTransferListenerAdapter - Downloading https://repo.maven.apache.org/maven2/org/springframework/spring-context/7.0.9/spring-context-7.0.9.jar
2026-09-06 09:26:44,371 [BasicRepositoryConnector-repo.maven.apache.org-1-2] INFO  o.e.m.c.i.e.AbstractTransferListenerAdapter - Downloaded https://repo.maven.apache.org/maven2/org/springframework/data/spring-data-commons/4.0.7/spring-data-commons-4.0.7.jar
2026-09-06 09:26:44,544 [BasicRepositoryConnector-repo.maven.apache.org-1-2] INFO  o.e.m.c.i.e.AbstractTransferListenerAdapter - Downloading https://repo.maven.apache.org/maven2/org/springframework/spring-aop/7.0.9/spring-aop-7.0.9.jar
2026-09-06 09:26:46,506 [BasicRepositoryConnector-repo.maven.apache.org-1-2] INFO  o.e.m.c.i.e.AbstractTransferListenerAdapter - Downloaded https://repo.maven.apache.org/maven2/org/springframework/spring-aop/7.0.9/spring-aop-7.0.9.jar
2026-09-06 09:26:46,685 [BasicRepositoryConnector-repo.maven.apache.org-1-2] INFO  o.e.m.c.i.e.AbstractTransferListenerAdapter - Downloading https://repo.maven.apache.org/maven2/org/springframework/spring-tx/7.0.9/spring-tx-7.0.9.jar
2026-09-06 09:26:46,945 [BasicRepositoryConnector-repo.maven.apache.org-1-2] INFO  o.e.m.c.i.e.AbstractTransferListenerAdapter - Downloaded https://repo.maven.apache.org/maven2/org/springframework/spring-tx/7.0.9/spring-tx-7.0.9.jar
2026-09-06 09:26:47,120 [BasicRepositoryConnector-repo.maven.apache.org-1-2] INFO  o.e.m.c.i.e.AbstractTransferListenerAdapter - Downloading https://repo.maven.apache.org/maven2/org/springframework/spring-beans/7.0.9/spring-beans-7.0.9.jar
2026-09-06 09:26:47,918 [BasicRepositoryConnector-repo.maven.apache.org-1-2] INFO  o.e.m.c.i.e.AbstractTransferListenerAdapter - Downloaded https://repo.maven.apache.org/maven2/org/springframework/spring-beans/7.0.9/spring-beans-7.0.9.jar
2026-09-06 09:26:48,074 [BasicRepositoryConnector-repo.maven.apache.org-1-2] INFO  o.e.m.c.i.e.AbstractTransferListenerAdapter - Downloading https://repo.maven.apache.org/maven2/org/springframework/spring-aspects/7.0.9/spring-aspects-7.0.9.jar
2026-09-06 09:26:48,119 [BasicRepositoryConnector-repo.maven.apache.org-1-2] INFO  o.e.m.c.i.e.AbstractTransferListenerAdapter - Downloaded https://repo.maven.apache.org/maven2/org/springframework/spring-aspects/7.0.9/spring-aspects-7.0.9.jar
2026-09-06 09:26:48,279 [BasicRepositoryConnector-repo.maven.apache.org-1-2] INFO  o.e.m.c.i.e.AbstractTransferListenerAdapter - Downloading https://repo.maven.apache.org/maven2/org/springframework/boot/spring-boot-jdbc/4.0.8/spring-boot-jdbc-4.0.8.jar
2026-09-06 09:26:48,534 [BasicRepositoryConnector-repo.maven.apache.org-1-2] INFO  o.e.m.c.i.e.AbstractTransferListenerAdapter - Downloaded https://repo.maven.apache.org/maven2/org/springframework/boot/spring-boot-jdbc/4.0.8/spring-boot-jdbc-4.0.8.jar
2026-09-06 09:26:48,714 [BasicRepositoryConnector-repo.maven.apache.org-1-2] INFO  o.e.m.c.i.e.AbstractTransferListenerAdapter - Downloading https://repo.maven.apache.org/maven2/org/springframework/boot/spring-boot/4.0.8/spring-boot-4.0.8.jar
2026-09-06 09:26:52,791 [BasicRepositoryConnector-repo.maven.apache.org-1-2] INFO  o.e.m.c.i.e.AbstractTransferListenerAdapter - Downloaded https://repo.maven.apache.org/maven2/org/springframework/boot/spring-boot/4.0.8/spring-boot-4.0.8.jar
2026-09-06 09:26:52,948 [BasicRepositoryConnector-repo.maven.apache.org-1-2] INFO  o.e.m.c.i.e.AbstractTransferListenerAdapter - Downloading https://repo.maven.apache.org/maven2/org/springframework/boot/spring-boot-sql/4.0.8/spring-boot-sql-4.0.8.jar
2026-09-06 09:26:52,971 [BasicRepositoryConnector-repo.maven.apache.org-1-2] INFO  o.e.m.c.i.e.AbstractTransferListenerAdapter - Downloaded https://repo.maven.apache.org/maven2/org/springframework/boot/spring-boot-sql/4.0.8/spring-boot-sql-4.0.8.jar
2026-09-06 09:26:53,130 [BasicRepositoryConnector-repo.maven.apache.org-1-2] INFO  o.e.m.c.i.e.AbstractTransferListenerAdapter - Downloading https://repo.maven.apache.org/maven2/org/springframework/boot/spring-boot-transaction/4.0.8/spring-boot-transaction-4.0.8.jar
2026-09-06 09:26:53,142 [BasicRepositoryConnector-repo.maven.apache.org-1-2] INFO  o.e.m.c.i.e.AbstractTransferListenerAdapter - Downloaded https://repo.maven.apache.org/maven2/org/springframework/boot/spring-boot-transaction/4.0.8/spring-boot-transaction-4.0.8.jar
2026-09-06 09:26:53,289 [BasicRepositoryConnector-repo.maven.apache.org-1-1] INFO  o.e.m.c.i.e.AbstractTransferListenerAdapter - Downloaded https://repo.maven.apache.org/maven2/org/springframework/data/spring-data-jpa/4.0.7/spring-data-jpa-4.0.7.jar
2026-09-06 09:26:53,314 [BasicRepositoryConnector-repo.maven.apache.org-1-2] INFO  o.e.m.c.i.e.AbstractTransferListenerAdapter - Downloading https://repo.maven.apache.org/maven2/org/springframework/spring-jdbc/7.0.9/spring-jdbc-7.0.9.jar
2026-09-06 09:26:53,356 [BasicRepositoryConnector-repo.maven.apache.org-1-3] INFO  o.e.m.c.i.e.AbstractTransferListenerAdapter - Downloaded https://repo.maven.apache.org/maven2/ch/qos/logback/logback-core/1.5.38/logback-core-1.5.38.jar
2026-09-06 09:26:53,463 [BasicRepositoryConnector-repo.maven.apache.org-1-1] INFO  o.e.m.c.i.e.AbstractTransferListenerAdapter - Downloading https://repo.maven.apache.org/maven2/org/springframework/boot/spring-boot-starter-webmvc/4.0.8/spring-boot-starter-webmvc-4.0.8.jar
2026-09-06 09:26:53,468 [BasicRepositoryConnector-repo.maven.apache.org-1-1] INFO  o.e.m.c.i.e.AbstractTransferListenerAdapter - Downloaded https://repo.maven.apache.org/maven2/org/springframework/boot/spring-boot-starter-webmvc/4.0.8/spring-boot-starter-webmvc-4.0.8.jar
2026-09-06 09:26:54,097 [BasicRepositoryConnector-repo.maven.apache.org-1-3] INFO  o.e.m.c.i.e.AbstractTransferListenerAdapter - Downloading https://repo.maven.apache.org/maven2/org/springframework/boot/spring-boot-starter-jackson/4.0.8/spring-boot-starter-jackson-4.0.8.jar
2026-09-06 09:26:54,104 [BasicRepositoryConnector-repo.maven.apache.org-1-3] INFO  o.e.m.c.i.e.AbstractTransferListenerAdapter - Downloaded https://repo.maven.apache.org/maven2/org/springframework/boot/spring-boot-starter-jackson/4.0.8/spring-boot-starter-jackson-4.0.8.jar
2026-09-06 09:26:54,114 [BasicRepositoryConnector-repo.maven.apache.org-1-1] INFO  o.e.m.c.i.e.AbstractTransferListenerAdapter - Downloading https://repo.maven.apache.org/maven2/org/springframework/boot/spring-boot-jackson/4.0.8/spring-boot-jackson-4.0.8.jar
2026-09-06 09:26:54,144 [BasicRepositoryConnector-repo.maven.apache.org-1-1] INFO  o.e.m.c.i.e.AbstractTransferListenerAdapter - Downloaded https://repo.maven.apache.org/maven2/org/springframework/boot/spring-boot-jackson/4.0.8/spring-boot-jackson-4.0.8.jar
2026-09-06 09:26:54,272 [BasicRepositoryConnector-repo.maven.apache.org-1-2] INFO  o.e.m.c.i.e.AbstractTransferListenerAdapter - Downloaded https://repo.maven.apache.org/maven2/org/springframework/spring-jdbc/7.0.9/spring-jdbc-7.0.9.jar
2026-09-06 09:26:54,337 [BasicRepositoryConnector-repo.maven.apache.org-1-1] INFO  o.e.m.c.i.e.AbstractTransferListenerAdapter - Downloading https://repo.maven.apache.org/maven2/tools/jackson/core/jackson-core/3.1.5/jackson-core-3.1.5.jar
2026-09-06 09:26:54,399 [BasicRepositoryConnector-repo.maven.apache.org-1-3] INFO  o.e.m.c.i.e.AbstractTransferListenerAdapter - Downloading https://repo.maven.apache.org/maven2/tools/jackson/core/jackson-databind/3.1.5/jackson-databind-3.1.5.jar
2026-09-06 09:26:54,515 [BasicRepositoryConnector-repo.maven.apache.org-1-2] INFO  o.e.m.c.i.e.AbstractTransferListenerAdapter - Downloading https://repo.maven.apache.org/maven2/org/springframework/boot/spring-boot-starter-tomcat/4.0.8/spring-boot-starter-tomcat-4.0.8.jar
2026-09-06 09:26:54,519 [BasicRepositoryConnector-repo.maven.apache.org-1-2] INFO  o.e.m.c.i.e.AbstractTransferListenerAdapter - Downloaded https://repo.maven.apache.org/maven2/org/springframework/boot/spring-boot-starter-tomcat/4.0.8/spring-boot-starter-tomcat-4.0.8.jar
2026-09-06 09:27:08,123 [BasicRepositoryConnector-repo.maven.apache.org-1-2] INFO  o.e.m.c.i.e.AbstractTransferListenerAdapter - Downloading https://repo.maven.apache.org/maven2/org/springframework/boot/spring-boot-starter-tomcat-runtime/4.0.8/spring-boot-starter-tomcat-runtime-4.0.8.jar
2026-09-06 09:27:08,129 [BasicRepositoryConnector-repo.maven.apache.org-1-2] INFO  o.e.m.c.i.e.AbstractTransferListenerAdapter - Downloaded https://repo.maven.apache.org/maven2/org/springframework/boot/spring-boot-starter-tomcat-runtime/4.0.8/spring-boot-starter-tomcat-runtime-4.0.8.jar
2026-09-06 09:27:08,312 [BasicRepositoryConnector-repo.maven.apache.org-1-2] INFO  o.e.m.c.i.e.AbstractTransferListenerAdapter - Downloading https://repo.maven.apache.org/maven2/org/apache/tomcat/embed/tomcat-embed-core/11.0.24/tomcat-embed-core-11.0.24.jar
2026-09-06 09:27:11,899 [BasicRepositoryConnector-repo.maven.apache.org-1-3] INFO  o.e.m.c.i.e.AbstractTransferListenerAdapter - Downloaded https://repo.maven.apache.org/maven2/tools/jackson/core/jackson-databind/3.1.5/jackson-databind-3.1.5.jar
2026-09-06 09:27:12,173 [BasicRepositoryConnector-repo.maven.apache.org-1-3] INFO  o.e.m.c.i.e.AbstractTransferListenerAdapter - Downloading https://repo.maven.apache.org/maven2/org/apache/tomcat/embed/tomcat-embed-el/11.0.24/tomcat-embed-el-11.0.24.jar
2026-09-06 09:27:12,344 [BasicRepositoryConnector-repo.maven.apache.org-1-2] INFO  o.e.m.c.i.e.AbstractTransferListenerAdapter - Downloaded https://repo.maven.apache.org/maven2/org/apache/tomcat/embed/tomcat-embed-core/11.0.24/tomcat-embed-core-11.0.24.jar
2026-09-06 09:27:12,411 [BasicRepositoryConnector-repo.maven.apache.org-1-3] INFO  o.e.m.c.i.e.AbstractTransferListenerAdapter - Downloaded https://repo.maven.apache.org/maven2/org/apache/tomcat/embed/tomcat-embed-el/11.0.24/tomcat-embed-el-11.0.24.jar
2026-09-06 09:27:12,520 [BasicRepositoryConnector-repo.maven.apache.org-1-2] INFO  o.e.m.c.i.e.AbstractTransferListenerAdapter - Downloading https://repo.maven.apache.org/maven2/org/apache/tomcat/embed/tomcat-embed-websocket/11.0.24/tomcat-embed-websocket-11.0.24.jar
2026-09-06 09:27:12,665 [BasicRepositoryConnector-repo.maven.apache.org-1-3] INFO  o.e.m.c.i.e.AbstractTransferListenerAdapter - Downloading https://repo.maven.apache.org/maven2/org/springframework/boot/spring-boot-tomcat/4.0.8/spring-boot-tomcat-4.0.8.jar
2026-09-06 09:27:12,690 [BasicRepositoryConnector-repo.maven.apache.org-1-2] INFO  o.e.m.c.i.e.AbstractTransferListenerAdapter - Downloaded https://repo.maven.apache.org/maven2/org/apache/tomcat/embed/tomcat-embed-websocket/11.0.24/tomcat-embed-websocket-11.0.24.jar
2026-09-06 09:27:12,764 [BasicRepositoryConnector-repo.maven.apache.org-1-3] INFO  o.e.m.c.i.e.AbstractTransferListenerAdapter - Downloaded https://repo.maven.apache.org/maven2/org/springframework/boot/spring-boot-tomcat/4.0.8/spring-boot-tomcat-4.0.8.jar
2026-09-06 09:27:12,899 [BasicRepositoryConnector-repo.maven.apache.org-1-2] INFO  o.e.m.c.i.e.AbstractTransferListenerAdapter - Downloading https://repo.maven.apache.org/maven2/org/springframework/boot/spring-boot-http-converter/4.0.8/spring-boot-http-converter-4.0.8.jar
2026-09-06 09:27:12,928 [BasicRepositoryConnector-repo.maven.apache.org-1-2] INFO  o.e.m.c.i.e.AbstractTransferListenerAdapter - Downloaded https://repo.maven.apache.org/maven2/org/springframework/boot/spring-boot-http-converter/4.0.8/spring-boot-http-converter-4.0.8.jar
2026-09-06 09:27:13,037 [BasicRepositoryConnector-repo.maven.apache.org-1-3] INFO  o.e.m.c.i.e.AbstractTransferListenerAdapter - Downloading https://repo.maven.apache.org/maven2/org/springframework/spring-web/7.0.9/spring-web-7.0.9.jar
2026-09-06 09:27:13,086 [BasicRepositoryConnector-repo.maven.apache.org-1-2] INFO  o.e.m.c.i.e.AbstractTransferListenerAdapter - Downloading https://repo.maven.apache.org/maven2/io/micrometer/micrometer-observation/1.16.7/micrometer-observation-1.16.7.jar
2026-09-06 09:27:13,125 [BasicRepositoryConnector-repo.maven.apache.org-1-2] INFO  o.e.m.c.i.e.AbstractTransferListenerAdapter - Downloaded https://repo.maven.apache.org/maven2/io/micrometer/micrometer-observation/1.16.7/micrometer-observation-1.16.7.jar
2026-09-06 09:27:13,294 [BasicRepositoryConnector-repo.maven.apache.org-1-2] INFO  o.e.m.c.i.e.AbstractTransferListenerAdapter - Downloading https://repo.maven.apache.org/maven2/io/micrometer/micrometer-commons/1.16.7/micrometer-commons-1.16.7.jar
2026-09-06 09:27:13,345 [BasicRepositoryConnector-repo.maven.apache.org-1-2] INFO  o.e.m.c.i.e.AbstractTransferListenerAdapter - Downloaded https://repo.maven.apache.org/maven2/io/micrometer/micrometer-commons/1.16.7/micrometer-commons-1.16.7.jar
2026-09-06 09:27:13,520 [BasicRepositoryConnector-repo.maven.apache.org-1-2] INFO  o.e.m.c.i.e.AbstractTransferListenerAdapter - Downloading https://repo.maven.apache.org/maven2/org/springframework/boot/spring-boot-webmvc/4.0.8/spring-boot-webmvc-4.0.8.jar
2026-09-06 09:27:13,626 [BasicRepositoryConnector-repo.maven.apache.org-1-2] INFO  o.e.m.c.i.e.AbstractTransferListenerAdapter - Downloaded https://repo.maven.apache.org/maven2/org/springframework/boot/spring-boot-webmvc/4.0.8/spring-boot-webmvc-4.0.8.jar
2026-09-06 09:27:13,785 [BasicRepositoryConnector-repo.maven.apache.org-1-2] INFO  o.e.m.c.i.e.AbstractTransferListenerAdapter - Downloading https://repo.maven.apache.org/maven2/org/springframework/boot/spring-boot-servlet/4.0.8/spring-boot-servlet-4.0.8.jar
2026-09-06 09:27:13,819 [BasicRepositoryConnector-repo.maven.apache.org-1-2] INFO  o.e.m.c.i.e.AbstractTransferListenerAdapter - Downloaded https://repo.maven.apache.org/maven2/org/springframework/boot/spring-boot-servlet/4.0.8/spring-boot-servlet-4.0.8.jar
2026-09-06 09:27:13,999 [BasicRepositoryConnector-repo.maven.apache.org-1-2] INFO  o.e.m.c.i.e.AbstractTransferListenerAdapter - Downloading https://repo.maven.apache.org/maven2/org/springframework/spring-webmvc/7.0.9/spring-webmvc-7.0.9.jar
2026-09-06 09:27:16,080 [BasicRepositoryConnector-repo.maven.apache.org-1-2] INFO  o.e.m.c.i.e.AbstractTransferListenerAdapter - Downloaded https://repo.maven.apache.org/maven2/org/springframework/spring-webmvc/7.0.9/spring-webmvc-7.0.9.jar
2026-09-06 09:27:16,737 [BasicRepositoryConnector-repo.maven.apache.org-1-2] INFO  o.e.m.c.i.e.AbstractTransferListenerAdapter - Downloading https://repo.maven.apache.org/maven2/org/springframework/spring-expression/7.0.9/spring-expression-7.0.9.jar
2026-09-06 09:27:16,845 [BasicRepositoryConnector-repo.maven.apache.org-1-2] INFO  o.e.m.c.i.e.AbstractTransferListenerAdapter - Downloaded https://repo.maven.apache.org/maven2/org/springframework/spring-expression/7.0.9/spring-expression-7.0.9.jar
2026-09-06 09:27:16,906 [BasicRepositoryConnector-repo.maven.apache.org-1-3] INFO  o.e.m.c.i.e.AbstractTransferListenerAdapter - Downloaded https://repo.maven.apache.org/maven2/org/springframework/spring-web/7.0.9/spring-web-7.0.9.jar
2026-09-06 09:27:16,991 [BasicRepositoryConnector-repo.maven.apache.org-1-2] INFO  o.e.m.c.i.e.AbstractTransferListenerAdapter - Downloading https://repo.maven.apache.org/maven2/org/springframework/boot/spring-boot-starter-data-jpa-test/4.0.8/spring-boot-starter-data-jpa-test-4.0.8.jar
2026-09-06 09:27:16,998 [BasicRepositoryConnector-repo.maven.apache.org-1-2] INFO  o.e.m.c.i.e.AbstractTransferListenerAdapter - Downloaded https://repo.maven.apache.org/maven2/org/springframework/boot/spring-boot-starter-data-jpa-test/4.0.8/spring-boot-starter-data-jpa-test-4.0.8.jar
2026-09-06 09:27:17,298 [BasicRepositoryConnector-repo.maven.apache.org-1-2] INFO  o.e.m.c.i.e.AbstractTransferListenerAdapter - Downloading https://repo.maven.apache.org/maven2/org/springframework/boot/spring-boot-test/4.0.8/spring-boot-test-4.0.8.jar
2026-09-06 09:27:17,304 [BasicRepositoryConnector-repo.maven.apache.org-1-3] INFO  o.e.m.c.i.e.AbstractTransferListenerAdapter - Downloading https://repo.maven.apache.org/maven2/org/springframework/boot/spring-boot-starter-test/4.0.8/spring-boot-starter-test-4.0.8.jar
2026-09-06 09:27:17,308 [BasicRepositoryConnector-repo.maven.apache.org-1-3] INFO  o.e.m.c.i.e.AbstractTransferListenerAdapter - Downloaded https://repo.maven.apache.org/maven2/org/springframework/boot/spring-boot-starter-test/4.0.8/spring-boot-starter-test-4.0.8.jar
2026-09-06 09:27:17,324 [BasicRepositoryConnector-repo.maven.apache.org-1-2] INFO  o.e.m.c.i.e.AbstractTransferListenerAdapter - Downloaded https://repo.maven.apache.org/maven2/org/springframework/boot/spring-boot-test/4.0.8/spring-boot-test-4.0.8.jar
2026-09-06 09:27:17,605 [BasicRepositoryConnector-repo.maven.apache.org-1-2] INFO  o.e.m.c.i.e.AbstractTransferListenerAdapter - Downloading https://repo.maven.apache.org/maven2/org/springframework/spring-core/7.0.9/spring-core-7.0.9.jar
2026-09-06 09:27:17,620 [BasicRepositoryConnector-repo.maven.apache.org-1-3] INFO  o.e.m.c.i.e.AbstractTransferListenerAdapter - Downloading https://repo.maven.apache.org/maven2/org/springframework/boot/spring-boot-test-autoconfigure/4.0.8/spring-boot-test-autoconfigure-4.0.8.jar
2026-09-06 09:27:17,624 [BasicRepositoryConnector-repo.maven.apache.org-1-3] INFO  o.e.m.c.i.e.AbstractTransferListenerAdapter - Downloaded https://repo.maven.apache.org/maven2/org/springframework/boot/spring-boot-test-autoconfigure/4.0.8/spring-boot-test-autoconfigure-4.0.8.jar
2026-09-06 09:27:17,890 [BasicRepositoryConnector-repo.maven.apache.org-1-3] INFO  o.e.m.c.i.e.AbstractTransferListenerAdapter - Downloading https://repo.maven.apache.org/maven2/org/jspecify/jspecify/1.0.1/jspecify-1.0.1.jar
2026-09-06 09:27:17,897 [BasicRepositoryConnector-repo.maven.apache.org-1-3] INFO  o.e.m.c.i.e.AbstractTransferListenerAdapter - Downloaded https://repo.maven.apache.org/maven2/org/jspecify/jspecify/1.0.1/jspecify-1.0.1.jar
2026-09-06 09:27:26,219 [BasicRepositoryConnector-repo.maven.apache.org-1-3] INFO  o.e.m.c.i.e.AbstractTransferListenerAdapter - Downloading https://repo.maven.apache.org/maven2/org/springframework/spring-test/7.0.9/spring-test-7.0.9.jar
2026-09-06 09:27:46,930 [BasicRepositoryConnector-repo.maven.apache.org-1-3] INFO  o.e.m.c.i.e.AbstractTransferListenerAdapter - Downloaded https://repo.maven.apache.org/maven2/org/springframework/spring-test/7.0.9/spring-test-7.0.9.jar
2026-09-06 09:27:47,199 [BasicRepositoryConnector-repo.maven.apache.org-1-3] INFO  o.e.m.c.i.e.AbstractTransferListenerAdapter - Downloading https://repo.maven.apache.org/maven2/org/springframework/boot/spring-boot-starter-jdbc-test/4.0.8/spring-boot-starter-jdbc-test-4.0.8.jar
2026-09-06 09:27:47,203 [BasicRepositoryConnector-repo.maven.apache.org-1-3] INFO  o.e.m.c.i.e.AbstractTransferListenerAdapter - Downloaded https://repo.maven.apache.org/maven2/org/springframework/boot/spring-boot-starter-jdbc-test/4.0.8/spring-boot-starter-jdbc-test-4.0.8.jar
2026-09-06 09:27:47,694 [BasicRepositoryConnector-repo.maven.apache.org-1-3] INFO  o.e.m.c.i.e.AbstractTransferListenerAdapter - Downloading https://repo.maven.apache.org/maven2/org/springframework/boot/spring-boot-jdbc-test/4.0.8/spring-boot-jdbc-test-4.0.8.jar
2026-09-06 09:27:47,710 [BasicRepositoryConnector-repo.maven.apache.org-1-3] INFO  o.e.m.c.i.e.AbstractTransferListenerAdapter - Downloaded https://repo.maven.apache.org/maven2/org/springframework/boot/spring-boot-jdbc-test/4.0.8/spring-boot-jdbc-test-4.0.8.jar
2026-09-06 09:27:47,969 [BasicRepositoryConnector-repo.maven.apache.org-1-3] INFO  o.e.m.c.i.e.AbstractTransferListenerAdapter - Downloading https://repo.maven.apache.org/maven2/org/springframework/boot/spring-boot-data-jpa-test/4.0.8/spring-boot-data-jpa-test-4.0.8.jar
2026-09-06 09:27:47,973 [BasicRepositoryConnector-repo.maven.apache.org-1-3] INFO  o.e.m.c.i.e.AbstractTransferListenerAdapter - Downloaded https://repo.maven.apache.org/maven2/org/springframework/boot/spring-boot-data-jpa-test/4.0.8/spring-boot-data-jpa-test-4.0.8.jar
2026-09-06 09:27:48,255 [BasicRepositoryConnector-repo.maven.apache.org-1-3] INFO  o.e.m.c.i.e.AbstractTransferListenerAdapter - Downloading https://repo.maven.apache.org/maven2/org/springframework/boot/spring-boot-jpa-test/4.0.8/spring-boot-jpa-test-4.0.8.jar
2026-09-06 09:27:48,260 [BasicRepositoryConnector-repo.maven.apache.org-1-3] INFO  o.e.m.c.i.e.AbstractTransferListenerAdapter - Downloaded https://repo.maven.apache.org/maven2/org/springframework/boot/spring-boot-jpa-test/4.0.8/spring-boot-jpa-test-4.0.8.jar
2026-09-06 09:27:48,526 [BasicRepositoryConnector-repo.maven.apache.org-1-3] INFO  o.e.m.c.i.e.AbstractTransferListenerAdapter - Downloading https://repo.maven.apache.org/maven2/org/springframework/boot/spring-boot-starter-webmvc-test/4.0.8/spring-boot-starter-webmvc-test-4.0.8.jar
2026-09-06 09:27:48,545 [BasicRepositoryConnector-repo.maven.apache.org-1-3] INFO  o.e.m.c.i.e.AbstractTransferListenerAdapter - Downloaded https://repo.maven.apache.org/maven2/org/springframework/boot/spring-boot-starter-webmvc-test/4.0.8/spring-boot-starter-webmvc-test-4.0.8.jar
2026-09-06 09:27:48,804 [BasicRepositoryConnector-repo.maven.apache.org-1-3] INFO  o.e.m.c.i.e.AbstractTransferListenerAdapter - Downloading https://repo.maven.apache.org/maven2/org/springframework/boot/spring-boot-starter-jackson-test/4.0.8/spring-boot-starter-jackson-test-4.0.8.jar
2026-09-06 09:27:48,817 [BasicRepositoryConnector-repo.maven.apache.org-1-3] INFO  o.e.m.c.i.e.AbstractTransferListenerAdapter - Downloaded https://repo.maven.apache.org/maven2/org/springframework/boot/spring-boot-starter-jackson-test/4.0.8/spring-boot-starter-jackson-test-4.0.8.jar
2026-09-06 09:27:49,110 [BasicRepositoryConnector-repo.maven.apache.org-1-3] INFO  o.e.m.c.i.e.AbstractTransferListenerAdapter - Downloading https://repo.maven.apache.org/maven2/org/springframework/boot/spring-boot-webmvc-test/4.0.8/spring-boot-webmvc-test-4.0.8.jar
2026-09-06 09:27:49,232 [BasicRepositoryConnector-repo.maven.apache.org-1-3] INFO  o.e.m.c.i.e.AbstractTransferListenerAdapter - Downloaded https://repo.maven.apache.org/maven2/org/springframework/boot/spring-boot-webmvc-test/4.0.8/spring-boot-webmvc-test-4.0.8.jar
2026-09-06 09:27:49,622 [BasicRepositoryConnector-repo.maven.apache.org-1-3] INFO  o.e.m.c.i.e.AbstractTransferListenerAdapter - Downloading https://repo.maven.apache.org/maven2/org/springframework/boot/spring-boot-web-server/4.0.8/spring-boot-web-server-4.0.8.jar
2026-09-06 09:27:50,160 [BasicRepositoryConnector-repo.maven.apache.org-1-3] INFO  o.e.m.c.i.e.AbstractTransferListenerAdapter - Downloaded https://repo.maven.apache.org/maven2/org/springframework/boot/spring-boot-web-server/4.0.8/spring-boot-web-server-4.0.8.jar
2026-09-06 09:27:50,490 [BasicRepositoryConnector-repo.maven.apache.org-1-3] INFO  o.e.m.c.i.e.AbstractTransferListenerAdapter - Downloading https://repo.maven.apache.org/maven2/org/springframework/boot/spring-boot-resttestclient/4.0.8/spring-boot-resttestclient-4.0.8.jar
2026-09-06 09:27:50,571 [BasicRepositoryConnector-repo.maven.apache.org-1-3] INFO  o.e.m.c.i.e.AbstractTransferListenerAdapter - Downloaded https://repo.maven.apache.org/maven2/org/springframework/boot/spring-boot-resttestclient/4.0.8/spring-boot-resttestclient-4.0.8.jar
2026-09-06 09:28:30,107 [BasicRepositoryConnector-repo.maven.apache.org-1-2] INFO  o.e.m.c.i.e.AbstractTransferListenerAdapter - Downloaded https://repo.maven.apache.org/maven2/org/springframework/spring-core/7.0.9/spring-core-7.0.9.jar
2026-09-06 09:28:58,470 [BasicRepositoryConnector-repo.maven.apache.org-1-1] INFO  o.e.m.c.i.e.AbstractTransferListenerAdapter - Downloaded https://repo.maven.apache.org/maven2/tools/jackson/core/jackson-core/3.1.5/jackson-core-3.1.5.jar
2026-09-06 09:29:09,368 [BasicRepositoryConnector-repo.maven.apache.org-1-0] INFO  o.e.m.c.i.e.AbstractTransferListenerAdapter - Downloaded https://repo.maven.apache.org/maven2/org/springframework/spring-context/7.0.9/spring-context-7.0.9.jar
2026-09-06 09:29:18,961 [BasicRepositoryConnector-repo.maven.apache.org-1-4] INFO  o.e.m.c.i.e.AbstractTransferListenerAdapter - Downloaded https://repo.maven.apache.org/maven2/org/hibernate/orm/hibernate-core/7.2.24.Final/hibernate-core-7.2.24.Final.jar
2026-09-06 09:29:19,094 [Worker-56: Import Getting Started Content] INFO  o.e.m.c.i.l.LifecycleMappingFactory - Using org.eclipse.m2e.jdt.JarLifecycleMapping lifecycle mapping for MavenProject: in.cs:WhatsAppOrderManagementSystem:1.0 @ C:\Users\PMLS\Desktop\RealProjects\WhatsAppOrderManagementSystem\pom.xml.
2026-09-06 09:29:19,395 [Worker-56: Import Getting Started Content] INFO  o.e.m.c.i.l.LifecycleMappingFactory - Using org.eclipse.m2e.jdt.JarLifecycleMapping lifecycle mapping for MavenProject: in.cs:OnlineBankingSystem:1.0 @ C:\Users\PMLS\Desktop\RealProjects\OnlineBankingSystem\pom.xml.
2026-09-06 09:29:21,111 [Worker-56: Import Getting Started Content] INFO  o.e.m.j.i.AbstractJavaProjectConfigurator - Adding source folder /OnlineBankingSystem-1/src/main/java
2026-09-06 09:29:21,112 [Worker-56: Import Getting Started Content] INFO  o.e.m.j.i.AbstractJavaProjectConfigurator - Adding resource folder /OnlineBankingSystem-1/src/main/resources
2026-09-06 09:29:21,115 [Worker-56: Import Getting Started Content] INFO  o.e.m.j.i.AbstractJavaProjectConfigurator - Adding resource folder /OnlineBankingSystem-1/src/main/resources
2026-09-06 09:29:21,118 [Worker-56: Import Getting Started Content] INFO  o.e.m.j.i.AbstractJavaProjectConfigurator - Adding source folder /OnlineBankingSystem-1/src/test/java
2026-09-06 09:29:21,118 [Worker-56: Import Getting Started Content] INFO  o.e.m.j.i.AbstractJavaProjectConfigurator - Adding resource folder /OnlineBankingSystem-1/src/test/resources
2026-09-06 09:29:21,714 [Worker-56: Import Getting Started Content] WARN  o.apache.maven.project.MavenProject - Direct modification of compileSourceRoots through clear() is deprecated and will not work in Maven 4.0.0. Please use the add/remove methods instead. If you're using a plugin that causes this warning, please upgrade to the latest version and report an issue if the warning persists. To disable these warnings, set -Dmaven.project.sourceRoots.warningsDisabled=true on the command line, in the .mvn/maven.config file, or in project POM properties.
2026-09-06 09:29:21,715 [Worker-56: Import Getting Started Content] WARN  o.apache.maven.project.MavenProject - Direct modification of compileSourceRoots through add() is deprecated and will not work in Maven 4.0.0. Please use the add/remove methods instead. If you're using a plugin that causes this warning, please upgrade to the latest version and report an issue if the warning persists. To disable these warnings, set -Dmaven.project.sourceRoots.warningsDisabled=true on the command line, in the .mvn/maven.config file, or in project POM properties.
2026-09-06 09:29:21,715 [Worker-56: Import Getting Started Content] WARN  o.apache.maven.project.MavenProject - Direct modification of testCompileSourceRoots through clear() is deprecated and will not work in Maven 4.0.0. Please use the add/remove methods instead. If you're using a plugin that causes this warning, please upgrade to the latest version and report an issue if the warning persists. To disable these warnings, set -Dmaven.project.sourceRoots.warningsDisabled=true on the command line, in the .mvn/maven.config file, or in project POM properties.
2026-09-06 09:29:21,716 [Worker-56: Import Getting Started Content] WARN  o.apache.maven.project.MavenProject - Direct modification of testCompileSourceRoots through add() is deprecated and will not work in Maven 4.0.0. Please use the add/remove methods instead. If you're using a plugin that causes this warning, please upgrade to the latest version and report an issue if the warning persists. To disable these warnings, set -Dmaven.project.sourceRoots.warningsDisabled=true on the command line, in the .mvn/maven.config file, or in project POM properties.
2026-09-06 09:29:21,723 [Worker-56: Import Getting Started Content] INFO  o.e.m.c.i.p.ProjectConfigurationManager - Imported and configured 1 project(s) in 206 sec
2026-09-06 09:29:21,725 [Worker-56: Import Getting Started Content] INFO  o.e.m.c.i.p.ProjectConfigurationManager - Update started
2026-09-06 09:29:22,029 [Worker-56: Import Getting Started Content] INFO  o.e.m.c.i.l.LifecycleMappingFactory - Using org.eclipse.m2e.jdt.JarLifecycleMapping lifecycle mapping for MavenProject: in.cs:OnlineBankingSystem-1:1.0 @ C:\Users\PMLS\Desktop\RealProjects\OnlineBankingSystem-1\pom.xml.
2026-09-06 09:29:22,576 [Worker-57: Download sources and javadoc] INFO  o.e.m.c.i.e.AbstractTransferListenerAdapter - Downloading https://repo.maven.apache.org/maven2/org/springframework/boot/spring-boot-starter-data-jpa/4.0.8/spring-boot-starter-data-jpa-4.0.8-sources.jar
2026-09-06 09:29:22,593 [Worker-57: Download sources and javadoc] INFO  o.e.m.c.i.e.AbstractTransferListenerAdapter - Downloaded https://repo.maven.apache.org/maven2/org/springframework/boot/spring-boot-starter-data-jpa/4.0.8/spring-boot-starter-data-jpa-4.0.8-sources.jar
2026-09-06 09:29:22,600 [Worker-57: Download sources and javadoc] INFO  o.e.m.j.internal.DownloadSourcesJob - Downloaded sources for org.springframework.boot:spring-boot-starter-data-jpa:4.0.8
2026-09-06 09:29:23,027 [Worker-56: Import Getting Started Content] INFO  o.e.m.j.i.AbstractJavaProjectConfigurator - Adding source folder /OnlineBankingSystem-1/src/main/java
2026-09-06 09:29:23,028 [Worker-56: Import Getting Started Content] INFO  o.e.m.j.i.AbstractJavaProjectConfigurator - Adding resource folder /OnlineBankingSystem-1/src/main/resources
2026-09-06 09:29:23,029 [Worker-56: Import Getting Started Content] INFO  o.e.m.j.i.AbstractJavaProjectConfigurator - Adding resource folder /OnlineBankingSystem-1/src/main/resources
2026-09-06 09:29:23,030 [Worker-56: Import Getting Started Content] INFO  o.e.m.j.i.AbstractJavaProjectConfigurator - Adding source folder /OnlineBankingSystem-1/src/test/java
2026-09-06 09:29:23,031 [Worker-56: Import Getting Started Content] INFO  o.e.m.j.i.AbstractJavaProjectConfigurator - Adding resource folder /OnlineBankingSystem-1/src/test/resources
2026-09-06 09:29:23,126 [Worker-57: Download sources and javadoc] INFO  o.e.m.c.i.e.AbstractTransferListenerAdapter - Downloading https://repo.maven.apache.org/maven2/org/springframework/boot/spring-boot-starter/4.0.8/spring-boot-starter-4.0.8-sources.jar
2026-09-06 09:29:23,130 [Worker-57: Download sources and javadoc] INFO  o.e.m.c.i.e.AbstractTransferListenerAdapter - Downloaded https://repo.maven.apache.org/maven2/org/springframework/boot/spring-boot-starter/4.0.8/spring-boot-starter-4.0.8-sources.jar
2026-09-06 09:29:23,134 [Worker-57: Download sources and javadoc] INFO  o.e.m.j.internal.DownloadSourcesJob - Downloaded sources for org.springframework.boot:spring-boot-starter:4.0.8
2026-09-06 09:29:23,615 [Worker-56: Import Getting Started Content] WARN  o.apache.maven.project.MavenProject - Direct modification of compileSourceRoots through clear() is deprecated and will not work in Maven 4.0.0. Please use the add/remove methods instead. If you're using a plugin that causes this warning, please upgrade to the latest version and report an issue if the warning persists. To disable these warnings, set -Dmaven.project.sourceRoots.warningsDisabled=true on the command line, in the .mvn/maven.config file, or in project POM properties.
2026-09-06 09:29:23,618 [Worker-56: Import Getting Started Content] WARN  o.apache.maven.project.MavenProject - Direct modification of compileSourceRoots through add() is deprecated and will not work in Maven 4.0.0. Please use the add/remove methods instead. If you're using a plugin that causes this warning, please upgrade to the latest version and report an issue if the warning persists. To disable these warnings, set -Dmaven.project.sourceRoots.warningsDisabled=true on the command line, in the .mvn/maven.config file, or in project POM properties.
2026-09-06 09:29:23,619 [Worker-56: Import Getting Started Content] WARN  o.apache.maven.project.MavenProject - Direct modification of testCompileSourceRoots through clear() is deprecated and will not work in Maven 4.0.0. Please use the add/remove methods instead. If you're using a plugin that causes this warning, please upgrade to the latest version and report an issue if the warning persists. To disable these warnings, set -Dmaven.project.sourceRoots.warningsDisabled=true on the command line, in the .mvn/maven.config file, or in project POM properties.
2026-09-06 09:29:23,620 [Worker-56: Import Getting Started Content] WARN  o.apache.maven.project.MavenProject - Direct modification of testCompileSourceRoots through add() is deprecated and will not work in Maven 4.0.0. Please use the add/remove methods instead. If you're using a plugin that causes this warning, please upgrade to the latest version and report an issue if the warning persists. To disable these warnings, set -Dmaven.project.sourceRoots.warningsDisabled=true on the command line, in the .mvn/maven.config file, or in project POM properties.
2026-09-06 09:29:23,795 [Worker-57: Download sources and javadoc] INFO  o.e.m.c.i.e.AbstractTransferListenerAdapter - Downloading https://repo.maven.apache.org/maven2/org/springframework/boot/spring-boot-starter-logging/4.0.8/spring-boot-starter-logging-4.0.8-sources.jar
2026-09-06 09:29:23,803 [Worker-57: Download sources and javadoc] INFO  o.e.m.c.i.e.AbstractTransferListenerAdapter - Downloaded https://repo.maven.apache.org/maven2/org/springframework/boot/spring-boot-starter-logging/4.0.8/spring-boot-starter-logging-4.0.8-sources.jar
2026-09-06 09:29:23,813 [Worker-57: Download sources and javadoc] INFO  o.e.m.j.internal.DownloadSourcesJob - Downloaded sources for org.springframework.boot:spring-boot-starter-logging:4.0.8
2026-09-06 09:29:23,915 [Worker-56: Import Getting Started Content] INFO  o.e.m.c.i.p.ProjectConfigurationManager - Update completed for 1 poms: local refresh takes 0.00 sec, refresh facades takes 1.00 sec, update config takes 0.00 sec 
2026-09-06 09:29:24,374 [Worker-57: Download sources and javadoc] INFO  o.e.m.c.i.e.AbstractTransferListenerAdapter - Downloading https://repo.maven.apache.org/maven2/ch/qos/logback/logback-classic/1.5.38/logback-classic-1.5.38-sources.jar
2026-09-06 09:29:24,731 [Worker-57: Download sources and javadoc] INFO  o.e.m.c.i.e.AbstractTransferListenerAdapter - Downloaded https://repo.maven.apache.org/maven2/ch/qos/logback/logback-classic/1.5.38/logback-classic-1.5.38-sources.jar
2026-09-06 09:29:24,743 [Worker-57: Download sources and javadoc] INFO  o.e.m.j.internal.DownloadSourcesJob - Downloaded sources for ch.qos.logback:logback-classic:1.5.38
2026-09-06 09:29:25,497 [Worker-57: Download sources and javadoc] INFO  o.e.m.c.i.e.AbstractTransferListenerAdapter - Downloading https://repo.maven.apache.org/maven2/ch/qos/logback/logback-core/1.5.38/logback-core-1.5.38-sources.jar
2026-09-06 09:29:25,864 [Worker-57: Download sources and javadoc] INFO  o.e.m.c.i.e.AbstractTransferListenerAdapter - Downloaded https://repo.maven.apache.org/maven2/ch/qos/logback/logback-core/1.5.38/logback-core-1.5.38-sources.jar
2026-09-06 09:29:25,873 [Worker-57: Download sources and javadoc] INFO  o.e.m.j.internal.DownloadSourcesJob - Downloaded sources for ch.qos.logback:logback-core:1.5.38
2026-09-06 09:29:26,115 [Worker-57: Download sources and javadoc] INFO  o.e.m.c.i.e.AbstractTransferListenerAdapter - Downloading https://repo.maven.apache.org/maven2/org/apache/logging/log4j/log4j-to-slf4j/2.25.5/log4j-to-slf4j-2.25.5-sources.jar
2026-09-06 09:29:26,130 [Worker-57: Download sources and javadoc] INFO  o.e.m.c.i.e.AbstractTransferListenerAdapter - Downloaded https://repo.maven.apache.org/maven2/org/apache/logging/log4j/log4j-to-slf4j/2.25.5/log4j-to-slf4j-2.25.5-sources.jar
2026-09-06 09:29:26,135 [Worker-57: Download sources and javadoc] INFO  o.e.m.j.internal.DownloadSourcesJob - Downloaded sources for org.apache.logging.log4j:log4j-to-slf4j:2.25.5
2026-09-06 09:29:26,935 [Worker-57: Download sources and javadoc] INFO  o.e.m.c.i.e.AbstractTransferListenerAdapter - Downloading https://repo.maven.apache.org/maven2/org/apache/logging/log4j/log4j-api/2.25.5/log4j-api-2.25.5-sources.jar
2026-09-06 09:29:27,332 [Worker-57: Download sources and javadoc] INFO  o.e.m.c.i.e.AbstractTransferListenerAdapter - Downloaded https://repo.maven.apache.org/maven2/org/apache/logging/log4j/log4j-api/2.25.5/log4j-api-2.25.5-sources.jar
2026-09-06 09:29:27,335 [Worker-57: Download sources and javadoc] INFO  o.e.m.j.internal.DownloadSourcesJob - Downloaded sources for org.apache.logging.log4j:log4j-api:2.25.5
2026-09-06 09:29:27,957 [Worker-57: Download sources and javadoc] INFO  o.e.m.c.i.e.AbstractTransferListenerAdapter - Downloading https://repo.maven.apache.org/maven2/org/springframework/boot/spring-boot-autoconfigure/4.0.8/spring-boot-autoconfigure-4.0.8-sources.jar
2026-09-06 09:29:28,196 [Worker-57: Download sources and javadoc] INFO  o.e.m.c.i.e.AbstractTransferListenerAdapter - Downloaded https://repo.maven.apache.org/maven2/org/springframework/boot/spring-boot-autoconfigure/4.0.8/spring-boot-autoconfigure-4.0.8-sources.jar
2026-09-06 09:29:28,201 [Worker-57: Download sources and javadoc] INFO  o.e.m.j.internal.DownloadSourcesJob - Downloaded sources for org.springframework.boot:spring-boot-autoconfigure:4.0.8
2026-09-06 09:29:28,828 [Worker-57: Download sources and javadoc] INFO  o.e.m.c.i.e.AbstractTransferListenerAdapter - Downloading https://repo.maven.apache.org/maven2/org/springframework/boot/spring-boot-starter-jdbc/4.0.8/spring-boot-starter-jdbc-4.0.8-sources.jar
2026-09-06 09:29:28,841 [Worker-57: Download sources and javadoc] INFO  o.e.m.c.i.e.AbstractTransferListenerAdapter - Downloaded https://repo.maven.apache.org/maven2/org/springframework/boot/spring-boot-starter-jdbc/4.0.8/spring-boot-starter-jdbc-4.0.8-sources.jar
2026-09-06 09:29:28,846 [Worker-57: Download sources and javadoc] INFO  o.e.m.j.internal.DownloadSourcesJob - Downloaded sources for org.springframework.boot:spring-boot-starter-jdbc:4.0.8
2026-09-06 09:29:29,157 [Worker-57: Download sources and javadoc] INFO  o.e.m.c.i.e.AbstractTransferListenerAdapter - Downloading https://repo.maven.apache.org/maven2/org/springframework/boot/spring-boot-data-jpa/4.0.8/spring-boot-data-jpa-4.0.8-sources.jar
2026-09-06 09:29:29,169 [Worker-57: Download sources and javadoc] INFO  o.e.m.c.i.e.AbstractTransferListenerAdapter - Downloaded https://repo.maven.apache.org/maven2/org/springframework/boot/spring-boot-data-jpa/4.0.8/spring-boot-data-jpa-4.0.8-sources.jar
2026-09-06 09:29:29,176 [Worker-57: Download sources and javadoc] INFO  o.e.m.j.internal.DownloadSourcesJob - Downloaded sources for org.springframework.boot:spring-boot-data-jpa:4.0.8
2026-09-06 09:29:29,599 [Worker-57: Download sources and javadoc] INFO  o.e.m.c.i.e.AbstractTransferListenerAdapter - Downloading https://repo.maven.apache.org/maven2/org/springframework/boot/spring-boot-data-commons/4.0.8/spring-boot-data-commons-4.0.8-sources.jar
2026-09-06 09:29:29,608 [Worker-57: Download sources and javadoc] INFO  o.e.m.c.i.e.AbstractTransferListenerAdapter - Downloaded https://repo.maven.apache.org/maven2/org/springframework/boot/spring-boot-data-commons/4.0.8/spring-boot-data-commons-4.0.8-sources.jar
2026-09-06 09:29:29,615 [Worker-57: Download sources and javadoc] INFO  o.e.m.j.internal.DownloadSourcesJob - Downloaded sources for org.springframework.boot:spring-boot-data-commons:4.0.8
2026-09-06 09:29:30,296 [Worker-57: Download sources and javadoc] INFO  o.e.m.c.i.e.AbstractTransferListenerAdapter - Downloading https://repo.maven.apache.org/maven2/org/springframework/boot/spring-boot-persistence/4.0.8/spring-boot-persistence-4.0.8-sources.jar
2026-09-06 09:29:30,311 [Worker-57: Download sources and javadoc] INFO  o.e.m.c.i.e.AbstractTransferListenerAdapter - Downloaded https://repo.maven.apache.org/maven2/org/springframework/boot/spring-boot-persistence/4.0.8/spring-boot-persistence-4.0.8-sources.jar
2026-09-06 09:29:30,316 [Worker-57: Download sources and javadoc] INFO  o.e.m.j.internal.DownloadSourcesJob - Downloaded sources for org.springframework.boot:spring-boot-persistence:4.0.8
2026-09-06 09:29:31,028 [Worker-57: Download sources and javadoc] INFO  o.e.m.c.i.e.AbstractTransferListenerAdapter - Downloading https://repo.maven.apache.org/maven2/org/springframework/data/spring-data-commons/4.0.7/spring-data-commons-4.0.7-sources.jar
2026-09-06 09:29:31,701 [Worker-57: Download sources and javadoc] INFO  o.e.m.c.i.e.AbstractTransferListenerAdapter - Downloaded https://repo.maven.apache.org/maven2/org/springframework/data/spring-data-commons/4.0.7/spring-data-commons-4.0.7-sources.jar
2026-09-06 09:29:31,704 [Worker-57: Download sources and javadoc] INFO  o.e.m.j.internal.DownloadSourcesJob - Downloaded sources for org.springframework.data:spring-data-commons:4.0.7
2026-09-06 09:29:32,665 [Worker-57: Download sources and javadoc] INFO  o.e.m.c.i.e.AbstractTransferListenerAdapter - Downloading https://repo.maven.apache.org/maven2/org/springframework/boot/spring-boot-hibernate/4.0.8/spring-boot-hibernate-4.0.8-sources.jar
2026-09-06 09:29:32,668 [Worker-57: Download sources and javadoc] INFO  o.e.m.c.i.e.AbstractTransferListenerAdapter - Downloaded https://repo.maven.apache.org/maven2/org/springframework/boot/spring-boot-hibernate/4.0.8/spring-boot-hibernate-4.0.8-sources.jar
2026-09-06 09:29:32,672 [Worker-57: Download sources and javadoc] INFO  o.e.m.j.internal.DownloadSourcesJob - Downloaded sources for org.springframework.boot:spring-boot-hibernate:4.0.8
2026-09-06 09:29:34,041 [Worker-57: Download sources and javadoc] INFO  o.e.m.c.i.e.AbstractTransferListenerAdapter - Downloading https://repo.maven.apache.org/maven2/org/springframework/boot/spring-boot-jpa/4.0.8/spring-boot-jpa-4.0.8-sources.jar
2026-09-06 09:29:34,050 [Worker-57: Download sources and javadoc] INFO  o.e.m.c.i.e.AbstractTransferListenerAdapter - Downloaded https://repo.maven.apache.org/maven2/org/springframework/boot/spring-boot-jpa/4.0.8/spring-boot-jpa-4.0.8-sources.jar
2026-09-06 09:29:34,053 [Worker-57: Download sources and javadoc] INFO  o.e.m.j.internal.DownloadSourcesJob - Downloaded sources for org.springframework.boot:spring-boot-jpa:4.0.8
2026-09-06 09:29:34,765 [Worker-57: Download sources and javadoc] INFO  o.e.m.c.i.e.AbstractTransferListenerAdapter - Downloading https://repo.maven.apache.org/maven2/org/hibernate/orm/hibernate-core/7.2.24.Final/hibernate-core-7.2.24.Final-sources.jar
2026-09-06 09:29:41,494 [Worker-57: Download sources and javadoc] INFO  o.e.m.c.i.e.AbstractTransferListenerAdapter - Downloaded https://repo.maven.apache.org/maven2/org/hibernate/orm/hibernate-core/7.2.24.Final/hibernate-core-7.2.24.Final-sources.jar
2026-09-06 09:29:41,498 [Worker-57: Download sources and javadoc] INFO  o.e.m.j.internal.DownloadSourcesJob - Downloaded sources for org.hibernate.orm:hibernate-core:7.2.24.Final
2026-09-06 09:29:43,317 [Worker-57: Download sources and javadoc] INFO  o.e.m.c.i.e.AbstractTransferListenerAdapter - Downloading https://repo.maven.apache.org/maven2/org/springframework/spring-orm/7.0.9/spring-orm-7.0.9-sources.jar
2026-09-06 09:29:43,565 [Worker-57: Download sources and javadoc] INFO  o.e.m.c.i.e.AbstractTransferListenerAdapter - Downloaded https://repo.maven.apache.org/maven2/org/springframework/spring-orm/7.0.9/spring-orm-7.0.9-sources.jar
2026-09-06 09:29:43,569 [Worker-57: Download sources and javadoc] INFO  o.e.m.j.internal.DownloadSourcesJob - Downloaded sources for org.springframework:spring-orm:7.0.9
2026-09-06 09:29:44,099 [Worker-57: Download sources and javadoc] INFO  o.e.m.c.i.e.AbstractTransferListenerAdapter - Downloading https://repo.maven.apache.org/maven2/org/springframework/data/spring-data-jpa/4.0.7/spring-data-jpa-4.0.7-sources.jar
2026-09-06 09:29:44,586 [Worker-57: Download sources and javadoc] INFO  o.e.m.c.i.e.AbstractTransferListenerAdapter - Downloaded https://repo.maven.apache.org/maven2/org/springframework/data/spring-data-jpa/4.0.7/spring-data-jpa-4.0.7-sources.jar
2026-09-06 09:29:44,590 [Worker-57: Download sources and javadoc] INFO  o.e.m.j.internal.DownloadSourcesJob - Downloaded sources for org.springframework.data:spring-data-jpa:4.0.7
2026-09-06 09:29:45,374 [Worker-57: Download sources and javadoc] INFO  o.e.m.c.i.e.AbstractTransferListenerAdapter - Downloading https://repo.maven.apache.org/maven2/org/springframework/spring-context/7.0.9/spring-context-7.0.9-sources.jar
2026-09-06 09:29:46,144 [Worker-57: Download sources and javadoc] INFO  o.e.m.c.i.e.AbstractTransferListenerAdapter - Downloaded https://repo.maven.apache.org/maven2/org/springframework/spring-context/7.0.9/spring-context-7.0.9-sources.jar
2026-09-06 09:29:46,148 [Worker-57: Download sources and javadoc] INFO  o.e.m.j.internal.DownloadSourcesJob - Downloaded sources for org.springframework:spring-context:7.0.9
2026-09-06 09:29:46,999 [Worker-57: Download sources and javadoc] INFO  o.e.m.c.i.e.AbstractTransferListenerAdapter - Downloading https://repo.maven.apache.org/maven2/org/springframework/spring-aop/7.0.9/spring-aop-7.0.9-sources.jar
2026-09-06 09:29:47,554 [Worker-57: Download sources and javadoc] INFO  o.e.m.c.i.e.AbstractTransferListenerAdapter - Downloaded https://repo.maven.apache.org/maven2/org/springframework/spring-aop/7.0.9/spring-aop-7.0.9-sources.jar
2026-09-06 09:29:47,559 [Worker-57: Download sources and javadoc] INFO  o.e.m.j.internal.DownloadSourcesJob - Downloaded sources for org.springframework:spring-aop:7.0.9
2026-09-06 09:29:48,796 [Worker-57: Download sources and javadoc] INFO  o.e.m.c.i.e.AbstractTransferListenerAdapter - Downloading https://repo.maven.apache.org/maven2/org/springframework/spring-tx/7.0.9/spring-tx-7.0.9-sources.jar
2026-09-06 09:29:49,244 [Worker-57: Download sources and javadoc] INFO  o.e.m.c.i.e.AbstractTransferListenerAdapter - Downloaded https://repo.maven.apache.org/maven2/org/springframework/spring-tx/7.0.9/spring-tx-7.0.9-sources.jar
2026-09-06 09:29:49,248 [Worker-57: Download sources and javadoc] INFO  o.e.m.j.internal.DownloadSourcesJob - Downloaded sources for org.springframework:spring-tx:7.0.9
2026-09-06 09:29:50,349 [Worker-57: Download sources and javadoc] INFO  o.e.m.c.i.e.AbstractTransferListenerAdapter - Downloading https://repo.maven.apache.org/maven2/org/springframework/spring-beans/7.0.9/spring-beans-7.0.9-sources.jar
2026-09-06 09:29:51,459 [Worker-57: Download sources and javadoc] INFO  o.e.m.c.i.e.AbstractTransferListenerAdapter - Downloaded https://repo.maven.apache.org/maven2/org/springframework/spring-beans/7.0.9/spring-beans-7.0.9-sources.jar
2026-09-06 09:29:51,462 [Worker-57: Download sources and javadoc] INFO  o.e.m.j.internal.DownloadSourcesJob - Downloaded sources for org.springframework:spring-beans:7.0.9
2026-09-06 09:29:52,397 [Worker-57: Download sources and javadoc] INFO  o.e.m.c.i.e.AbstractTransferListenerAdapter - Downloading https://repo.maven.apache.org/maven2/org/springframework/spring-aspects/7.0.9/spring-aspects-7.0.9-sources.jar
2026-09-06 09:29:52,457 [Worker-57: Download sources and javadoc] INFO  o.e.m.c.i.e.AbstractTransferListenerAdapter - Downloaded https://repo.maven.apache.org/maven2/org/springframework/spring-aspects/7.0.9/spring-aspects-7.0.9-sources.jar
2026-09-06 09:29:52,462 [Worker-57: Download sources and javadoc] INFO  o.e.m.j.internal.DownloadSourcesJob - Downloaded sources for org.springframework:spring-aspects:7.0.9
2026-09-06 09:29:53,230 [Worker-57: Download sources and javadoc] INFO  o.e.m.c.i.e.AbstractTransferListenerAdapter - Downloading https://repo.maven.apache.org/maven2/org/springframework/boot/spring-boot-jdbc/4.0.8/spring-boot-jdbc-4.0.8-sources.jar
2026-09-06 09:29:53,672 [Worker-57: Download sources and javadoc] INFO  o.e.m.c.i.e.AbstractTransferListenerAdapter - Downloaded https://repo.maven.apache.org/maven2/org/springframework/boot/spring-boot-jdbc/4.0.8/spring-boot-jdbc-4.0.8-sources.jar
2026-09-06 09:29:53,676 [Worker-57: Download sources and javadoc] INFO  o.e.m.j.internal.DownloadSourcesJob - Downloaded sources for org.springframework.boot:spring-boot-jdbc:4.0.8
2026-09-06 09:29:54,207 [Worker-57: Download sources and javadoc] INFO  o.e.m.c.i.e.AbstractTransferListenerAdapter - Downloading https://repo.maven.apache.org/maven2/org/springframework/boot/spring-boot/4.0.8/spring-boot-4.0.8-sources.jar
2026-09-06 09:29:55,179 [Worker-57: Download sources and javadoc] INFO  o.e.m.c.i.e.AbstractTransferListenerAdapter - Downloaded https://repo.maven.apache.org/maven2/org/springframework/boot/spring-boot/4.0.8/spring-boot-4.0.8-sources.jar
2026-09-06 09:29:55,185 [Worker-57: Download sources and javadoc] INFO  o.e.m.j.internal.DownloadSourcesJob - Downloaded sources for org.springframework.boot:spring-boot:4.0.8
2026-09-06 09:29:55,707 [Worker-57: Download sources and javadoc] INFO  o.e.m.c.i.e.AbstractTransferListenerAdapter - Downloading https://repo.maven.apache.org/maven2/org/springframework/boot/spring-boot-sql/4.0.8/spring-boot-sql-4.0.8-sources.jar
2026-09-06 09:29:55,764 [Worker-57: Download sources and javadoc] INFO  o.e.m.c.i.e.AbstractTransferListenerAdapter - Downloaded https://repo.maven.apache.org/maven2/org/springframework/boot/spring-boot-sql/4.0.8/spring-boot-sql-4.0.8-sources.jar
2026-09-06 09:29:55,766 [Worker-57: Download sources and javadoc] INFO  o.e.m.j.internal.DownloadSourcesJob - Downloaded sources for org.springframework.boot:spring-boot-sql:4.0.8
2026-09-06 09:29:56,779 [Worker-57: Download sources and javadoc] INFO  o.e.m.c.i.e.AbstractTransferListenerAdapter - Downloading https://repo.maven.apache.org/maven2/org/springframework/boot/spring-boot-transaction/4.0.8/spring-boot-transaction-4.0.8-sources.jar
2026-09-06 09:29:56,798 [Worker-57: Download sources and javadoc] INFO  o.e.m.c.i.e.AbstractTransferListenerAdapter - Downloaded https://repo.maven.apache.org/maven2/org/springframework/boot/spring-boot-transaction/4.0.8/spring-boot-transaction-4.0.8-sources.jar
2026-09-06 09:29:56,804 [Worker-57: Download sources and javadoc] INFO  o.e.m.j.internal.DownloadSourcesJob - Downloaded sources for org.springframework.boot:spring-boot-transaction:4.0.8
2026-09-06 09:29:57,243 [Worker-57: Download sources and javadoc] INFO  o.e.m.c.i.e.AbstractTransferListenerAdapter - Downloading https://repo.maven.apache.org/maven2/org/springframework/spring-jdbc/7.0.9/spring-jdbc-7.0.9-sources.jar
2026-09-06 09:29:57,564 [Worker-57: Download sources and javadoc] INFO  o.e.m.c.i.e.AbstractTransferListenerAdapter - Downloaded https://repo.maven.apache.org/maven2/org/springframework/spring-jdbc/7.0.9/spring-jdbc-7.0.9-sources.jar
2026-09-06 09:29:57,567 [Worker-57: Download sources and javadoc] INFO  o.e.m.j.internal.DownloadSourcesJob - Downloaded sources for org.springframework:spring-jdbc:7.0.9
2026-09-06 09:29:58,886 [Worker-57: Download sources and javadoc] INFO  o.e.m.c.i.e.AbstractTransferListenerAdapter - Downloading https://repo.maven.apache.org/maven2/org/springframework/boot/spring-boot-starter-webmvc/4.0.8/spring-boot-starter-webmvc-4.0.8-sources.jar
2026-09-06 09:29:58,892 [Worker-57: Download sources and javadoc] INFO  o.e.m.c.i.e.AbstractTransferListenerAdapter - Downloaded https://repo.maven.apache.org/maven2/org/springframework/boot/spring-boot-starter-webmvc/4.0.8/spring-boot-starter-webmvc-4.0.8-sources.jar
2026-09-06 09:29:58,897 [Worker-57: Download sources and javadoc] INFO  o.e.m.j.internal.DownloadSourcesJob - Downloaded sources for org.springframework.boot:spring-boot-starter-webmvc:4.0.8
2026-09-06 09:29:59,887 [Worker-57: Download sources and javadoc] INFO  o.e.m.c.i.e.AbstractTransferListenerAdapter - Downloading https://repo.maven.apache.org/maven2/org/springframework/boot/spring-boot-starter-jackson/4.0.8/spring-boot-starter-jackson-4.0.8-sources.jar
2026-09-06 09:29:59,905 [Worker-57: Download sources and javadoc] INFO  o.e.m.c.i.e.AbstractTransferListenerAdapter - Downloaded https://repo.maven.apache.org/maven2/org/springframework/boot/spring-boot-starter-jackson/4.0.8/spring-boot-starter-jackson-4.0.8-sources.jar
2026-09-06 09:29:59,909 [Worker-57: Download sources and javadoc] INFO  o.e.m.j.internal.DownloadSourcesJob - Downloaded sources for org.springframework.boot:spring-boot-starter-jackson:4.0.8
2026-09-06 09:30:00,827 [Worker-57: Download sources and javadoc] INFO  o.e.m.c.i.e.AbstractTransferListenerAdapter - Downloading https://repo.maven.apache.org/maven2/org/springframework/boot/spring-boot-jackson/4.0.8/spring-boot-jackson-4.0.8-sources.jar
2026-09-06 09:30:00,848 [Worker-57: Download sources and javadoc] INFO  o.e.m.c.i.e.AbstractTransferListenerAdapter - Downloaded https://repo.maven.apache.org/maven2/org/springframework/boot/spring-boot-jackson/4.0.8/spring-boot-jackson-4.0.8-sources.jar
2026-09-06 09:30:00,855 [Worker-57: Download sources and javadoc] INFO  o.e.m.j.internal.DownloadSourcesJob - Downloaded sources for org.springframework.boot:spring-boot-jackson:4.0.8
2026-09-06 09:30:01,544 [Worker-57: Download sources and javadoc] INFO  o.e.m.c.i.e.AbstractTransferListenerAdapter - Downloading https://repo.maven.apache.org/maven2/tools/jackson/core/jackson-databind/3.1.5/jackson-databind-3.1.5-sources.jar
2026-09-06 09:30:02,541 [Worker-57: Download sources and javadoc] INFO  o.e.m.c.i.e.AbstractTransferListenerAdapter - Downloaded https://repo.maven.apache.org/maven2/tools/jackson/core/jackson-databind/3.1.5/jackson-databind-3.1.5-sources.jar
2026-09-06 09:30:02,545 [Worker-57: Download sources and javadoc] INFO  o.e.m.j.internal.DownloadSourcesJob - Downloaded sources for tools.jackson.core:jackson-databind:3.1.5
2026-09-06 09:30:03,401 [Worker-57: Download sources and javadoc] INFO  o.e.m.c.i.e.AbstractTransferListenerAdapter - Downloading https://repo.maven.apache.org/maven2/tools/jackson/core/jackson-core/3.1.5/jackson-core-3.1.5-sources.jar
2026-09-06 09:30:03,727 [Worker-57: Download sources and javadoc] INFO  o.e.m.c.i.e.AbstractTransferListenerAdapter - Downloaded https://repo.maven.apache.org/maven2/tools/jackson/core/jackson-core/3.1.5/jackson-core-3.1.5-sources.jar
2026-09-06 09:30:03,731 [Worker-57: Download sources and javadoc] INFO  o.e.m.j.internal.DownloadSourcesJob - Downloaded sources for tools.jackson.core:jackson-core:3.1.5
2026-09-06 09:30:04,513 [Worker-57: Download sources and javadoc] INFO  o.e.m.c.i.e.AbstractTransferListenerAdapter - Downloading https://repo.maven.apache.org/maven2/org/springframework/boot/spring-boot-starter-tomcat/4.0.8/spring-boot-starter-tomcat-4.0.8-sources.jar
2026-09-06 09:30:04,519 [Worker-57: Download sources and javadoc] INFO  o.e.m.c.i.e.AbstractTransferListenerAdapter - Downloaded https://repo.maven.apache.org/maven2/org/springframework/boot/spring-boot-starter-tomcat/4.0.8/spring-boot-starter-tomcat-4.0.8-sources.jar
2026-09-06 09:30:04,524 [Worker-57: Download sources and javadoc] INFO  o.e.m.j.internal.DownloadSourcesJob - Downloaded sources for org.springframework.boot:spring-boot-starter-tomcat:4.0.8
2026-09-06 09:30:05,552 [Worker-57: Download sources and javadoc] INFO  o.e.m.c.i.e.AbstractTransferListenerAdapter - Downloading https://repo.maven.apache.org/maven2/org/springframework/boot/spring-boot-starter-tomcat-runtime/4.0.8/spring-boot-starter-tomcat-runtime-4.0.8-sources.jar
2026-09-06 09:30:05,559 [Worker-57: Download sources and javadoc] INFO  o.e.m.c.i.e.AbstractTransferListenerAdapter - Downloaded https://repo.maven.apache.org/maven2/org/springframework/boot/spring-boot-starter-tomcat-runtime/4.0.8/spring-boot-starter-tomcat-runtime-4.0.8-sources.jar
2026-09-06 09:30:05,563 [Worker-57: Download sources and javadoc] INFO  o.e.m.j.internal.DownloadSourcesJob - Downloaded sources for org.springframework.boot:spring-boot-starter-tomcat-runtime:4.0.8
2026-09-06 09:30:06,048 [Worker-57: Download sources and javadoc] INFO  o.e.m.c.i.e.AbstractTransferListenerAdapter - Downloading https://repo.maven.apache.org/maven2/org/apache/tomcat/embed/tomcat-embed-core/11.0.24/tomcat-embed-core-11.0.24-sources.jar
2026-09-06 09:30:07,894 [Worker-57: Download sources and javadoc] INFO  o.e.m.c.i.e.AbstractTransferListenerAdapter - Downloaded https://repo.maven.apache.org/maven2/org/apache/tomcat/embed/tomcat-embed-core/11.0.24/tomcat-embed-core-11.0.24-sources.jar
2026-09-06 09:30:07,898 [Worker-57: Download sources and javadoc] INFO  o.e.m.j.internal.DownloadSourcesJob - Downloaded sources for org.apache.tomcat.embed:tomcat-embed-core:11.0.24
2026-09-06 09:30:08,507 [Worker-57: Download sources and javadoc] INFO  o.e.m.c.i.e.AbstractTransferListenerAdapter - Downloading https://repo.maven.apache.org/maven2/org/apache/tomcat/embed/tomcat-embed-el/11.0.24/tomcat-embed-el-11.0.24-sources.jar
2026-09-06 09:30:08,698 [Worker-57: Download sources and javadoc] INFO  o.e.m.c.i.e.AbstractTransferListenerAdapter - Downloaded https://repo.maven.apache.org/maven2/org/apache/tomcat/embed/tomcat-embed-el/11.0.24/tomcat-embed-el-11.0.24-sources.jar
2026-09-06 09:30:08,702 [Worker-57: Download sources and javadoc] INFO  o.e.m.j.internal.DownloadSourcesJob - Downloaded sources for org.apache.tomcat.embed:tomcat-embed-el:11.0.24
2026-09-06 09:30:09,283 [Worker-57: Download sources and javadoc] INFO  o.e.m.c.i.e.AbstractTransferListenerAdapter - Downloading https://repo.maven.apache.org/maven2/org/apache/tomcat/embed/tomcat-embed-websocket/11.0.24/tomcat-embed-websocket-11.0.24-sources.jar
2026-09-06 09:30:09,554 [Worker-57: Download sources and javadoc] INFO  o.e.m.c.i.e.AbstractTransferListenerAdapter - Downloaded https://repo.maven.apache.org/maven2/org/apache/tomcat/embed/tomcat-embed-websocket/11.0.24/tomcat-embed-websocket-11.0.24-sources.jar
2026-09-06 09:30:09,560 [Worker-57: Download sources and javadoc] INFO  o.e.m.j.internal.DownloadSourcesJob - Downloaded sources for org.apache.tomcat.embed:tomcat-embed-websocket:11.0.24
2026-09-06 09:30:10,759 [Worker-57: Download sources and javadoc] INFO  o.e.m.c.i.e.AbstractTransferListenerAdapter - Downloading https://repo.maven.apache.org/maven2/org/springframework/boot/spring-boot-tomcat/4.0.8/spring-boot-tomcat-4.0.8-sources.jar
2026-09-06 09:30:10,802 [Worker-57: Download sources and javadoc] INFO  o.e.m.c.i.e.AbstractTransferListenerAdapter - Downloaded https://repo.maven.apache.org/maven2/org/springframework/boot/spring-boot-tomcat/4.0.8/spring-boot-tomcat-4.0.8-sources.jar
2026-09-06 09:30:10,807 [Worker-57: Download sources and javadoc] INFO  o.e.m.j.internal.DownloadSourcesJob - Downloaded sources for org.springframework.boot:spring-boot-tomcat:4.0.8
2026-09-06 09:30:11,798 [Worker-57: Download sources and javadoc] INFO  o.e.m.c.i.e.AbstractTransferListenerAdapter - Downloading https://repo.maven.apache.org/maven2/org/springframework/boot/spring-boot-http-converter/4.0.8/spring-boot-http-converter-4.0.8-sources.jar
2026-09-06 09:30:11,804 [Worker-57: Download sources and javadoc] INFO  o.e.m.c.i.e.AbstractTransferListenerAdapter - Downloaded https://repo.maven.apache.org/maven2/org/springframework/boot/spring-boot-http-converter/4.0.8/spring-boot-http-converter-4.0.8-sources.jar
2026-09-06 09:30:11,808 [Worker-57: Download sources and javadoc] INFO  o.e.m.j.internal.DownloadSourcesJob - Downloaded sources for org.springframework.boot:spring-boot-http-converter:4.0.8
2026-09-06 09:30:12,631 [Worker-57: Download sources and javadoc] INFO  o.e.m.c.i.e.AbstractTransferListenerAdapter - Downloading https://repo.maven.apache.org/maven2/org/springframework/spring-web/7.0.9/spring-web-7.0.9-sources.jar
2026-09-06 09:30:13,420 [Worker-57: Download sources and javadoc] INFO  o.e.m.c.i.e.AbstractTransferListenerAdapter - Downloaded https://repo.maven.apache.org/maven2/org/springframework/spring-web/7.0.9/spring-web-7.0.9-sources.jar
2026-09-06 09:30:13,424 [Worker-57: Download sources and javadoc] INFO  o.e.m.j.internal.DownloadSourcesJob - Downloaded sources for org.springframework:spring-web:7.0.9
2026-09-06 09:30:13,956 [Worker-57: Download sources and javadoc] INFO  o.e.m.c.i.e.AbstractTransferListenerAdapter - Downloading https://repo.maven.apache.org/maven2/io/micrometer/micrometer-observation/1.16.7/micrometer-observation-1.16.7-sources.jar
2026-09-06 09:30:14,030 [Worker-57: Download sources and javadoc] INFO  o.e.m.c.i.e.AbstractTransferListenerAdapter - Downloaded https://repo.maven.apache.org/maven2/io/micrometer/micrometer-observation/1.16.7/micrometer-observation-1.16.7-sources.jar
2026-09-06 09:30:14,034 [Worker-57: Download sources and javadoc] INFO  o.e.m.j.internal.DownloadSourcesJob - Downloaded sources for io.micrometer:micrometer-observation:1.16.7
2026-09-06 09:30:14,550 [Worker-57: Download sources and javadoc] INFO  o.e.m.c.i.e.AbstractTransferListenerAdapter - Downloading https://repo.maven.apache.org/maven2/io/micrometer/micrometer-commons/1.16.7/micrometer-commons-1.16.7-sources.jar
2026-09-06 09:30:14,569 [Worker-57: Download sources and javadoc] INFO  o.e.m.c.i.e.AbstractTransferListenerAdapter - Downloaded https://repo.maven.apache.org/maven2/io/micrometer/micrometer-commons/1.16.7/micrometer-commons-1.16.7-sources.jar
2026-09-06 09:30:14,573 [Worker-57: Download sources and javadoc] INFO  o.e.m.j.internal.DownloadSourcesJob - Downloaded sources for io.micrometer:micrometer-commons:1.16.7
2026-09-06 09:30:15,573 [Worker-57: Download sources and javadoc] INFO  o.e.m.c.i.e.AbstractTransferListenerAdapter - Downloading https://repo.maven.apache.org/maven2/org/springframework/boot/spring-boot-webmvc/4.0.8/spring-boot-webmvc-4.0.8-sources.jar
2026-09-06 09:30:15,615 [Worker-57: Download sources and javadoc] INFO  o.e.m.c.i.e.AbstractTransferListenerAdapter - Downloaded https://repo.maven.apache.org/maven2/org/springframework/boot/spring-boot-webmvc/4.0.8/spring-boot-webmvc-4.0.8-sources.jar
2026-09-06 09:30:15,620 [Worker-57: Download sources and javadoc] INFO  o.e.m.j.internal.DownloadSourcesJob - Downloaded sources for org.springframework.boot:spring-boot-webmvc:4.0.8
2026-09-06 09:30:16,272 [Worker-57: Download sources and javadoc] INFO  o.e.m.c.i.e.AbstractTransferListenerAdapter - Downloading https://repo.maven.apache.org/maven2/org/springframework/boot/spring-boot-servlet/4.0.8/spring-boot-servlet-4.0.8-sources.jar
2026-09-06 09:30:16,316 [Worker-57: Download sources and javadoc] INFO  o.e.m.c.i.e.AbstractTransferListenerAdapter - Downloaded https://repo.maven.apache.org/maven2/org/springframework/boot/spring-boot-servlet/4.0.8/spring-boot-servlet-4.0.8-sources.jar
2026-09-06 09:30:16,319 [Worker-57: Download sources and javadoc] INFO  o.e.m.j.internal.DownloadSourcesJob - Downloaded sources for org.springframework.boot:spring-boot-servlet:4.0.8
2026-09-06 09:30:17,522 [Worker-57: Download sources and javadoc] INFO  o.e.m.c.i.e.AbstractTransferListenerAdapter - Downloading https://repo.maven.apache.org/maven2/org/springframework/spring-webmvc/7.0.9/spring-webmvc-7.0.9-sources.jar
2026-09-06 09:30:18,371 [Worker-57: Download sources and javadoc] INFO  o.e.m.c.i.e.AbstractTransferListenerAdapter - Downloaded https://repo.maven.apache.org/maven2/org/springframework/spring-webmvc/7.0.9/spring-webmvc-7.0.9-sources.jar
2026-09-06 09:30:18,374 [Worker-57: Download sources and javadoc] INFO  o.e.m.j.internal.DownloadSourcesJob - Downloaded sources for org.springframework:spring-webmvc:7.0.9
2026-09-06 09:30:18,590 [Worker-57: Download sources and javadoc] INFO  o.e.m.c.i.e.AbstractTransferListenerAdapter - Downloading https://repo.maven.apache.org/maven2/org/springframework/spring-expression/7.0.9/spring-expression-7.0.9-sources.jar
2026-09-06 09:30:18,690 [Worker-57: Download sources and javadoc] INFO  o.e.m.c.i.e.AbstractTransferListenerAdapter - Downloaded https://repo.maven.apache.org/maven2/org/springframework/spring-expression/7.0.9/spring-expression-7.0.9-sources.jar
2026-09-06 09:30:18,694 [Worker-57: Download sources and javadoc] INFO  o.e.m.j.internal.DownloadSourcesJob - Downloaded sources for org.springframework:spring-expression:7.0.9
2026-09-06 09:30:19,456 [Worker-57: Download sources and javadoc] INFO  o.e.m.c.i.e.AbstractTransferListenerAdapter - Downloading https://repo.maven.apache.org/maven2/org/springframework/boot/spring-boot-starter-data-jpa-test/4.0.8/spring-boot-starter-data-jpa-test-4.0.8-sources.jar
2026-09-06 09:30:19,476 [Worker-57: Download sources and javadoc] INFO  o.e.m.c.i.e.AbstractTransferListenerAdapter - Downloaded https://repo.maven.apache.org/maven2/org/springframework/boot/spring-boot-starter-data-jpa-test/4.0.8/spring-boot-starter-data-jpa-test-4.0.8-sources.jar
2026-09-06 09:30:19,480 [Worker-57: Download sources and javadoc] INFO  o.e.m.j.internal.DownloadSourcesJob - Downloaded sources for org.springframework.boot:spring-boot-starter-data-jpa-test:4.0.8
2026-09-06 09:30:20,385 [Worker-57: Download sources and javadoc] INFO  o.e.m.c.i.e.AbstractTransferListenerAdapter - Downloading https://repo.maven.apache.org/maven2/org/springframework/boot/spring-boot-starter-test/4.0.8/spring-boot-starter-test-4.0.8-sources.jar
2026-09-06 09:30:20,405 [Worker-57: Download sources and javadoc] INFO  o.e.m.c.i.e.AbstractTransferListenerAdapter - Downloaded https://repo.maven.apache.org/maven2/org/springframework/boot/spring-boot-starter-test/4.0.8/spring-boot-starter-test-4.0.8-sources.jar
2026-09-06 09:30:20,409 [Worker-57: Download sources and javadoc] INFO  o.e.m.j.internal.DownloadSourcesJob - Downloaded sources for org.springframework.boot:spring-boot-starter-test:4.0.8
2026-09-06 09:30:21,308 [Worker-57: Download sources and javadoc] INFO  o.e.m.c.i.e.AbstractTransferListenerAdapter - Downloading https://repo.maven.apache.org/maven2/org/springframework/boot/spring-boot-test/4.0.8/spring-boot-test-4.0.8-sources.jar
2026-09-06 09:30:21,373 [Worker-57: Download sources and javadoc] INFO  o.e.m.c.i.e.AbstractTransferListenerAdapter - Downloaded https://repo.maven.apache.org/maven2/org/springframework/boot/spring-boot-test/4.0.8/spring-boot-test-4.0.8-sources.jar
2026-09-06 09:30:21,377 [Worker-57: Download sources and javadoc] INFO  o.e.m.j.internal.DownloadSourcesJob - Downloaded sources for org.springframework.boot:spring-boot-test:4.0.8
2026-09-06 09:30:22,682 [Worker-57: Download sources and javadoc] INFO  o.e.m.c.i.e.AbstractTransferListenerAdapter - Downloading https://repo.maven.apache.org/maven2/org/springframework/boot/spring-boot-test-autoconfigure/4.0.8/spring-boot-test-autoconfigure-4.0.8-sources.jar
2026-09-06 09:30:22,747 [Worker-57: Download sources and javadoc] INFO  o.e.m.c.i.e.AbstractTransferListenerAdapter - Downloaded https://repo.maven.apache.org/maven2/org/springframework/boot/spring-boot-test-autoconfigure/4.0.8/spring-boot-test-autoconfigure-4.0.8-sources.jar
2026-09-06 09:30:22,749 [Worker-57: Download sources and javadoc] INFO  o.e.m.j.internal.DownloadSourcesJob - Downloaded sources for org.springframework.boot:spring-boot-test-autoconfigure:4.0.8
2026-09-06 09:30:23,299 [Worker-57: Download sources and javadoc] INFO  o.e.m.c.i.e.AbstractTransferListenerAdapter - Downloading https://repo.maven.apache.org/maven2/org/springframework/spring-core/7.0.9/spring-core-7.0.9-sources.jar
2026-09-06 09:30:24,164 [Worker-57: Download sources and javadoc] INFO  o.e.m.c.i.e.AbstractTransferListenerAdapter - Downloaded https://repo.maven.apache.org/maven2/org/springframework/spring-core/7.0.9/spring-core-7.0.9-sources.jar
2026-09-06 09:30:24,167 [Worker-57: Download sources and javadoc] INFO  o.e.m.j.internal.DownloadSourcesJob - Downloaded sources for org.springframework:spring-core:7.0.9
2026-09-06 09:30:25,198 [Worker-57: Download sources and javadoc] INFO  o.e.m.c.i.e.AbstractTransferListenerAdapter - Downloading https://repo.maven.apache.org/maven2/org/jspecify/jspecify/1.0.1/jspecify-1.0.1-sources.jar
2026-09-06 09:30:25,203 [Worker-57: Download sources and javadoc] INFO  o.e.m.c.i.e.AbstractTransferListenerAdapter - Downloaded https://repo.maven.apache.org/maven2/org/jspecify/jspecify/1.0.1/jspecify-1.0.1-sources.jar
2026-09-06 09:30:25,206 [Worker-57: Download sources and javadoc] INFO  o.e.m.j.internal.DownloadSourcesJob - Downloaded sources for org.jspecify:jspecify:1.0.1
2026-09-06 09:30:26,238 [Worker-57: Download sources and javadoc] INFO  o.e.m.c.i.e.AbstractTransferListenerAdapter - Downloading https://repo.maven.apache.org/maven2/org/springframework/spring-test/7.0.9/spring-test-7.0.9-sources.jar
2026-09-06 09:30:26,759 [Worker-57: Download sources and javadoc] INFO  o.e.m.c.i.e.AbstractTransferListenerAdapter - Downloaded https://repo.maven.apache.org/maven2/org/springframework/spring-test/7.0.9/spring-test-7.0.9-sources.jar
2026-09-06 09:30:26,763 [Worker-57: Download sources and javadoc] INFO  o.e.m.j.internal.DownloadSourcesJob - Downloaded sources for org.springframework:spring-test:7.0.9
2026-09-06 09:30:28,180 [Worker-57: Download sources and javadoc] INFO  o.e.m.c.i.e.AbstractTransferListenerAdapter - Downloading https://repo.maven.apache.org/maven2/org/springframework/boot/spring-boot-starter-jdbc-test/4.0.8/spring-boot-starter-jdbc-test-4.0.8-sources.jar
2026-09-06 09:30:28,186 [Worker-57: Download sources and javadoc] INFO  o.e.m.c.i.e.AbstractTransferListenerAdapter - Downloaded https://repo.maven.apache.org/maven2/org/springframework/boot/spring-boot-starter-jdbc-test/4.0.8/spring-boot-starter-jdbc-test-4.0.8-sources.jar
2026-09-06 09:30:28,190 [Worker-57: Download sources and javadoc] INFO  o.e.m.j.internal.DownloadSourcesJob - Downloaded sources for org.springframework.boot:spring-boot-starter-jdbc-test:4.0.8
2026-09-06 09:30:29,294 [Worker-57: Download sources and javadoc] INFO  o.e.m.c.i.e.AbstractTransferListenerAdapter - Downloading https://repo.maven.apache.org/maven2/org/springframework/boot/spring-boot-jdbc-test/4.0.8/spring-boot-jdbc-test-4.0.8-sources.jar
2026-09-06 09:30:29,299 [Worker-57: Download sources and javadoc] INFO  o.e.m.c.i.e.AbstractTransferListenerAdapter - Downloaded https://repo.maven.apache.org/maven2/org/springframework/boot/spring-boot-jdbc-test/4.0.8/spring-boot-jdbc-test-4.0.8-sources.jar
2026-09-06 09:30:29,303 [Worker-57: Download sources and javadoc] INFO  o.e.m.j.internal.DownloadSourcesJob - Downloaded sources for org.springframework.boot:spring-boot-jdbc-test:4.0.8
2026-09-06 09:30:29,922 [Worker-57: Download sources and javadoc] INFO  o.e.m.c.i.e.AbstractTransferListenerAdapter - Downloading https://repo.maven.apache.org/maven2/org/springframework/boot/spring-boot-data-jpa-test/4.0.8/spring-boot-data-jpa-test-4.0.8-sources.jar
2026-09-06 09:30:29,930 [Worker-57: Download sources and javadoc] INFO  o.e.m.c.i.e.AbstractTransferListenerAdapter - Downloaded https://repo.maven.apache.org/maven2/org/springframework/boot/spring-boot-data-jpa-test/4.0.8/spring-boot-data-jpa-test-4.0.8-sources.jar
2026-09-06 09:30:29,936 [Worker-57: Download sources and javadoc] INFO  o.e.m.j.internal.DownloadSourcesJob - Downloaded sources for org.springframework.boot:spring-boot-data-jpa-test:4.0.8
2026-09-06 09:30:30,949 [Worker-57: Download sources and javadoc] INFO  o.e.m.c.i.e.AbstractTransferListenerAdapter - Downloading https://repo.maven.apache.org/maven2/org/springframework/boot/spring-boot-jpa-test/4.0.8/spring-boot-jpa-test-4.0.8-sources.jar
2026-09-06 09:30:30,956 [Worker-57: Download sources and javadoc] INFO  o.e.m.c.i.e.AbstractTransferListenerAdapter - Downloaded https://repo.maven.apache.org/maven2/org/springframework/boot/spring-boot-jpa-test/4.0.8/spring-boot-jpa-test-4.0.8-sources.jar
2026-09-06 09:30:30,961 [Worker-57: Download sources and javadoc] INFO  o.e.m.j.internal.DownloadSourcesJob - Downloaded sources for org.springframework.boot:spring-boot-jpa-test:4.0.8
2026-09-06 09:30:31,445 [Worker-57: Download sources and javadoc] INFO  o.e.m.c.i.e.AbstractTransferListenerAdapter - Downloading https://repo.maven.apache.org/maven2/org/springframework/boot/spring-boot-starter-webmvc-test/4.0.8/spring-boot-starter-webmvc-test-4.0.8-sources.jar
2026-09-06 09:30:31,451 [Worker-57: Download sources and javadoc] INFO  o.e.m.c.i.e.AbstractTransferListenerAdapter - Downloaded https://repo.maven.apache.org/maven2/org/springframework/boot/spring-boot-starter-webmvc-test/4.0.8/spring-boot-starter-webmvc-test-4.0.8-sources.jar
2026-09-06 09:30:31,456 [Worker-57: Download sources and javadoc] INFO  o.e.m.j.internal.DownloadSourcesJob - Downloaded sources for org.springframework.boot:spring-boot-starter-webmvc-test:4.0.8
2026-09-06 09:30:32,033 [Worker-57: Download sources and javadoc] INFO  o.e.m.c.i.e.AbstractTransferListenerAdapter - Downloading https://repo.maven.apache.org/maven2/org/springframework/boot/spring-boot-starter-jackson-test/4.0.8/spring-boot-starter-jackson-test-4.0.8-sources.jar
2026-09-06 09:30:32,040 [Worker-57: Download sources and javadoc] INFO  o.e.m.c.i.e.AbstractTransferListenerAdapter - Downloaded https://repo.maven.apache.org/maven2/org/springframework/boot/spring-boot-starter-jackson-test/4.0.8/spring-boot-starter-jackson-test-4.0.8-sources.jar
2026-09-06 09:30:32,045 [Worker-57: Download sources and javadoc] INFO  o.e.m.j.internal.DownloadSourcesJob - Downloaded sources for org.springframework.boot:spring-boot-starter-jackson-test:4.0.8
2026-09-06 09:30:33,193 [Worker-57: Download sources and javadoc] INFO  o.e.m.c.i.e.AbstractTransferListenerAdapter - Downloading https://repo.maven.apache.org/maven2/org/springframework/boot/spring-boot-webmvc-test/4.0.8/spring-boot-webmvc-test-4.0.8-sources.jar
2026-09-06 09:30:33,279 [Worker-57: Download sources and javadoc] INFO  o.e.m.c.i.e.AbstractTransferListenerAdapter - Downloaded https://repo.maven.apache.org/maven2/org/springframework/boot/spring-boot-webmvc-test/4.0.8/spring-boot-webmvc-test-4.0.8-sources.jar
2026-09-06 09:30:33,283 [Worker-57: Download sources and javadoc] INFO  o.e.m.j.internal.DownloadSourcesJob - Downloaded sources for org.springframework.boot:spring-boot-webmvc-test:4.0.8
2026-09-06 09:30:35,145 [Worker-57: Download sources and javadoc] INFO  o.e.m.c.i.e.AbstractTransferListenerAdapter - Downloading https://repo.maven.apache.org/maven2/org/springframework/boot/spring-boot-web-server/4.0.8/spring-boot-web-server-4.0.8-sources.jar
2026-09-06 09:30:35,241 [Worker-57: Download sources and javadoc] INFO  o.e.m.c.i.e.AbstractTransferListenerAdapter - Downloaded https://repo.maven.apache.org/maven2/org/springframework/boot/spring-boot-web-server/4.0.8/spring-boot-web-server-4.0.8-sources.jar
2026-09-06 09:30:35,245 [Worker-57: Download sources and javadoc] INFO  o.e.m.j.internal.DownloadSourcesJob - Downloaded sources for org.springframework.boot:spring-boot-web-server:4.0.8
2026-09-06 09:30:36,055 [Worker-57: Download sources and javadoc] INFO  o.e.m.c.i.e.AbstractTransferListenerAdapter - Downloading https://repo.maven.apache.org/maven2/org/springframework/boot/spring-boot-resttestclient/4.0.8/spring-boot-resttestclient-4.0.8-sources.jar
2026-09-06 09:30:36,076 [Worker-57: Download sources and javadoc] INFO  o.e.m.c.i.e.AbstractTransferListenerAdapter - Downloaded https://repo.maven.apache.org/maven2/org/springframework/boot/spring-boot-resttestclient/4.0.8/spring-boot-resttestclient-4.0.8-sources.jar
2026-09-06 09:30:36,081 [Worker-57: Download sources and javadoc] INFO  o.e.m.j.internal.DownloadSourcesJob - Downloaded sources for org.springframework.boot:spring-boot-resttestclient:4.0.8
2026-09-06 09:30:48,992 [Worker-61: Updating Maven Project] INFO  o.e.m.c.i.p.ProjectConfigurationManager - Update started
2026-09-06 09:30:49,696 [Worker-61: Updating Maven Project] INFO  o.e.m.c.i.l.LifecycleMappingFactory - Using org.eclipse.m2e.jdt.JarLifecycleMapping lifecycle mapping for MavenProject: in.cs:OnlineBankingSystem-1:1.0 @ C:\Users\PMLS\Desktop\RealProjects\OnlineBankingSystem-1\pom.xml.
2026-09-06 09:30:50,618 [Worker-61: Updating Maven Project] INFO  o.e.m.j.i.AbstractJavaProjectConfigurator - Adding source folder /OnlineBankingSystem-1/src/main/java
2026-09-06 09:30:50,619 [Worker-61: Updating Maven Project] INFO  o.e.m.j.i.AbstractJavaProjectConfigurator - Adding resource folder /OnlineBankingSystem-1/src/main/resources
2026-09-06 09:30:50,621 [Worker-61: Updating Maven Project] INFO  o.e.m.j.i.AbstractJavaProjectConfigurator - Adding resource folder /OnlineBankingSystem-1/src/main/resources
2026-09-06 09:30:50,622 [Worker-61: Updating Maven Project] INFO  o.e.m.j.i.AbstractJavaProjectConfigurator - Adding source folder /OnlineBankingSystem-1/src/test/java
2026-09-06 09:30:50,623 [Worker-61: Updating Maven Project] INFO  o.e.m.j.i.AbstractJavaProjectConfigurator - Adding resource folder /OnlineBankingSystem-1/src/test/resources
2026-09-06 09:30:50,895 [Worker-61: Updating Maven Project] WARN  o.apache.maven.project.MavenProject - Direct modification of compileSourceRoots through clear() is deprecated and will not work in Maven 4.0.0. Please use the add/remove methods instead. If you're using a plugin that causes this warning, please upgrade to the latest version and report an issue if the warning persists. To disable these warnings, set -Dmaven.project.sourceRoots.warningsDisabled=true on the command line, in the .mvn/maven.config file, or in project POM properties.
2026-09-06 09:30:50,896 [Worker-61: Updating Maven Project] WARN  o.apache.maven.project.MavenProject - Direct modification of compileSourceRoots through add() is deprecated and will not work in Maven 4.0.0. Please use the add/remove methods instead. If you're using a plugin that causes this warning, please upgrade to the latest version and report an issue if the warning persists. To disable these warnings, set -Dmaven.project.sourceRoots.warningsDisabled=true on the command line, in the .mvn/maven.config file, or in project POM properties.
2026-09-06 09:30:50,897 [Worker-61: Updating Maven Project] WARN  o.apache.maven.project.MavenProject - Direct modification of testCompileSourceRoots through clear() is deprecated and will not work in Maven 4.0.0. Please use the add/remove methods instead. If you're using a plugin that causes this warning, please upgrade to the latest version and report an issue if the warning persists. To disable these warnings, set -Dmaven.project.sourceRoots.warningsDisabled=true on the command line, in the .mvn/maven.config file, or in project POM properties.
2026-09-06 09:30:50,898 [Worker-61: Updating Maven Project] WARN  o.apache.maven.project.MavenProject - Direct modification of testCompileSourceRoots through add() is deprecated and will not work in Maven 4.0.0. Please use the add/remove methods instead. If you're using a plugin that causes this warning, please upgrade to the latest version and report an issue if the warning persists. To disable these warnings, set -Dmaven.project.sourceRoots.warningsDisabled=true on the command line, in the .mvn/maven.config file, or in project POM properties.
2026-09-06 09:30:51,028 [Worker-61: Updating Maven Project] INFO  o.e.m.c.i.p.ProjectConfigurationManager - Update completed for 1 poms: local refresh takes 0.00 sec, refresh facades takes 1.00 sec, update config takes 0.00 sec 
2026-09-06 09:30:53,854 [Worker-63: Building] INFO  o.a.m.s.f.DefaultMavenResourcesFiltering - Copying 1 resource from src\main\resources to target\classes
2026-09-06 09:30:53,891 [Worker-63: Building] INFO  o.a.m.s.f.DefaultMavenResourcesFiltering - Copying 0 resource from src\main\resources to target\classes
2026-09-06 09:30:53,906 [Worker-63: Building] INFO  o.a.m.s.f.DefaultMavenResourcesFiltering - skip non existing resourceDirectory C:\Users\PMLS\Desktop\RealProjects\OnlineBankingSystem-1\src\test\resources
2026-09-06 09:30:53,970 [Worker-63: Building] WARN  o.apache.maven.project.MavenProject - Direct modification of compileSourceRoots through clear() is deprecated and will not work in Maven 4.0.0. Please use the add/remove methods instead. If you're using a plugin that causes this warning, please upgrade to the latest version and report an issue if the warning persists. To disable these warnings, set -Dmaven.project.sourceRoots.warningsDisabled=true on the command line, in the .mvn/maven.config file, or in project POM properties.
2026-09-06 09:30:53,972 [Worker-63: Building] WARN  o.apache.maven.project.MavenProject - Direct modification of compileSourceRoots through add() is deprecated and will not work in Maven 4.0.0. Please use the add/remove methods instead. If you're using a plugin that causes this warning, please upgrade to the latest version and report an issue if the warning persists. To disable these warnings, set -Dmaven.project.sourceRoots.warningsDisabled=true on the command line, in the .mvn/maven.config file, or in project POM properties.
2026-09-06 09:30:53,973 [Worker-63: Building] WARN  o.apache.maven.project.MavenProject - Direct modification of testCompileSourceRoots through clear() is deprecated and will not work in Maven 4.0.0. Please use the add/remove methods instead. If you're using a plugin that causes this warning, please upgrade to the latest version and report an issue if the warning persists. To disable these warnings, set -Dmaven.project.sourceRoots.warningsDisabled=true on the command line, in the .mvn/maven.config file, or in project POM properties.
2026-09-06 09:30:53,974 [Worker-63: Building] WARN  o.apache.maven.project.MavenProject - Direct modification of testCompileSourceRoots through add() is deprecated and will not work in Maven 4.0.0. Please use the add/remove methods instead. If you're using a plugin that causes this warning, please upgrade to the latest version and report an issue if the warning persists. To disable these warnings, set -Dmaven.project.sourceRoots.warningsDisabled=true on the command line, in the .mvn/maven.config file, or in project POM properties.
2026-09-06 09:43:00,121 [Worker-62: Building] INFO  o.a.m.s.f.DefaultMavenResourcesFiltering - Copying 1 resource from src\main\resources to target\classes
2026-09-06 09:43:00,133 [Worker-62: Building] INFO  o.a.m.s.f.DefaultMavenResourcesFiltering - Copying 0 resource from src\main\resources to target\classes
2026-09-06 09:43:00,141 [Worker-62: Building] INFO  o.a.m.s.f.DefaultMavenResourcesFiltering - skip non existing resourceDirectory C:\Users\PMLS\Desktop\RealProjects\OnlineBankingSystem-1\src\test\resources
2026-09-06 09:43:00,142 [Worker-62: Building] WARN  o.apache.maven.project.MavenProject - Direct modification of compileSourceRoots through clear() is deprecated and will not work in Maven 4.0.0. Please use the add/remove methods instead. If you're using a plugin that causes this warning, please upgrade to the latest version and report an issue if the warning persists. To disable these warnings, set -Dmaven.project.sourceRoots.warningsDisabled=true on the command line, in the .mvn/maven.config file, or in project POM properties.
2026-09-06 09:43:00,146 [Worker-62: Building] WARN  o.apache.maven.project.MavenProject - Direct modification of compileSourceRoots through add() is deprecated and will not work in Maven 4.0.0. Please use the add/remove methods instead. If you're using a plugin that causes this warning, please upgrade to the latest version and report an issue if the warning persists. To disable these warnings, set -Dmaven.project.sourceRoots.warningsDisabled=true on the command line, in the .mvn/maven.config file, or in project POM properties.
2026-09-06 09:43:00,149 [Worker-62: Building] WARN  o.apache.maven.project.MavenProject - Direct modification of testCompileSourceRoots through clear() is deprecated and will not work in Maven 4.0.0. Please use the add/remove methods instead. If you're using a plugin that causes this warning, please upgrade to the latest version and report an issue if the warning persists. To disable these warnings, set -Dmaven.project.sourceRoots.warningsDisabled=true on the command line, in the .mvn/maven.config file, or in project POM properties.
2026-09-06 09:43:00,151 [Worker-62: Building] WARN  o.apache.maven.project.MavenProject - Direct modification of testCompileSourceRoots through add() is deprecated and will not work in Maven 4.0.0. Please use the add/remove methods instead. If you're using a plugin that causes this warning, please upgrade to the latest version and report an issue if the warning persists. To disable these warnings, set -Dmaven.project.sourceRoots.warningsDisabled=true on the command line, in the .mvn/maven.config file, or in project POM properties.
2026-09-06 09:43:58,756 [Worker-62: Building] INFO  o.a.m.s.f.DefaultMavenResourcesFiltering - Copying 1 resource from src\main\resources to target\classes
2026-09-06 09:43:58,765 [Worker-62: Building] INFO  o.a.m.s.f.DefaultMavenResourcesFiltering - Copying 0 resource from src\main\resources to target\classes
2026-09-06 09:43:58,777 [Worker-62: Building] INFO  o.a.m.s.f.DefaultMavenResourcesFiltering - skip non existing resourceDirectory C:\Users\PMLS\Desktop\RealProjects\OnlineBankingSystem-1\src\test\resources
2026-09-06 09:43:58,778 [Worker-62: Building] WARN  o.apache.maven.project.MavenProject - Direct modification of compileSourceRoots through clear() is deprecated and will not work in Maven 4.0.0. Please use the add/remove methods instead. If you're using a plugin that causes this warning, please upgrade to the latest version and report an issue if the warning persists. To disable these warnings, set -Dmaven.project.sourceRoots.warningsDisabled=true on the command line, in the .mvn/maven.config file, or in project POM properties.
2026-09-06 09:43:58,779 [Worker-62: Building] WARN  o.apache.maven.project.MavenProject - Direct modification of compileSourceRoots through add() is deprecated and will not work in Maven 4.0.0. Please use the add/remove methods instead. If you're using a plugin that causes this warning, please upgrade to the latest version and report an issue if the warning persists. To disable these warnings, set -Dmaven.project.sourceRoots.warningsDisabled=true on the command line, in the .mvn/maven.config file, or in project POM properties.
2026-09-06 09:43:58,780 [Worker-62: Building] WARN  o.apache.maven.project.MavenProject - Direct modification of testCompileSourceRoots through clear() is deprecated and will not work in Maven 4.0.0. Please use the add/remove methods instead. If you're using a plugin that causes this warning, please upgrade to the latest version and report an issue if the warning persists. To disable these warnings, set -Dmaven.project.sourceRoots.warningsDisabled=true on the command line, in the .mvn/maven.config file, or in project POM properties.
2026-09-06 09:43:58,781 [Worker-62: Building] WARN  o.apache.maven.project.MavenProject - Direct modification of testCompileSourceRoots through add() is deprecated and will not work in Maven 4.0.0. Please use the add/remove methods instead. If you're using a plugin that causes this warning, please upgrade to the latest version and report an issue if the warning persists. To disable these warnings, set -Dmaven.project.sourceRoots.warningsDisabled=true on the command line, in the .mvn/maven.config file, or in project POM properties.
2026-09-06 09:44:17,755 [Worker-62: Building] INFO  o.a.m.s.f.DefaultMavenResourcesFiltering - Copying 1 resource from src\main\resources to target\classes
2026-09-06 09:44:17,773 [Worker-62: Building] INFO  o.a.m.s.f.DefaultMavenResourcesFiltering - Copying 0 resource from src\main\resources to target\classes
2026-09-06 09:44:17,782 [Worker-62: Building] INFO  o.a.m.s.f.DefaultMavenResourcesFiltering - skip non existing resourceDirectory C:\Users\PMLS\Desktop\RealProjects\OnlineBankingSystem-1\src\test\resources
2026-09-06 09:44:17,804 [Worker-62: Building] WARN  o.apache.maven.project.MavenProject - Direct modification of compileSourceRoots through clear() is deprecated and will not work in Maven 4.0.0. Please use the add/remove methods instead. If you're using a plugin that causes this warning, please upgrade to the latest version and report an issue if the warning persists. To disable these warnings, set -Dmaven.project.sourceRoots.warningsDisabled=true on the command line, in the .mvn/maven.config file, or in project POM properties.
2026-09-06 09:44:17,805 [Worker-62: Building] WARN  o.apache.maven.project.MavenProject - Direct modification of compileSourceRoots through add() is deprecated and will not work in Maven 4.0.0. Please use the add/remove methods instead. If you're using a plugin that causes this warning, please upgrade to the latest version and report an issue if the warning persists. To disable these warnings, set -Dmaven.project.sourceRoots.warningsDisabled=true on the command line, in the .mvn/maven.config file, or in project POM properties.
2026-09-06 09:44:17,806 [Worker-62: Building] WARN  o.apache.maven.project.MavenProject - Direct modification of testCompileSourceRoots through clear() is deprecated and will not work in Maven 4.0.0. Please use the add/remove methods instead. If you're using a plugin that causes this warning, please upgrade to the latest version and report an issue if the warning persists. To disable these warnings, set -Dmaven.project.sourceRoots.warningsDisabled=true on the command line, in the .mvn/maven.config file, or in project POM properties.
2026-09-06 09:44:17,807 [Worker-62: Building] WARN  o.apache.maven.project.MavenProject - Direct modification of testCompileSourceRoots through add() is deprecated and will not work in Maven 4.0.0. Please use the add/remove methods instead. If you're using a plugin that causes this warning, please upgrade to the latest version and report an issue if the warning persists. To disable these warnings, set -Dmaven.project.sourceRoots.warningsDisabled=true on the command line, in the .mvn/maven.config file, or in project POM properties.
2026-09-06 09:44:49,049 [Worker-67: Building] INFO  o.a.m.s.f.DefaultMavenResourcesFiltering - Copying 1 resource from src\main\resources to target\classes
2026-09-06 09:44:49,068 [Worker-67: Building] INFO  o.a.m.s.f.DefaultMavenResourcesFiltering - Copying 0 resource from src\main\resources to target\classes
2026-09-06 09:44:49,076 [Worker-67: Building] INFO  o.a.m.s.f.DefaultMavenResourcesFiltering - skip non existing resourceDirectory C:\Users\PMLS\Desktop\RealProjects\OnlineBankingSystem-1\src\test\resources
2026-09-06 09:44:49,077 [Worker-67: Building] WARN  o.apache.maven.project.MavenProject - Direct modification of compileSourceRoots through clear() is deprecated and will not work in Maven 4.0.0. Please use the add/remove methods instead. If you're using a plugin that causes this warning, please upgrade to the latest version and report an issue if the warning persists. To disable these warnings, set -Dmaven.project.sourceRoots.warningsDisabled=true on the command line, in the .mvn/maven.config file, or in project POM properties.
2026-09-06 09:44:49,079 [Worker-67: Building] WARN  o.apache.maven.project.MavenProject - Direct modification of compileSourceRoots through add() is deprecated and will not work in Maven 4.0.0. Please use the add/remove methods instead. If you're using a plugin that causes this warning, please upgrade to the latest version and report an issue if the warning persists. To disable these warnings, set -Dmaven.project.sourceRoots.warningsDisabled=true on the command line, in the .mvn/maven.config file, or in project POM properties.
2026-09-06 09:44:49,080 [Worker-67: Building] WARN  o.apache.maven.project.MavenProject - Direct modification of testCompileSourceRoots through clear() is deprecated and will not work in Maven 4.0.0. Please use the add/remove methods instead. If you're using a plugin that causes this warning, please upgrade to the latest version and report an issue if the warning persists. To disable these warnings, set -Dmaven.project.sourceRoots.warningsDisabled=true on the command line, in the .mvn/maven.config file, or in project POM properties.
2026-09-06 09:44:49,081 [Worker-67: Building] WARN  o.apache.maven.project.MavenProject - Direct modification of testCompileSourceRoots through add() is deprecated and will not work in Maven 4.0.0. Please use the add/remove methods instead. If you're using a plugin that causes this warning, please upgrade to the latest version and report an issue if the warning persists. To disable these warnings, set -Dmaven.project.sourceRoots.warningsDisabled=true on the command line, in the .mvn/maven.config file, or in project POM properties.
2026-09-06 09:45:10,703 [Worker-62: Building] INFO  o.a.m.s.f.DefaultMavenResourcesFiltering - Copying 1 resource from src\main\resources to target\classes
2026-09-06 09:45:10,724 [Worker-62: Building] INFO  o.a.m.s.f.DefaultMavenResourcesFiltering - Copying 0 resource from src\main\resources to target\classes
2026-09-06 09:45:10,732 [Worker-62: Building] INFO  o.a.m.s.f.DefaultMavenResourcesFiltering - skip non existing resourceDirectory C:\Users\PMLS\Desktop\RealProjects\OnlineBankingSystem-1\src\test\resources
2026-09-06 09:45:10,733 [Worker-62: Building] WARN  o.apache.maven.project.MavenProject - Direct modification of compileSourceRoots through clear() is deprecated and will not work in Maven 4.0.0. Please use the add/remove methods instead. If you're using a plugin that causes this warning, please upgrade to the latest version and report an issue if the warning persists. To disable these warnings, set -Dmaven.project.sourceRoots.warningsDisabled=true on the command line, in the .mvn/maven.config file, or in project POM properties.
2026-09-06 09:45:10,734 [Worker-62: Building] WARN  o.apache.maven.project.MavenProject - Direct modification of compileSourceRoots through add() is deprecated and will not work in Maven 4.0.0. Please use the add/remove methods instead. If you're using a plugin that causes this warning, please upgrade to the latest version and report an issue if the warning persists. To disable these warnings, set -Dmaven.project.sourceRoots.warningsDisabled=true on the command line, in the .mvn/maven.config file, or in project POM properties.
2026-09-06 09:45:10,735 [Worker-62: Building] WARN  o.apache.maven.project.MavenProject - Direct modification of testCompileSourceRoots through clear() is deprecated and will not work in Maven 4.0.0. Please use the add/remove methods instead. If you're using a plugin that causes this warning, please upgrade to the latest version and report an issue if the warning persists. To disable these warnings, set -Dmaven.project.sourceRoots.warningsDisabled=true on the command line, in the .mvn/maven.config file, or in project POM properties.
2026-09-06 09:45:10,735 [Worker-62: Building] WARN  o.apache.maven.project.MavenProject - Direct modification of testCompileSourceRoots through add() is deprecated and will not work in Maven 4.0.0. Please use the add/remove methods instead. If you're using a plugin that causes this warning, please upgrade to the latest version and report an issue if the warning persists. To disable these warnings, set -Dmaven.project.sourceRoots.warningsDisabled=true on the command line, in the .mvn/maven.config file, or in project POM properties.
2026-09-06 10:15:37,839 [Worker-75: Building] INFO  o.a.m.s.f.DefaultMavenResourcesFiltering - Copying 1 resource from src\main\resources to target\classes
2026-09-06 10:15:37,885 [Worker-75: Building] INFO  o.a.m.s.f.DefaultMavenResourcesFiltering - Copying 0 resource from src\main\resources to target\classes
2026-09-06 10:15:37,891 [Worker-75: Building] INFO  o.a.m.s.f.DefaultMavenResourcesFiltering - skip non existing resourceDirectory C:\Users\PMLS\Desktop\RealProjects\OnlineBankingSystem-1\src\test\resources
2026-09-06 10:15:37,893 [Worker-75: Building] WARN  o.apache.maven.project.MavenProject - Direct modification of compileSourceRoots through clear() is deprecated and will not work in Maven 4.0.0. Please use the add/remove methods instead. If you're using a plugin that causes this warning, please upgrade to the latest version and report an issue if the warning persists. To disable these warnings, set -Dmaven.project.sourceRoots.warningsDisabled=true on the command line, in the .mvn/maven.config file, or in project POM properties.
2026-09-06 10:15:37,896 [Worker-75: Building] WARN  o.apache.maven.project.MavenProject - Direct modification of compileSourceRoots through add() is deprecated and will not work in Maven 4.0.0. Please use the add/remove methods instead. If you're using a plugin that causes this warning, please upgrade to the latest version and report an issue if the warning persists. To disable these warnings, set -Dmaven.project.sourceRoots.warningsDisabled=true on the command line, in the .mvn/maven.config file, or in project POM properties.
2026-09-06 10:15:37,898 [Worker-75: Building] WARN  o.apache.maven.project.MavenProject - Direct modification of testCompileSourceRoots through clear() is deprecated and will not work in Maven 4.0.0. Please use the add/remove methods instead. If you're using a plugin that causes this warning, please upgrade to the latest version and report an issue if the warning persists. To disable these warnings, set -Dmaven.project.sourceRoots.warningsDisabled=true on the command line, in the .mvn/maven.config file, or in project POM properties.
2026-09-06 10:15:37,899 [Worker-75: Building] WARN  o.apache.maven.project.MavenProject - Direct modification of testCompileSourceRoots through add() is deprecated and will not work in Maven 4.0.0. Please use the add/remove methods instead. If you're using a plugin that causes this warning, please upgrade to the latest version and report an issue if the warning persists. To disable these warnings, set -Dmaven.project.sourceRoots.warningsDisabled=true on the command line, in the .mvn/maven.config file, or in project POM properties.
2026-09-06 10:15:51,676 [Worker-73: Building] INFO  o.a.m.s.f.DefaultMavenResourcesFiltering - Copying 1 resource from src\main\resources to target\classes
2026-09-06 10:15:51,689 [Worker-73: Building] INFO  o.a.m.s.f.DefaultMavenResourcesFiltering - Copying 0 resource from src\main\resources to target\classes
2026-09-06 10:15:51,695 [Worker-73: Building] INFO  o.a.m.s.f.DefaultMavenResourcesFiltering - skip non existing resourceDirectory C:\Users\PMLS\Desktop\RealProjects\OnlineBankingSystem-1\src\test\resources
2026-09-06 10:15:51,755 [Worker-73: Building] WARN  o.apache.maven.project.MavenProject - Direct modification of compileSourceRoots through clear() is deprecated and will not work in Maven 4.0.0. Please use the add/remove methods instead. If you're using a plugin that causes this warning, please upgrade to the latest version and report an issue if the warning persists. To disable these warnings, set -Dmaven.project.sourceRoots.warningsDisabled=true on the command line, in the .mvn/maven.config file, or in project POM properties.
2026-09-06 10:15:51,755 [Worker-73: Building] WARN  o.apache.maven.project.MavenProject - Direct modification of compileSourceRoots through add() is deprecated and will not work in Maven 4.0.0. Please use the add/remove methods instead. If you're using a plugin that causes this warning, please upgrade to the latest version and report an issue if the warning persists. To disable these warnings, set -Dmaven.project.sourceRoots.warningsDisabled=true on the command line, in the .mvn/maven.config file, or in project POM properties.
2026-09-06 10:15:51,756 [Worker-73: Building] WARN  o.apache.maven.project.MavenProject - Direct modification of testCompileSourceRoots through clear() is deprecated and will not work in Maven 4.0.0. Please use the add/remove methods instead. If you're using a plugin that causes this warning, please upgrade to the latest version and report an issue if the warning persists. To disable these warnings, set -Dmaven.project.sourceRoots.warningsDisabled=true on the command line, in the .mvn/maven.config file, or in project POM properties.
2026-09-06 10:15:51,756 [Worker-73: Building] WARN  o.apache.maven.project.MavenProject - Direct modification of testCompileSourceRoots through add() is deprecated and will not work in Maven 4.0.0. Please use the add/remove methods instead. If you're using a plugin that causes this warning, please upgrade to the latest version and report an issue if the warning persists. To disable these warnings, set -Dmaven.project.sourceRoots.warningsDisabled=true on the command line, in the .mvn/maven.config file, or in project POM properties.
2026-09-06 10:16:08,985 [Worker-72: Building] INFO  o.a.m.s.f.DefaultMavenResourcesFiltering - Copying 1 resource from src\main\resources to target\classes
2026-09-06 10:16:09,000 [Worker-72: Building] INFO  o.a.m.s.f.DefaultMavenResourcesFiltering - Copying 0 resource from src\main\resources to target\classes
2026-09-06 10:16:09,007 [Worker-72: Building] INFO  o.a.m.s.f.DefaultMavenResourcesFiltering - skip non existing resourceDirectory C:\Users\PMLS\Desktop\RealProjects\OnlineBankingSystem-1\src\test\resources
2026-09-06 10:16:09,008 [Worker-72: Building] WARN  o.apache.maven.project.MavenProject - Direct modification of compileSourceRoots through clear() is deprecated and will not work in Maven 4.0.0. Please use the add/remove methods instead. If you're using a plugin that causes this warning, please upgrade to the latest version and report an issue if the warning persists. To disable these warnings, set -Dmaven.project.sourceRoots.warningsDisabled=true on the command line, in the .mvn/maven.config file, or in project POM properties.
2026-09-06 10:16:09,009 [Worker-72: Building] WARN  o.apache.maven.project.MavenProject - Direct modification of compileSourceRoots through add() is deprecated and will not work in Maven 4.0.0. Please use the add/remove methods instead. If you're using a plugin that causes this warning, please upgrade to the latest version and report an issue if the warning persists. To disable these warnings, set -Dmaven.project.sourceRoots.warningsDisabled=true on the command line, in the .mvn/maven.config file, or in project POM properties.
2026-09-06 10:16:09,010 [Worker-72: Building] WARN  o.apache.maven.project.MavenProject - Direct modification of testCompileSourceRoots through clear() is deprecated and will not work in Maven 4.0.0. Please use the add/remove methods instead. If you're using a plugin that causes this warning, please upgrade to the latest version and report an issue if the warning persists. To disable these warnings, set -Dmaven.project.sourceRoots.warningsDisabled=true on the command line, in the .mvn/maven.config file, or in project POM properties.
2026-09-06 10:16:09,011 [Worker-72: Building] WARN  o.apache.maven.project.MavenProject - Direct modification of testCompileSourceRoots through add() is deprecated and will not work in Maven 4.0.0. Please use the add/remove methods instead. If you're using a plugin that causes this warning, please upgrade to the latest version and report an issue if the warning persists. To disable these warnings, set -Dmaven.project.sourceRoots.warningsDisabled=true on the command line, in the .mvn/maven.config file, or in project POM properties.
2026-09-06 16:52:22,478 [Worker-107: Building] INFO  o.a.m.s.f.DefaultMavenResourcesFiltering - Copying 1 resource from src\main\resources to target\classes
2026-09-06 16:52:22,572 [Worker-107: Building] INFO  o.a.m.s.f.DefaultMavenResourcesFiltering - Copying 0 resource from src\main\resources to target\classes
2026-09-06 16:52:22,578 [Worker-107: Building] INFO  o.a.m.s.f.DefaultMavenResourcesFiltering - skip non existing resourceDirectory C:\Users\PMLS\Desktop\RealProjects\OnlineBankingSystem-1\src\test\resources
2026-09-06 16:52:22,579 [Worker-107: Building] WARN  o.apache.maven.project.MavenProject - Direct modification of compileSourceRoots through clear() is deprecated and will not work in Maven 4.0.0. Please use the add/remove methods instead. If you're using a plugin that causes this warning, please upgrade to the latest version and report an issue if the warning persists. To disable these warnings, set -Dmaven.project.sourceRoots.warningsDisabled=true on the command line, in the .mvn/maven.config file, or in project POM properties.
2026-09-06 16:52:22,584 [Worker-107: Building] WARN  o.apache.maven.project.MavenProject - Direct modification of compileSourceRoots through add() is deprecated and will not work in Maven 4.0.0. Please use the add/remove methods instead. If you're using a plugin that causes this warning, please upgrade to the latest version and report an issue if the warning persists. To disable these warnings, set -Dmaven.project.sourceRoots.warningsDisabled=true on the command line, in the .mvn/maven.config file, or in project POM properties.
2026-09-06 16:52:22,585 [Worker-107: Building] WARN  o.apache.maven.project.MavenProject - Direct modification of testCompileSourceRoots through clear() is deprecated and will not work in Maven 4.0.0. Please use the add/remove methods instead. If you're using a plugin that causes this warning, please upgrade to the latest version and report an issue if the warning persists. To disable these warnings, set -Dmaven.project.sourceRoots.warningsDisabled=true on the command line, in the .mvn/maven.config file, or in project POM properties.
2026-09-06 16:52:22,585 [Worker-107: Building] WARN  o.apache.maven.project.MavenProject - Direct modification of testCompileSourceRoots through add() is deprecated and will not work in Maven 4.0.0. Please use the add/remove methods instead. If you're using a plugin that causes this warning, please upgrade to the latest version and report an issue if the warning persists. To disable these warnings, set -Dmaven.project.sourceRoots.warningsDisabled=true on the command line, in the .mvn/maven.config file, or in project POM properties.
2026-09-06 16:52:40,548 [Worker-111: Building] INFO  o.a.m.s.f.DefaultMavenResourcesFiltering - Copying 1 resource from src\main\resources to target\classes
2026-09-06 16:52:40,583 [Worker-111: Building] INFO  o.a.m.s.f.DefaultMavenResourcesFiltering - Copying 0 resource from src\main\resources to target\classes
2026-09-06 16:52:40,586 [Worker-111: Building] INFO  o.a.m.s.f.DefaultMavenResourcesFiltering - skip non existing resourceDirectory C:\Users\PMLS\Desktop\RealProjects\OnlineBankingSystem-1\src\test\resources
2026-09-06 16:52:40,586 [Worker-111: Building] WARN  o.apache.maven.project.MavenProject - Direct modification of compileSourceRoots through clear() is deprecated and will not work in Maven 4.0.0. Please use the add/remove methods instead. If you're using a plugin that causes this warning, please upgrade to the latest version and report an issue if the warning persists. To disable these warnings, set -Dmaven.project.sourceRoots.warningsDisabled=true on the command line, in the .mvn/maven.config file, or in project POM properties.
2026-09-06 16:52:40,588 [Worker-111: Building] WARN  o.apache.maven.project.MavenProject - Direct modification of compileSourceRoots through add() is deprecated and will not work in Maven 4.0.0. Please use the add/remove methods instead. If you're using a plugin that causes this warning, please upgrade to the latest version and report an issue if the warning persists. To disable these warnings, set -Dmaven.project.sourceRoots.warningsDisabled=true on the command line, in the .mvn/maven.config file, or in project POM properties.
2026-09-06 16:52:40,590 [Worker-111: Building] WARN  o.apache.maven.project.MavenProject - Direct modification of testCompileSourceRoots through clear() is deprecated and will not work in Maven 4.0.0. Please use the add/remove methods instead. If you're using a plugin that causes this warning, please upgrade to the latest version and report an issue if the warning persists. To disable these warnings, set -Dmaven.project.sourceRoots.warningsDisabled=true on the command line, in the .mvn/maven.config file, or in project POM properties.
2026-09-06 16:52:40,591 [Worker-111: Building] WARN  o.apache.maven.project.MavenProject - Direct modification of testCompileSourceRoots through add() is deprecated and will not work in Maven 4.0.0. Please use the add/remove methods instead. If you're using a plugin that causes this warning, please upgrade to the latest version and report an issue if the warning persists. To disable these warnings, set -Dmaven.project.sourceRoots.warningsDisabled=true on the command line, in the .mvn/maven.config file, or in project POM properties.
2026-09-06 16:53:03,334 [Worker-108: Building] INFO  o.a.m.s.f.DefaultMavenResourcesFiltering - Copying 1 resource from src\main\resources to target\classes
2026-09-06 16:53:03,353 [Worker-108: Building] INFO  o.a.m.s.f.DefaultMavenResourcesFiltering - Copying 0 resource from src\main\resources to target\classes
2026-09-06 16:53:03,362 [Worker-108: Building] INFO  o.a.m.s.f.DefaultMavenResourcesFiltering - skip non existing resourceDirectory C:\Users\PMLS\Desktop\RealProjects\OnlineBankingSystem-1\src\test\resources
2026-09-06 16:53:03,363 [Worker-108: Building] WARN  o.apache.maven.project.MavenProject - Direct modification of compileSourceRoots through clear() is deprecated and will not work in Maven 4.0.0. Please use the add/remove methods instead. If you're using a plugin that causes this warning, please upgrade to the latest version and report an issue if the warning persists. To disable these warnings, set -Dmaven.project.sourceRoots.warningsDisabled=true on the command line, in the .mvn/maven.config file, or in project POM properties.
2026-09-06 16:53:03,363 [Worker-108: Building] WARN  o.apache.maven.project.MavenProject - Direct modification of compileSourceRoots through add() is deprecated and will not work in Maven 4.0.0. Please use the add/remove methods instead. If you're using a plugin that causes this warning, please upgrade to the latest version and report an issue if the warning persists. To disable these warnings, set -Dmaven.project.sourceRoots.warningsDisabled=true on the command line, in the .mvn/maven.config file, or in project POM properties.
2026-09-06 16:53:03,364 [Worker-108: Building] WARN  o.apache.maven.project.MavenProject - Direct modification of testCompileSourceRoots through clear() is deprecated and will not work in Maven 4.0.0. Please use the add/remove methods instead. If you're using a plugin that causes this warning, please upgrade to the latest version and report an issue if the warning persists. To disable these warnings, set -Dmaven.project.sourceRoots.warningsDisabled=true on the command line, in the .mvn/maven.config file, or in project POM properties.
2026-09-06 16:53:03,364 [Worker-108: Building] WARN  o.apache.maven.project.MavenProject - Direct modification of testCompileSourceRoots through add() is deprecated and will not work in Maven 4.0.0. Please use the add/remove methods instead. If you're using a plugin that causes this warning, please upgrade to the latest version and report an issue if the warning persists. To disable these warnings, set -Dmaven.project.sourceRoots.warningsDisabled=true on the command line, in the .mvn/maven.config file, or in project POM properties.
2026-09-06 16:53:37,210 [Worker-112: Building] INFO  o.a.m.s.f.DefaultMavenResourcesFiltering - Copying 1 resource from src\main\resources to target\classes
2026-09-06 16:53:37,217 [Worker-112: Building] INFO  o.a.m.s.f.DefaultMavenResourcesFiltering - Copying 0 resource from src\main\resources to target\classes
2026-09-06 16:53:37,222 [Worker-112: Building] INFO  o.a.m.s.f.DefaultMavenResourcesFiltering - skip non existing resourceDirectory C:\Users\PMLS\Desktop\RealProjects\OnlineBankingSystem-1\src\test\resources
2026-09-06 16:53:37,223 [Worker-112: Building] WARN  o.apache.maven.project.MavenProject - Direct modification of compileSourceRoots through clear() is deprecated and will not work in Maven 4.0.0. Please use the add/remove methods instead. If you're using a plugin that causes this warning, please upgrade to the latest version and report an issue if the warning persists. To disable these warnings, set -Dmaven.project.sourceRoots.warningsDisabled=true on the command line, in the .mvn/maven.config file, or in project POM properties.
2026-09-06 16:53:37,224 [Worker-112: Building] WARN  o.apache.maven.project.MavenProject - Direct modification of compileSourceRoots through add() is deprecated and will not work in Maven 4.0.0. Please use the add/remove methods instead. If you're using a plugin that causes this warning, please upgrade to the latest version and report an issue if the warning persists. To disable these warnings, set -Dmaven.project.sourceRoots.warningsDisabled=true on the command line, in the .mvn/maven.config file, or in project POM properties.
2026-09-06 16:53:37,225 [Worker-112: Building] WARN  o.apache.maven.project.MavenProject - Direct modification of testCompileSourceRoots through clear() is deprecated and will not work in Maven 4.0.0. Please use the add/remove methods instead. If you're using a plugin that causes this warning, please upgrade to the latest version and report an issue if the warning persists. To disable these warnings, set -Dmaven.project.sourceRoots.warningsDisabled=true on the command line, in the .mvn/maven.config file, or in project POM properties.
2026-09-06 16:53:37,226 [Worker-112: Building] WARN  o.apache.maven.project.MavenProject - Direct modification of testCompileSourceRoots through add() is deprecated and will not work in Maven 4.0.0. Please use the add/remove methods instead. If you're using a plugin that causes this warning, please upgrade to the latest version and report an issue if the warning persists. To disable these warnings, set -Dmaven.project.sourceRoots.warningsDisabled=true on the command line, in the .mvn/maven.config file, or in project POM properties.
2026-09-06 16:54:32,258 [Worker-112: Building] INFO  o.a.m.s.f.DefaultMavenResourcesFiltering - Copying 1 resource from src\main\resources to target\classes
2026-09-06 16:54:32,269 [Worker-112: Building] INFO  o.a.m.s.f.DefaultMavenResourcesFiltering - Copying 0 resource from src\main\resources to target\classes
2026-09-06 16:54:32,275 [Worker-112: Building] INFO  o.a.m.s.f.DefaultMavenResourcesFiltering - skip non existing resourceDirectory C:\Users\PMLS\Desktop\RealProjects\OnlineBankingSystem-1\src\test\resources
2026-09-06 16:54:32,276 [Worker-112: Building] WARN  o.apache.maven.project.MavenProject - Direct modification of compileSourceRoots through clear() is deprecated and will not work in Maven 4.0.0. Please use the add/remove methods instead. If you're using a plugin that causes this warning, please upgrade to the latest version and report an issue if the warning persists. To disable these warnings, set -Dmaven.project.sourceRoots.warningsDisabled=true on the command line, in the .mvn/maven.config file, or in project POM properties.
2026-09-06 16:54:32,276 [Worker-112: Building] WARN  o.apache.maven.project.MavenProject - Direct modification of compileSourceRoots through add() is deprecated and will not work in Maven 4.0.0. Please use the add/remove methods instead. If you're using a plugin that causes this warning, please upgrade to the latest version and report an issue if the warning persists. To disable these warnings, set -Dmaven.project.sourceRoots.warningsDisabled=true on the command line, in the .mvn/maven.config file, or in project POM properties.
2026-09-06 16:54:32,276 [Worker-112: Building] WARN  o.apache.maven.project.MavenProject - Direct modification of testCompileSourceRoots through clear() is deprecated and will not work in Maven 4.0.0. Please use the add/remove methods instead. If you're using a plugin that causes this warning, please upgrade to the latest version and report an issue if the warning persists. To disable these warnings, set -Dmaven.project.sourceRoots.warningsDisabled=true on the command line, in the .mvn/maven.config file, or in project POM properties.
2026-09-06 16:54:32,277 [Worker-112: Building] WARN  o.apache.maven.project.MavenProject - Direct modification of testCompileSourceRoots through add() is deprecated and will not work in Maven 4.0.0. Please use the add/remove methods instead. If you're using a plugin that causes this warning, please upgrade to the latest version and report an issue if the warning persists. To disable these warnings, set -Dmaven.project.sourceRoots.warningsDisabled=true on the command line, in the .mvn/maven.config file, or in project POM properties.
2026-09-06 16:55:07,008 [Worker-107: Building] INFO  o.a.m.s.f.DefaultMavenResourcesFiltering - Copying 1 resource from src\main\resources to target\classes
2026-09-06 16:55:07,028 [Worker-107: Building] INFO  o.a.m.s.f.DefaultMavenResourcesFiltering - Copying 0 resource from src\main\resources to target\classes
2026-09-06 16:55:07,032 [Worker-107: Building] INFO  o.a.m.s.f.DefaultMavenResourcesFiltering - skip non existing resourceDirectory C:\Users\PMLS\Desktop\RealProjects\OnlineBankingSystem-1\src\test\resources
2026-09-06 16:55:07,033 [Worker-107: Building] WARN  o.apache.maven.project.MavenProject - Direct modification of compileSourceRoots through clear() is deprecated and will not work in Maven 4.0.0. Please use the add/remove methods instead. If you're using a plugin that causes this warning, please upgrade to the latest version and report an issue if the warning persists. To disable these warnings, set -Dmaven.project.sourceRoots.warningsDisabled=true on the command line, in the .mvn/maven.config file, or in project POM properties.
2026-09-06 16:55:07,035 [Worker-107: Building] WARN  o.apache.maven.project.MavenProject - Direct modification of compileSourceRoots through add() is deprecated and will not work in Maven 4.0.0. Please use the add/remove methods instead. If you're using a plugin that causes this warning, please upgrade to the latest version and report an issue if the warning persists. To disable these warnings, set -Dmaven.project.sourceRoots.warningsDisabled=true on the command line, in the .mvn/maven.config file, or in project POM properties.
2026-09-06 16:55:07,037 [Worker-107: Building] WARN  o.apache.maven.project.MavenProject - Direct modification of testCompileSourceRoots through clear() is deprecated and will not work in Maven 4.0.0. Please use the add/remove methods instead. If you're using a plugin that causes this warning, please upgrade to the latest version and report an issue if the warning persists. To disable these warnings, set -Dmaven.project.sourceRoots.warningsDisabled=true on the command line, in the .mvn/maven.config file, or in project POM properties.
2026-09-06 16:55:07,038 [Worker-107: Building] WARN  o.apache.maven.project.MavenProject - Direct modification of testCompileSourceRoots through add() is deprecated and will not work in Maven 4.0.0. Please use the add/remove methods instead. If you're using a plugin that causes this warning, please upgrade to the latest version and report an issue if the warning persists. To disable these warnings, set -Dmaven.project.sourceRoots.warningsDisabled=true on the command line, in the .mvn/maven.config file, or in project POM properties.
2026-09-06 16:56:25,841 [Worker-113: Building] INFO  o.a.m.s.f.DefaultMavenResourcesFiltering - Copying 1 resource from src\main\resources to target\classes
2026-09-06 16:56:25,855 [Worker-113: Building] INFO  o.a.m.s.f.DefaultMavenResourcesFiltering - Copying 0 resource from src\main\resources to target\classes
2026-09-06 16:56:25,858 [Worker-113: Building] INFO  o.a.m.s.f.DefaultMavenResourcesFiltering - skip non existing resourceDirectory C:\Users\PMLS\Desktop\RealProjects\OnlineBankingSystem-1\src\test\resources
2026-09-06 16:56:25,859 [Worker-113: Building] WARN  o.apache.maven.project.MavenProject - Direct modification of compileSourceRoots through clear() is deprecated and will not work in Maven 4.0.0. Please use the add/remove methods instead. If you're using a plugin that causes this warning, please upgrade to the latest version and report an issue if the warning persists. To disable these warnings, set -Dmaven.project.sourceRoots.warningsDisabled=true on the command line, in the .mvn/maven.config file, or in project POM properties.
2026-09-06 16:56:25,860 [Worker-113: Building] WARN  o.apache.maven.project.MavenProject - Direct modification of compileSourceRoots through add() is deprecated and will not work in Maven 4.0.0. Please use the add/remove methods instead. If you're using a plugin that causes this warning, please upgrade to the latest version and report an issue if the warning persists. To disable these warnings, set -Dmaven.project.sourceRoots.warningsDisabled=true on the command line, in the .mvn/maven.config file, or in project POM properties.
2026-09-06 16:56:25,861 [Worker-113: Building] WARN  o.apache.maven.project.MavenProject - Direct modification of testCompileSourceRoots through clear() is deprecated and will not work in Maven 4.0.0. Please use the add/remove methods instead. If you're using a plugin that causes this warning, please upgrade to the latest version and report an issue if the warning persists. To disable these warnings, set -Dmaven.project.sourceRoots.warningsDisabled=true on the command line, in the .mvn/maven.config file, or in project POM properties.
2026-09-06 16:56:25,861 [Worker-113: Building] WARN  o.apache.maven.project.MavenProject - Direct modification of testCompileSourceRoots through add() is deprecated and will not work in Maven 4.0.0. Please use the add/remove methods instead. If you're using a plugin that causes this warning, please upgrade to the latest version and report an issue if the warning persists. To disable these warnings, set -Dmaven.project.sourceRoots.warningsDisabled=true on the command line, in the .mvn/maven.config file, or in project POM properties.
2026-09-06 16:56:53,107 [Worker-111: Building] INFO  o.a.m.s.f.DefaultMavenResourcesFiltering - Copying 1 resource from src\main\resources to target\classes
2026-09-06 16:56:53,118 [Worker-111: Building] INFO  o.a.m.s.f.DefaultMavenResourcesFiltering - Copying 0 resource from src\main\resources to target\classes
2026-09-06 16:56:53,120 [Worker-111: Building] INFO  o.a.m.s.f.DefaultMavenResourcesFiltering - skip non existing resourceDirectory C:\Users\PMLS\Desktop\RealProjects\OnlineBankingSystem-1\src\test\resources
2026-09-06 16:56:53,120 [Worker-111: Building] WARN  o.apache.maven.project.MavenProject - Direct modification of compileSourceRoots through clear() is deprecated and will not work in Maven 4.0.0. Please use the add/remove methods instead. If you're using a plugin that causes this warning, please upgrade to the latest version and report an issue if the warning persists. To disable these warnings, set -Dmaven.project.sourceRoots.warningsDisabled=true on the command line, in the .mvn/maven.config file, or in project POM properties.
2026-09-06 16:56:53,121 [Worker-111: Building] WARN  o.apache.maven.project.MavenProject - Direct modification of compileSourceRoots through add() is deprecated and will not work in Maven 4.0.0. Please use the add/remove methods instead. If you're using a plugin that causes this warning, please upgrade to the latest version and report an issue if the warning persists. To disable these warnings, set -Dmaven.project.sourceRoots.warningsDisabled=true on the command line, in the .mvn/maven.config file, or in project POM properties.
2026-09-06 16:56:53,121 [Worker-111: Building] WARN  o.apache.maven.project.MavenProject - Direct modification of testCompileSourceRoots through clear() is deprecated and will not work in Maven 4.0.0. Please use the add/remove methods instead. If you're using a plugin that causes this warning, please upgrade to the latest version and report an issue if the warning persists. To disable these warnings, set -Dmaven.project.sourceRoots.warningsDisabled=true on the command line, in the .mvn/maven.config file, or in project POM properties.
2026-09-06 16:56:53,121 [Worker-111: Building] WARN  o.apache.maven.project.MavenProject - Direct modification of testCompileSourceRoots through add() is deprecated and will not work in Maven 4.0.0. Please use the add/remove methods instead. If you're using a plugin that causes this warning, please upgrade to the latest version and report an issue if the warning persists. To disable these warnings, set -Dmaven.project.sourceRoots.warningsDisabled=true on the command line, in the .mvn/maven.config file, or in project POM properties.
2026-09-06 20:34:30,620 [Worker-146: Building] INFO  o.a.m.s.f.DefaultMavenResourcesFiltering - Copying 1 resource from src\main\resources to target\classes
2026-09-06 20:34:30,761 [Worker-146: Building] INFO  o.a.m.s.f.DefaultMavenResourcesFiltering - Copying 0 resource from src\main\resources to target\classes
2026-09-06 20:34:30,774 [Worker-146: Building] INFO  o.a.m.s.f.DefaultMavenResourcesFiltering - skip non existing resourceDirectory C:\Users\PMLS\Desktop\RealProjects\OnlineBankingSystem-1\src\test\resources
2026-09-06 20:34:30,775 [Worker-146: Building] WARN  o.apache.maven.project.MavenProject - Direct modification of compileSourceRoots through clear() is deprecated and will not work in Maven 4.0.0. Please use the add/remove methods instead. If you're using a plugin that causes this warning, please upgrade to the latest version and report an issue if the warning persists. To disable these warnings, set -Dmaven.project.sourceRoots.warningsDisabled=true on the command line, in the .mvn/maven.config file, or in project POM properties.
2026-09-06 20:34:30,777 [Worker-146: Building] WARN  o.apache.maven.project.MavenProject - Direct modification of compileSourceRoots through add() is deprecated and will not work in Maven 4.0.0. Please use the add/remove methods instead. If you're using a plugin that causes this warning, please upgrade to the latest version and report an issue if the warning persists. To disable these warnings, set -Dmaven.project.sourceRoots.warningsDisabled=true on the command line, in the .mvn/maven.config file, or in project POM properties.
2026-09-06 20:34:30,778 [Worker-146: Building] WARN  o.apache.maven.project.MavenProject - Direct modification of testCompileSourceRoots through clear() is deprecated and will not work in Maven 4.0.0. Please use the add/remove methods instead. If you're using a plugin that causes this warning, please upgrade to the latest version and report an issue if the warning persists. To disable these warnings, set -Dmaven.project.sourceRoots.warningsDisabled=true on the command line, in the .mvn/maven.config file, or in project POM properties.
2026-09-06 20:34:30,781 [Worker-146: Building] WARN  o.apache.maven.project.MavenProject - Direct modification of testCompileSourceRoots through add() is deprecated and will not work in Maven 4.0.0. Please use the add/remove methods instead. If you're using a plugin that causes this warning, please upgrade to the latest version and report an issue if the warning persists. To disable these warnings, set -Dmaven.project.sourceRoots.warningsDisabled=true on the command line, in the .mvn/maven.config file, or in project POM properties.
2026-09-07 12:20:32,832 [Worker-6: Loading available Gradle versions] INFO  o.e.b.c.i.u.g.PublishedGradleVersions - Gradle version information cache is out-of-date. Trying to update.
2026-09-07 12:20:44,465 [Worker-6: Loading available Gradle versions] INFO  o.e.b.c.i.u.g.PublishedGradleVersions - Updating Gradle version information cache failed. Using outdated cache.
2026-09-07 18:23:35,134 [Worker-40: Building] INFO  o.a.m.s.f.DefaultMavenResourcesFiltering - Copying 1 resource from src\main\resources to target\classes
2026-09-07 18:23:35,222 [Worker-40: Building] INFO  o.a.m.s.f.DefaultMavenResourcesFiltering - Copying 0 resource from src\main\resources to target\classes
2026-09-07 18:23:35,321 [Worker-40: Building] INFO  o.a.m.s.f.DefaultMavenResourcesFiltering - skip non existing resourceDirectory C:\Users\PMLS\Desktop\RealProjects\OnlineBankingSystem-1\src\test\resources
2026-09-07 18:23:35,972 [Worker-40: Building] WARN  o.apache.maven.project.MavenProject - Direct modification of compileSourceRoots through clear() is deprecated and will not work in Maven 4.0.0. Please use the add/remove methods instead. If you're using a plugin that causes this warning, please upgrade to the latest version and report an issue if the warning persists. To disable these warnings, set -Dmaven.project.sourceRoots.warningsDisabled=true on the command line, in the .mvn/maven.config file, or in project POM properties.
2026-09-07 18:23:35,975 [Worker-40: Building] WARN  o.apache.maven.project.MavenProject - Direct modification of compileSourceRoots through add() is deprecated and will not work in Maven 4.0.0. Please use the add/remove methods instead. If you're using a plugin that causes this warning, please upgrade to the latest version and report an issue if the warning persists. To disable these warnings, set -Dmaven.project.sourceRoots.warningsDisabled=true on the command line, in the .mvn/maven.config file, or in project POM properties.
2026-09-07 18:23:35,976 [Worker-40: Building] WARN  o.apache.maven.project.MavenProject - Direct modification of testCompileSourceRoots through clear() is deprecated and will not work in Maven 4.0.0. Please use the add/remove methods instead. If you're using a plugin that causes this warning, please upgrade to the latest version and report an issue if the warning persists. To disable these warnings, set -Dmaven.project.sourceRoots.warningsDisabled=true on the command line, in the .mvn/maven.config file, or in project POM properties.
2026-09-07 18:23:35,977 [Worker-40: Building] WARN  o.apache.maven.project.MavenProject - Direct modification of testCompileSourceRoots through add() is deprecated and will not work in Maven 4.0.0. Please use the add/remove methods instead. If you're using a plugin that causes this warning, please upgrade to the latest version and report an issue if the warning persists. To disable these warnings, set -Dmaven.project.sourceRoots.warningsDisabled=true on the command line, in the .mvn/maven.config file, or in project POM properties.
2026-09-07 18:24:04,193 [Worker-33: Building] INFO  o.a.m.s.f.DefaultMavenResourcesFiltering - Copying 1 resource from src\main\resources to target\classes
2026-09-07 18:24:04,284 [Worker-33: Building] INFO  o.a.m.s.f.DefaultMavenResourcesFiltering - Copying 0 resource from src\main\resources to target\classes
2026-09-07 18:24:04,290 [Worker-33: Building] INFO  o.a.m.s.f.DefaultMavenResourcesFiltering - skip non existing resourceDirectory C:\Users\PMLS\Desktop\RealProjects\OnlineBankingSystem-1\src\test\resources
2026-09-07 18:24:04,291 [Worker-33: Building] WARN  o.apache.maven.project.MavenProject - Direct modification of compileSourceRoots through clear() is deprecated and will not work in Maven 4.0.0. Please use the add/remove methods instead. If you're using a plugin that causes this warning, please upgrade to the latest version and report an issue if the warning persists. To disable these warnings, set -Dmaven.project.sourceRoots.warningsDisabled=true on the command line, in the .mvn/maven.config file, or in project POM properties.
2026-09-07 18:24:04,292 [Worker-33: Building] WARN  o.apache.maven.project.MavenProject - Direct modification of compileSourceRoots through add() is deprecated and will not work in Maven 4.0.0. Please use the add/remove methods instead. If you're using a plugin that causes this warning, please upgrade to the latest version and report an issue if the warning persists. To disable these warnings, set -Dmaven.project.sourceRoots.warningsDisabled=true on the command line, in the .mvn/maven.config file, or in project POM properties.
2026-09-07 18:24:04,293 [Worker-33: Building] WARN  o.apache.maven.project.MavenProject - Direct modification of testCompileSourceRoots through clear() is deprecated and will not work in Maven 4.0.0. Please use the add/remove methods instead. If you're using a plugin that causes this warning, please upgrade to the latest version and report an issue if the warning persists. To disable these warnings, set -Dmaven.project.sourceRoots.warningsDisabled=true on the command line, in the .mvn/maven.config file, or in project POM properties.
2026-09-07 18:24:04,294 [Worker-33: Building] WARN  o.apache.maven.project.MavenProject - Direct modification of testCompileSourceRoots through add() is deprecated and will not work in Maven 4.0.0. Please use the add/remove methods instead. If you're using a plugin that causes this warning, please upgrade to the latest version and report an issue if the warning persists. To disable these warnings, set -Dmaven.project.sourceRoots.warningsDisabled=true on the command line, in the .mvn/maven.config file, or in project POM properties.
2026-09-07 18:42:17,915 [Worker-44: Building] INFO  o.a.m.s.f.DefaultMavenResourcesFiltering - Copying 1 resource from src\main\resources to target\classes
2026-09-07 18:42:18,186 [Worker-44: Building] INFO  o.a.m.s.f.DefaultMavenResourcesFiltering - Copying 0 resource from src\main\resources to target\classes
2026-09-07 18:42:18,196 [Worker-44: Building] INFO  o.a.m.s.f.DefaultMavenResourcesFiltering - skip non existing resourceDirectory C:\Users\PMLS\Desktop\RealProjects\OnlineBankingSystem-1\src\test\resources
2026-09-07 18:42:18,252 [Worker-44: Building] WARN  o.apache.maven.project.MavenProject - Direct modification of compileSourceRoots through clear() is deprecated and will not work in Maven 4.0.0. Please use the add/remove methods instead. If you're using a plugin that causes this warning, please upgrade to the latest version and report an issue if the warning persists. To disable these warnings, set -Dmaven.project.sourceRoots.warningsDisabled=true on the command line, in the .mvn/maven.config file, or in project POM properties.
2026-09-07 18:42:18,255 [Worker-44: Building] WARN  o.apache.maven.project.MavenProject - Direct modification of compileSourceRoots through add() is deprecated and will not work in Maven 4.0.0. Please use the add/remove methods instead. If you're using a plugin that causes this warning, please upgrade to the latest version and report an issue if the warning persists. To disable these warnings, set -Dmaven.project.sourceRoots.warningsDisabled=true on the command line, in the .mvn/maven.config file, or in project POM properties.
2026-09-07 18:42:18,256 [Worker-44: Building] WARN  o.apache.maven.project.MavenProject - Direct modification of testCompileSourceRoots through clear() is deprecated and will not work in Maven 4.0.0. Please use the add/remove methods instead. If you're using a plugin that causes this warning, please upgrade to the latest version and report an issue if the warning persists. To disable these warnings, set -Dmaven.project.sourceRoots.warningsDisabled=true on the command line, in the .mvn/maven.config file, or in project POM properties.
2026-09-07 18:42:18,257 [Worker-44: Building] WARN  o.apache.maven.project.MavenProject - Direct modification of testCompileSourceRoots through add() is deprecated and will not work in Maven 4.0.0. Please use the add/remove methods instead. If you're using a plugin that causes this warning, please upgrade to the latest version and report an issue if the warning persists. To disable these warnings, set -Dmaven.project.sourceRoots.warningsDisabled=true on the command line, in the .mvn/maven.config file, or in project POM properties.
2026-09-07 19:48:58,623 [Worker-63: Building] INFO  o.a.m.s.f.DefaultMavenResourcesFiltering - Copying 1 resource from src\main\resources to target\classes
2026-09-07 19:48:58,667 [Worker-63: Building] INFO  o.a.m.s.f.DefaultMavenResourcesFiltering - Copying 0 resource from src\main\resources to target\classes
2026-09-07 19:48:58,671 [Worker-63: Building] INFO  o.a.m.s.f.DefaultMavenResourcesFiltering - skip non existing resourceDirectory C:\Users\PMLS\Desktop\RealProjects\OnlineBankingSystem-1\src\test\resources
2026-09-07 19:48:58,671 [Worker-63: Building] WARN  o.apache.maven.project.MavenProject - Direct modification of compileSourceRoots through clear() is deprecated and will not work in Maven 4.0.0. Please use the add/remove methods instead. If you're using a plugin that causes this warning, please upgrade to the latest version and report an issue if the warning persists. To disable these warnings, set -Dmaven.project.sourceRoots.warningsDisabled=true on the command line, in the .mvn/maven.config file, or in project POM properties.
2026-09-07 19:48:58,672 [Worker-63: Building] WARN  o.apache.maven.project.MavenProject - Direct modification of compileSourceRoots through add() is deprecated and will not work in Maven 4.0.0. Please use the add/remove methods instead. If you're using a plugin that causes this warning, please upgrade to the latest version and report an issue if the warning persists. To disable these warnings, set -Dmaven.project.sourceRoots.warningsDisabled=true on the command line, in the .mvn/maven.config file, or in project POM properties.
2026-09-07 19:48:58,672 [Worker-63: Building] WARN  o.apache.maven.project.MavenProject - Direct modification of testCompileSourceRoots through clear() is deprecated and will not work in Maven 4.0.0. Please use the add/remove methods instead. If you're using a plugin that causes this warning, please upgrade to the latest version and report an issue if the warning persists. To disable these warnings, set -Dmaven.project.sourceRoots.warningsDisabled=true on the command line, in the .mvn/maven.config file, or in project POM properties.
2026-09-07 19:48:58,672 [Worker-63: Building] WARN  o.apache.maven.project.MavenProject - Direct modification of testCompileSourceRoots through add() is deprecated and will not work in Maven 4.0.0. Please use the add/remove methods instead. If you're using a plugin that causes this warning, please upgrade to the latest version and report an issue if the warning persists. To disable these warnings, set -Dmaven.project.sourceRoots.warningsDisabled=true on the command line, in the .mvn/maven.config file, or in project POM properties.
2026-09-07 19:49:02,213 [Worker-62: Building] INFO  o.a.m.s.f.DefaultMavenResourcesFiltering - Copying 1 resource from src\main\resources to target\classes
2026-09-07 19:49:02,252 [Worker-62: Building] INFO  o.a.m.s.f.DefaultMavenResourcesFiltering - Copying 0 resource from src\main\resources to target\classes
2026-09-07 19:49:02,255 [Worker-62: Building] INFO  o.a.m.s.f.DefaultMavenResourcesFiltering - skip non existing resourceDirectory C:\Users\PMLS\Desktop\RealProjects\OnlineBankingSystem-1\src\test\resources
2026-09-07 19:49:02,255 [Worker-62: Building] WARN  o.apache.maven.project.MavenProject - Direct modification of compileSourceRoots through clear() is deprecated and will not work in Maven 4.0.0. Please use the add/remove methods instead. If you're using a plugin that causes this warning, please upgrade to the latest version and report an issue if the warning persists. To disable these warnings, set -Dmaven.project.sourceRoots.warningsDisabled=true on the command line, in the .mvn/maven.config file, or in project POM properties.
2026-09-07 19:49:02,255 [Worker-62: Building] WARN  o.apache.maven.project.MavenProject - Direct modification of compileSourceRoots through add() is deprecated and will not work in Maven 4.0.0. Please use the add/remove methods instead. If you're using a plugin that causes this warning, please upgrade to the latest version and report an issue if the warning persists. To disable these warnings, set -Dmaven.project.sourceRoots.warningsDisabled=true on the command line, in the .mvn/maven.config file, or in project POM properties.
2026-09-07 19:49:02,256 [Worker-62: Building] WARN  o.apache.maven.project.MavenProject - Direct modification of testCompileSourceRoots through clear() is deprecated and will not work in Maven 4.0.0. Please use the add/remove methods instead. If you're using a plugin that causes this warning, please upgrade to the latest version and report an issue if the warning persists. To disable these warnings, set -Dmaven.project.sourceRoots.warningsDisabled=true on the command line, in the .mvn/maven.config file, or in project POM properties.
2026-09-07 19:49:02,256 [Worker-62: Building] WARN  o.apache.maven.project.MavenProject - Direct modification of testCompileSourceRoots through add() is deprecated and will not work in Maven 4.0.0. Please use the add/remove methods instead. If you're using a plugin that causes this warning, please upgrade to the latest version and report an issue if the warning persists. To disable these warnings, set -Dmaven.project.sourceRoots.warningsDisabled=true on the command line, in the .mvn/maven.config file, or in project POM properties.
2026-09-07 19:49:06,931 [Worker-64: Building] INFO  o.a.m.s.f.DefaultMavenResourcesFiltering - Copying 1 resource from src\main\resources to target\classes
2026-09-07 19:49:06,970 [Worker-64: Building] INFO  o.a.m.s.f.DefaultMavenResourcesFiltering - Copying 0 resource from src\main\resources to target\classes
2026-09-07 19:49:06,973 [Worker-64: Building] INFO  o.a.m.s.f.DefaultMavenResourcesFiltering - skip non existing resourceDirectory C:\Users\PMLS\Desktop\RealProjects\OnlineBankingSystem-1\src\test\resources
2026-09-07 19:49:06,973 [Worker-64: Building] WARN  o.apache.maven.project.MavenProject - Direct modification of compileSourceRoots through clear() is deprecated and will not work in Maven 4.0.0. Please use the add/remove methods instead. If you're using a plugin that causes this warning, please upgrade to the latest version and report an issue if the warning persists. To disable these warnings, set -Dmaven.project.sourceRoots.warningsDisabled=true on the command line, in the .mvn/maven.config file, or in project POM properties.
2026-09-07 19:49:06,973 [Worker-64: Building] WARN  o.apache.maven.project.MavenProject - Direct modification of compileSourceRoots through add() is deprecated and will not work in Maven 4.0.0. Please use the add/remove methods instead. If you're using a plugin that causes this warning, please upgrade to the latest version and report an issue if the warning persists. To disable these warnings, set -Dmaven.project.sourceRoots.warningsDisabled=true on the command line, in the .mvn/maven.config file, or in project POM properties.
2026-09-07 19:49:06,974 [Worker-64: Building] WARN  o.apache.maven.project.MavenProject - Direct modification of testCompileSourceRoots through clear() is deprecated and will not work in Maven 4.0.0. Please use the add/remove methods instead. If you're using a plugin that causes this warning, please upgrade to the latest version and report an issue if the warning persists. To disable these warnings, set -Dmaven.project.sourceRoots.warningsDisabled=true on the command line, in the .mvn/maven.config file, or in project POM properties.
2026-09-07 19:49:06,974 [Worker-64: Building] WARN  o.apache.maven.project.MavenProject - Direct modification of testCompileSourceRoots through add() is deprecated and will not work in Maven 4.0.0. Please use the add/remove methods instead. If you're using a plugin that causes this warning, please upgrade to the latest version and report an issue if the warning persists. To disable these warnings, set -Dmaven.project.sourceRoots.warningsDisabled=true on the command line, in the .mvn/maven.config file, or in project POM properties.
2026-09-07 20:17:35,843 [Worker-77: Building] INFO  o.a.m.s.f.DefaultMavenResourcesFiltering - Copying 1 resource from src\main\resources to target\classes
2026-09-07 20:17:35,884 [Worker-77: Building] INFO  o.a.m.s.f.DefaultMavenResourcesFiltering - Copying 0 resource from src\main\resources to target\classes
2026-09-07 20:17:35,888 [Worker-77: Building] INFO  o.a.m.s.f.DefaultMavenResourcesFiltering - skip non existing resourceDirectory C:\Users\PMLS\Desktop\RealProjects\OnlineBankingSystem-1\src\test\resources
2026-09-07 20:17:35,930 [Worker-77: Building] WARN  o.apache.maven.project.MavenProject - Direct modification of compileSourceRoots through clear() is deprecated and will not work in Maven 4.0.0. Please use the add/remove methods instead. If you're using a plugin that causes this warning, please upgrade to the latest version and report an issue if the warning persists. To disable these warnings, set -Dmaven.project.sourceRoots.warningsDisabled=true on the command line, in the .mvn/maven.config file, or in project POM properties.
2026-09-07 20:17:35,931 [Worker-77: Building] WARN  o.apache.maven.project.MavenProject - Direct modification of compileSourceRoots through add() is deprecated and will not work in Maven 4.0.0. Please use the add/remove methods instead. If you're using a plugin that causes this warning, please upgrade to the latest version and report an issue if the warning persists. To disable these warnings, set -Dmaven.project.sourceRoots.warningsDisabled=true on the command line, in the .mvn/maven.config file, or in project POM properties.
2026-09-07 20:17:35,932 [Worker-77: Building] WARN  o.apache.maven.project.MavenProject - Direct modification of testCompileSourceRoots through clear() is deprecated and will not work in Maven 4.0.0. Please use the add/remove methods instead. If you're using a plugin that causes this warning, please upgrade to the latest version and report an issue if the warning persists. To disable these warnings, set -Dmaven.project.sourceRoots.warningsDisabled=true on the command line, in the .mvn/maven.config file, or in project POM properties.
2026-09-07 20:17:35,932 [Worker-77: Building] WARN  o.apache.maven.project.MavenProject - Direct modification of testCompileSourceRoots through add() is deprecated and will not work in Maven 4.0.0. Please use the add/remove methods instead. If you're using a plugin that causes this warning, please upgrade to the latest version and report an issue if the warning persists. To disable these warnings, set -Dmaven.project.sourceRoots.warningsDisabled=true on the command line, in the .mvn/maven.config file, or in project POM properties.
2026-09-07 20:30:10,532 [Worker-77: Building] INFO  o.a.m.s.f.DefaultMavenResourcesFiltering - Copying 1 resource from src\main\resources to target\classes
2026-09-07 20:30:10,625 [Worker-77: Building] INFO  o.a.m.s.f.DefaultMavenResourcesFiltering - Copying 0 resource from src\main\resources to target\classes
2026-09-07 20:30:10,628 [Worker-77: Building] INFO  o.a.m.s.f.DefaultMavenResourcesFiltering - skip non existing resourceDirectory C:\Users\PMLS\Desktop\RealProjects\OnlineBankingSystem-1\src\test\resources
2026-09-07 20:30:10,629 [Worker-77: Building] WARN  o.apache.maven.project.MavenProject - Direct modification of compileSourceRoots through clear() is deprecated and will not work in Maven 4.0.0. Please use the add/remove methods instead. If you're using a plugin that causes this warning, please upgrade to the latest version and report an issue if the warning persists. To disable these warnings, set -Dmaven.project.sourceRoots.warningsDisabled=true on the command line, in the .mvn/maven.config file, or in project POM properties.
2026-09-07 20:30:10,630 [Worker-77: Building] WARN  o.apache.maven.project.MavenProject - Direct modification of compileSourceRoots through add() is deprecated and will not work in Maven 4.0.0. Please use the add/remove methods instead. If you're using a plugin that causes this warning, please upgrade to the latest version and report an issue if the warning persists. To disable these warnings, set -Dmaven.project.sourceRoots.warningsDisabled=true on the command line, in the .mvn/maven.config file, or in project POM properties.
2026-09-07 20:30:10,630 [Worker-77: Building] WARN  o.apache.maven.project.MavenProject - Direct modification of testCompileSourceRoots through clear() is deprecated and will not work in Maven 4.0.0. Please use the add/remove methods instead. If you're using a plugin that causes this warning, please upgrade to the latest version and report an issue if the warning persists. To disable these warnings, set -Dmaven.project.sourceRoots.warningsDisabled=true on the command line, in the .mvn/maven.config file, or in project POM properties.
2026-09-07 20:30:10,630 [Worker-77: Building] WARN  o.apache.maven.project.MavenProject - Direct modification of testCompileSourceRoots through add() is deprecated and will not work in Maven 4.0.0. Please use the add/remove methods instead. If you're using a plugin that causes this warning, please upgrade to the latest version and report an issue if the warning persists. To disable these warnings, set -Dmaven.project.sourceRoots.warningsDisabled=true on the command line, in the .mvn/maven.config file, or in project POM properties.
2026-09-07 20:30:24,752 [Worker-81: Building] INFO  o.a.m.s.f.DefaultMavenResourcesFiltering - Copying 1 resource from src\main\resources to target\classes
2026-09-07 20:30:24,786 [Worker-81: Building] INFO  o.a.m.s.f.DefaultMavenResourcesFiltering - Copying 0 resource from src\main\resources to target\classes
2026-09-07 20:30:24,790 [Worker-81: Building] INFO  o.a.m.s.f.DefaultMavenResourcesFiltering - skip non existing resourceDirectory C:\Users\PMLS\Desktop\RealProjects\OnlineBankingSystem-1\src\test\resources
2026-09-07 20:30:24,790 [Worker-81: Building] WARN  o.apache.maven.project.MavenProject - Direct modification of compileSourceRoots through clear() is deprecated and will not work in Maven 4.0.0. Please use the add/remove methods instead. If you're using a plugin that causes this warning, please upgrade to the latest version and report an issue if the warning persists. To disable these warnings, set -Dmaven.project.sourceRoots.warningsDisabled=true on the command line, in the .mvn/maven.config file, or in project POM properties.
2026-09-07 20:30:24,791 [Worker-81: Building] WARN  o.apache.maven.project.MavenProject - Direct modification of compileSourceRoots through add() is deprecated and will not work in Maven 4.0.0. Please use the add/remove methods instead. If you're using a plugin that causes this warning, please upgrade to the latest version and report an issue if the warning persists. To disable these warnings, set -Dmaven.project.sourceRoots.warningsDisabled=true on the command line, in the .mvn/maven.config file, or in project POM properties.
2026-09-07 20:30:24,791 [Worker-81: Building] WARN  o.apache.maven.project.MavenProject - Direct modification of testCompileSourceRoots through clear() is deprecated and will not work in Maven 4.0.0. Please use the add/remove methods instead. If you're using a plugin that causes this warning, please upgrade to the latest version and report an issue if the warning persists. To disable these warnings, set -Dmaven.project.sourceRoots.warningsDisabled=true on the command line, in the .mvn/maven.config file, or in project POM properties.
2026-09-07 20:30:24,791 [Worker-81: Building] WARN  o.apache.maven.project.MavenProject - Direct modification of testCompileSourceRoots through add() is deprecated and will not work in Maven 4.0.0. Please use the add/remove methods instead. If you're using a plugin that causes this warning, please upgrade to the latest version and report an issue if the warning persists. To disable these warnings, set -Dmaven.project.sourceRoots.warningsDisabled=true on the command line, in the .mvn/maven.config file, or in project POM properties.
2026-09-07 20:31:49,672 [Worker-82: Building] INFO  o.a.m.s.f.DefaultMavenResourcesFiltering - Copying 1 resource from src\main\resources to target\classes
2026-09-07 20:31:49,682 [Worker-82: Building] INFO  o.a.m.s.f.DefaultMavenResourcesFiltering - Copying 0 resource from src\main\resources to target\classes
2026-09-07 20:31:49,686 [Worker-82: Building] INFO  o.a.m.s.f.DefaultMavenResourcesFiltering - skip non existing resourceDirectory C:\Users\PMLS\Desktop\RealProjects\OnlineBankingSystem-1\src\test\resources
2026-09-07 20:31:49,687 [Worker-82: Building] WARN  o.apache.maven.project.MavenProject - Direct modification of compileSourceRoots through clear() is deprecated and will not work in Maven 4.0.0. Please use the add/remove methods instead. If you're using a plugin that causes this warning, please upgrade to the latest version and report an issue if the warning persists. To disable these warnings, set -Dmaven.project.sourceRoots.warningsDisabled=true on the command line, in the .mvn/maven.config file, or in project POM properties.
2026-09-07 20:31:49,688 [Worker-82: Building] WARN  o.apache.maven.project.MavenProject - Direct modification of compileSourceRoots through add() is deprecated and will not work in Maven 4.0.0. Please use the add/remove methods instead. If you're using a plugin that causes this warning, please upgrade to the latest version and report an issue if the warning persists. To disable these warnings, set -Dmaven.project.sourceRoots.warningsDisabled=true on the command line, in the .mvn/maven.config file, or in project POM properties.
2026-09-07 20:31:49,688 [Worker-82: Building] WARN  o.apache.maven.project.MavenProject - Direct modification of testCompileSourceRoots through clear() is deprecated and will not work in Maven 4.0.0. Please use the add/remove methods instead. If you're using a plugin that causes this warning, please upgrade to the latest version and report an issue if the warning persists. To disable these warnings, set -Dmaven.project.sourceRoots.warningsDisabled=true on the command line, in the .mvn/maven.config file, or in project POM properties.
2026-09-07 20:31:49,689 [Worker-82: Building] WARN  o.apache.maven.project.MavenProject - Direct modification of testCompileSourceRoots through add() is deprecated and will not work in Maven 4.0.0. Please use the add/remove methods instead. If you're using a plugin that causes this warning, please upgrade to the latest version and report an issue if the warning persists. To disable these warnings, set -Dmaven.project.sourceRoots.warningsDisabled=true on the command line, in the .mvn/maven.config file, or in project POM properties.
2026-09-07 20:34:19,203 [Worker-82: Building] INFO  o.a.m.s.f.DefaultMavenResourcesFiltering - Copying 1 resource from src\main\resources to target\classes
2026-09-07 20:34:19,215 [Worker-82: Building] INFO  o.a.m.s.f.DefaultMavenResourcesFiltering - Copying 0 resource from src\main\resources to target\classes
2026-09-07 20:34:19,222 [Worker-82: Building] INFO  o.a.m.s.f.DefaultMavenResourcesFiltering - skip non existing resourceDirectory C:\Users\PMLS\Desktop\RealProjects\OnlineBankingSystem-1\src\test\resources
2026-09-07 20:34:19,223 [Worker-82: Building] WARN  o.apache.maven.project.MavenProject - Direct modification of compileSourceRoots through clear() is deprecated and will not work in Maven 4.0.0. Please use the add/remove methods instead. If you're using a plugin that causes this warning, please upgrade to the latest version and report an issue if the warning persists. To disable these warnings, set -Dmaven.project.sourceRoots.warningsDisabled=true on the command line, in the .mvn/maven.config file, or in project POM properties.
2026-09-07 20:34:19,225 [Worker-82: Building] WARN  o.apache.maven.project.MavenProject - Direct modification of compileSourceRoots through add() is deprecated and will not work in Maven 4.0.0. Please use the add/remove methods instead. If you're using a plugin that causes this warning, please upgrade to the latest version and report an issue if the warning persists. To disable these warnings, set -Dmaven.project.sourceRoots.warningsDisabled=true on the command line, in the .mvn/maven.config file, or in project POM properties.
2026-09-07 20:34:19,227 [Worker-82: Building] WARN  o.apache.maven.project.MavenProject - Direct modification of testCompileSourceRoots through clear() is deprecated and will not work in Maven 4.0.0. Please use the add/remove methods instead. If you're using a plugin that causes this warning, please upgrade to the latest version and report an issue if the warning persists. To disable these warnings, set -Dmaven.project.sourceRoots.warningsDisabled=true on the command line, in the .mvn/maven.config file, or in project POM properties.
2026-09-07 20:34:19,228 [Worker-82: Building] WARN  o.apache.maven.project.MavenProject - Direct modification of testCompileSourceRoots through add() is deprecated and will not work in Maven 4.0.0. Please use the add/remove methods instead. If you're using a plugin that causes this warning, please upgrade to the latest version and report an issue if the warning persists. To disable these warnings, set -Dmaven.project.sourceRoots.warningsDisabled=true on the command line, in the .mvn/maven.config file, or in project POM properties.
2026-09-07 20:38:33,276 [Worker-82: Building] INFO  o.a.m.s.f.DefaultMavenResourcesFiltering - Copying 1 resource from src\main\resources to target\classes
2026-09-07 20:38:33,320 [Worker-82: Building] INFO  o.a.m.s.f.DefaultMavenResourcesFiltering - Copying 0 resource from src\main\resources to target\classes
2026-09-07 20:38:33,325 [Worker-82: Building] INFO  o.a.m.s.f.DefaultMavenResourcesFiltering - skip non existing resourceDirectory C:\Users\PMLS\Desktop\RealProjects\OnlineBankingSystem-1\src\test\resources
2026-09-07 20:38:33,326 [Worker-82: Building] WARN  o.apache.maven.project.MavenProject - Direct modification of compileSourceRoots through clear() is deprecated and will not work in Maven 4.0.0. Please use the add/remove methods instead. If you're using a plugin that causes this warning, please upgrade to the latest version and report an issue if the warning persists. To disable these warnings, set -Dmaven.project.sourceRoots.warningsDisabled=true on the command line, in the .mvn/maven.config file, or in project POM properties.
2026-09-07 20:38:33,327 [Worker-82: Building] WARN  o.apache.maven.project.MavenProject - Direct modification of compileSourceRoots through add() is deprecated and will not work in Maven 4.0.0. Please use the add/remove methods instead. If you're using a plugin that causes this warning, please upgrade to the latest version and report an issue if the warning persists. To disable these warnings, set -Dmaven.project.sourceRoots.warningsDisabled=true on the command line, in the .mvn/maven.config file, or in project POM properties.
2026-09-07 20:38:33,328 [Worker-82: Building] WARN  o.apache.maven.project.MavenProject - Direct modification of testCompileSourceRoots through clear() is deprecated and will not work in Maven 4.0.0. Please use the add/remove methods instead. If you're using a plugin that causes this warning, please upgrade to the latest version and report an issue if the warning persists. To disable these warnings, set -Dmaven.project.sourceRoots.warningsDisabled=true on the command line, in the .mvn/maven.config file, or in project POM properties.
2026-09-07 20:38:33,329 [Worker-82: Building] WARN  o.apache.maven.project.MavenProject - Direct modification of testCompileSourceRoots through add() is deprecated and will not work in Maven 4.0.0. Please use the add/remove methods instead. If you're using a plugin that causes this warning, please upgrade to the latest version and report an issue if the warning persists. To disable these warnings, set -Dmaven.project.sourceRoots.warningsDisabled=true on the command line, in the .mvn/maven.config file, or in project POM properties.
2026-09-08 05:52:48,950 [Worker-5: Loading available Gradle versions] INFO  o.e.b.c.i.u.g.PublishedGradleVersions - Gradle version information cache is out-of-date. Trying to update.
2026-09-08 19:48:58,696 [Worker-86: Building] INFO  o.a.m.s.f.DefaultMavenResourcesFiltering - Copying 1 resource from src\main\resources to target\classes
2026-09-08 19:48:58,763 [Worker-86: Building] INFO  o.a.m.s.f.DefaultMavenResourcesFiltering - Copying 0 resource from src\main\resources to target\classes
2026-09-08 19:48:58,774 [Worker-86: Building] INFO  o.a.m.s.f.DefaultMavenResourcesFiltering - skip non existing resourceDirectory C:\Users\PMLS\Desktop\RealProjects\OnlineBankingSystem-1\src\test\resources
2026-09-08 19:48:59,344 [Worker-86: Building] WARN  o.apache.maven.project.MavenProject - Direct modification of compileSourceRoots through clear() is deprecated and will not work in Maven 4.0.0. Please use the add/remove methods instead. If you're using a plugin that causes this warning, please upgrade to the latest version and report an issue if the warning persists. To disable these warnings, set -Dmaven.project.sourceRoots.warningsDisabled=true on the command line, in the .mvn/maven.config file, or in project POM properties.
2026-09-08 19:48:59,345 [Worker-86: Building] WARN  o.apache.maven.project.MavenProject - Direct modification of compileSourceRoots through add() is deprecated and will not work in Maven 4.0.0. Please use the add/remove methods instead. If you're using a plugin that causes this warning, please upgrade to the latest version and report an issue if the warning persists. To disable these warnings, set -Dmaven.project.sourceRoots.warningsDisabled=true on the command line, in the .mvn/maven.config file, or in project POM properties.
2026-09-08 19:48:59,346 [Worker-86: Building] WARN  o.apache.maven.project.MavenProject - Direct modification of testCompileSourceRoots through clear() is deprecated and will not work in Maven 4.0.0. Please use the add/remove methods instead. If you're using a plugin that causes this warning, please upgrade to the latest version and report an issue if the warning persists. To disable these warnings, set -Dmaven.project.sourceRoots.warningsDisabled=true on the command line, in the .mvn/maven.config file, or in project POM properties.
2026-09-08 19:48:59,347 [Worker-86: Building] WARN  o.apache.maven.project.MavenProject - Direct modification of testCompileSourceRoots through add() is deprecated and will not work in Maven 4.0.0. Please use the add/remove methods instead. If you're using a plugin that causes this warning, please upgrade to the latest version and report an issue if the warning persists. To disable these warnings, set -Dmaven.project.sourceRoots.warningsDisabled=true on the command line, in the .mvn/maven.config file, or in project POM properties.
2026-09-08 20:53:48,866 [Worker-91: Building] INFO  o.a.m.s.f.DefaultMavenResourcesFiltering - Copying 1 resource from src\main\resources to target\classes
2026-09-08 20:53:48,914 [Worker-91: Building] INFO  o.a.m.s.f.DefaultMavenResourcesFiltering - Copying 0 resource from src\main\resources to target\classes
2026-09-08 20:53:48,928 [Worker-91: Building] INFO  o.a.m.s.f.DefaultMavenResourcesFiltering - skip non existing resourceDirectory C:\Users\PMLS\Desktop\RealProjects\OnlineBankingSystem-1\src\test\resources
2026-09-08 20:53:48,930 [Worker-91: Building] WARN  o.apache.maven.project.MavenProject - Direct modification of compileSourceRoots through clear() is deprecated and will not work in Maven 4.0.0. Please use the add/remove methods instead. If you're using a plugin that causes this warning, please upgrade to the latest version and report an issue if the warning persists. To disable these warnings, set -Dmaven.project.sourceRoots.warningsDisabled=true on the command line, in the .mvn/maven.config file, or in project POM properties.
2026-09-08 20:53:48,933 [Worker-91: Building] WARN  o.apache.maven.project.MavenProject - Direct modification of compileSourceRoots through add() is deprecated and will not work in Maven 4.0.0. Please use the add/remove methods instead. If you're using a plugin that causes this warning, please upgrade to the latest version and report an issue if the warning persists. To disable these warnings, set -Dmaven.project.sourceRoots.warningsDisabled=true on the command line, in the .mvn/maven.config file, or in project POM properties.
2026-09-08 20:53:48,934 [Worker-91: Building] WARN  o.apache.maven.project.MavenProject - Direct modification of testCompileSourceRoots through clear() is deprecated and will not work in Maven 4.0.0. Please use the add/remove methods instead. If you're using a plugin that causes this warning, please upgrade to the latest version and report an issue if the warning persists. To disable these warnings, set -Dmaven.project.sourceRoots.warningsDisabled=true on the command line, in the .mvn/maven.config file, or in project POM properties.
2026-09-08 20:53:48,936 [Worker-91: Building] WARN  o.apache.maven.project.MavenProject - Direct modification of testCompileSourceRoots through add() is deprecated and will not work in Maven 4.0.0. Please use the add/remove methods instead. If you're using a plugin that causes this warning, please upgrade to the latest version and report an issue if the warning persists. To disable these warnings, set -Dmaven.project.sourceRoots.warningsDisabled=true on the command line, in the .mvn/maven.config file, or in project POM properties.
2026-09-08 20:56:35,981 [Worker-96: Building] INFO  o.a.m.s.f.DefaultMavenResourcesFiltering - Copying 1 resource from src\main\resources to target\classes
2026-09-08 20:56:35,993 [Worker-96: Building] INFO  o.a.m.s.f.DefaultMavenResourcesFiltering - Copying 0 resource from src\main\resources to target\classes
2026-09-08 20:56:36,005 [Worker-96: Building] INFO  o.a.m.s.f.DefaultMavenResourcesFiltering - skip non existing resourceDirectory C:\Users\PMLS\Desktop\RealProjects\OnlineBankingSystem-1\src\test\resources
2026-09-08 20:56:36,008 [Worker-96: Building] WARN  o.apache.maven.project.MavenProject - Direct modification of compileSourceRoots through clear() is deprecated and will not work in Maven 4.0.0. Please use the add/remove methods instead. If you're using a plugin that causes this warning, please upgrade to the latest version and report an issue if the warning persists. To disable these warnings, set -Dmaven.project.sourceRoots.warningsDisabled=true on the command line, in the .mvn/maven.config file, or in project POM properties.
2026-09-08 20:56:36,011 [Worker-96: Building] WARN  o.apache.maven.project.MavenProject - Direct modification of compileSourceRoots through add() is deprecated and will not work in Maven 4.0.0. Please use the add/remove methods instead. If you're using a plugin that causes this warning, please upgrade to the latest version and report an issue if the warning persists. To disable these warnings, set -Dmaven.project.sourceRoots.warningsDisabled=true on the command line, in the .mvn/maven.config file, or in project POM properties.
2026-09-08 20:56:36,013 [Worker-96: Building] WARN  o.apache.maven.project.MavenProject - Direct modification of testCompileSourceRoots through clear() is deprecated and will not work in Maven 4.0.0. Please use the add/remove methods instead. If you're using a plugin that causes this warning, please upgrade to the latest version and report an issue if the warning persists. To disable these warnings, set -Dmaven.project.sourceRoots.warningsDisabled=true on the command line, in the .mvn/maven.config file, or in project POM properties.
2026-09-08 20:56:36,014 [Worker-96: Building] WARN  o.apache.maven.project.MavenProject - Direct modification of testCompileSourceRoots through add() is deprecated and will not work in Maven 4.0.0. Please use the add/remove methods instead. If you're using a plugin that causes this warning, please upgrade to the latest version and report an issue if the warning persists. To disable these warnings, set -Dmaven.project.sourceRoots.warningsDisabled=true on the command line, in the .mvn/maven.config file, or in project POM properties.
2026-09-09 06:30:59,878 [Worker-5: Loading available Gradle versions] INFO  o.e.b.c.i.u.g.PublishedGradleVersions - Gradle version information cache is out-of-date. Trying to update.
2026-09-09 06:31:12,847 [Worker-5: Loading available Gradle versions] INFO  o.e.b.c.i.u.g.PublishedGradleVersions - Updating Gradle version information cache failed. Using outdated cache.
2026-09-09 12:28:01,297 [Worker-46: Building] INFO  o.a.m.s.f.DefaultMavenResourcesFiltering - Copying 1 resource from src\main\resources to target\classes
2026-09-09 12:28:01,333 [Worker-46: Building] INFO  o.a.m.s.f.DefaultMavenResourcesFiltering - Copying 0 resource from src\main\resources to target\classes
2026-09-09 12:28:01,342 [Worker-46: Building] INFO  o.a.m.s.f.DefaultMavenResourcesFiltering - skip non existing resourceDirectory C:\Users\PMLS\Desktop\RealProjects\OnlineBankingSystem-1\src\test\resources
2026-09-09 12:28:01,754 [Worker-46: Building] WARN  o.apache.maven.project.MavenProject - Direct modification of compileSourceRoots through clear() is deprecated and will not work in Maven 4.0.0. Please use the add/remove methods instead. If you're using a plugin that causes this warning, please upgrade to the latest version and report an issue if the warning persists. To disable these warnings, set -Dmaven.project.sourceRoots.warningsDisabled=true on the command line, in the .mvn/maven.config file, or in project POM properties.
2026-09-09 12:28:01,755 [Worker-46: Building] WARN  o.apache.maven.project.MavenProject - Direct modification of compileSourceRoots through add() is deprecated and will not work in Maven 4.0.0. Please use the add/remove methods instead. If you're using a plugin that causes this warning, please upgrade to the latest version and report an issue if the warning persists. To disable these warnings, set -Dmaven.project.sourceRoots.warningsDisabled=true on the command line, in the .mvn/maven.config file, or in project POM properties.
2026-09-09 12:28:01,756 [Worker-46: Building] WARN  o.apache.maven.project.MavenProject - Direct modification of testCompileSourceRoots through clear() is deprecated and will not work in Maven 4.0.0. Please use the add/remove methods instead. If you're using a plugin that causes this warning, please upgrade to the latest version and report an issue if the warning persists. To disable these warnings, set -Dmaven.project.sourceRoots.warningsDisabled=true on the command line, in the .mvn/maven.config file, or in project POM properties.
2026-09-09 12:28:01,757 [Worker-46: Building] WARN  o.apache.maven.project.MavenProject - Direct modification of testCompileSourceRoots through add() is deprecated and will not work in Maven 4.0.0. Please use the add/remove methods instead. If you're using a plugin that causes this warning, please upgrade to the latest version and report an issue if the warning persists. To disable these warnings, set -Dmaven.project.sourceRoots.warningsDisabled=true on the command line, in the .mvn/maven.config file, or in project POM properties.
2026-09-09 12:33:43,193 [Worker-52: Building] INFO  o.a.m.s.f.DefaultMavenResourcesFiltering - Copying 1 resource from src\main\resources to target\classes
2026-09-09 12:33:43,219 [Worker-52: Building] INFO  o.a.m.s.f.DefaultMavenResourcesFiltering - Copying 0 resource from src\main\resources to target\classes
2026-09-09 12:33:43,228 [Worker-52: Building] INFO  o.a.m.s.f.DefaultMavenResourcesFiltering - skip non existing resourceDirectory C:\Users\PMLS\Desktop\RealProjects\OnlineBankingSystem-1\src\test\resources
2026-09-09 12:33:43,229 [Worker-52: Building] WARN  o.apache.maven.project.MavenProject - Direct modification of compileSourceRoots through clear() is deprecated and will not work in Maven 4.0.0. Please use the add/remove methods instead. If you're using a plugin that causes this warning, please upgrade to the latest version and report an issue if the warning persists. To disable these warnings, set -Dmaven.project.sourceRoots.warningsDisabled=true on the command line, in the .mvn/maven.config file, or in project POM properties.
2026-09-09 12:33:43,233 [Worker-52: Building] WARN  o.apache.maven.project.MavenProject - Direct modification of compileSourceRoots through add() is deprecated and will not work in Maven 4.0.0. Please use the add/remove methods instead. If you're using a plugin that causes this warning, please upgrade to the latest version and report an issue if the warning persists. To disable these warnings, set -Dmaven.project.sourceRoots.warningsDisabled=true on the command line, in the .mvn/maven.config file, or in project POM properties.
2026-09-09 12:33:43,236 [Worker-52: Building] WARN  o.apache.maven.project.MavenProject - Direct modification of testCompileSourceRoots through clear() is deprecated and will not work in Maven 4.0.0. Please use the add/remove methods instead. If you're using a plugin that causes this warning, please upgrade to the latest version and report an issue if the warning persists. To disable these warnings, set -Dmaven.project.sourceRoots.warningsDisabled=true on the command line, in the .mvn/maven.config file, or in project POM properties.
2026-09-09 12:33:43,237 [Worker-52: Building] WARN  o.apache.maven.project.MavenProject - Direct modification of testCompileSourceRoots through add() is deprecated and will not work in Maven 4.0.0. Please use the add/remove methods instead. If you're using a plugin that causes this warning, please upgrade to the latest version and report an issue if the warning persists. To disable these warnings, set -Dmaven.project.sourceRoots.warningsDisabled=true on the command line, in the .mvn/maven.config file, or in project POM properties.
2026-09-09 21:08:12,758 [Worker-104: Building] INFO  o.a.m.s.f.DefaultMavenResourcesFiltering - Copying 1 resource from src\main\resources to target\classes
2026-09-09 21:08:12,943 [Worker-104: Building] INFO  o.a.m.s.f.DefaultMavenResourcesFiltering - Copying 0 resource from src\main\resources to target\classes
2026-09-09 21:08:12,955 [Worker-104: Building] INFO  o.a.m.s.f.DefaultMavenResourcesFiltering - skip non existing resourceDirectory C:\Users\PMLS\Desktop\RealProjects\OnlineBankingSystem-1\src\test\resources
2026-09-09 21:08:12,957 [Worker-104: Building] WARN  o.apache.maven.project.MavenProject - Direct modification of compileSourceRoots through clear() is deprecated and will not work in Maven 4.0.0. Please use the add/remove methods instead. If you're using a plugin that causes this warning, please upgrade to the latest version and report an issue if the warning persists. To disable these warnings, set -Dmaven.project.sourceRoots.warningsDisabled=true on the command line, in the .mvn/maven.config file, or in project POM properties.
2026-09-09 21:08:12,963 [Worker-104: Building] WARN  o.apache.maven.project.MavenProject - Direct modification of compileSourceRoots through add() is deprecated and will not work in Maven 4.0.0. Please use the add/remove methods instead. If you're using a plugin that causes this warning, please upgrade to the latest version and report an issue if the warning persists. To disable these warnings, set -Dmaven.project.sourceRoots.warningsDisabled=true on the command line, in the .mvn/maven.config file, or in project POM properties.
2026-09-09 21:08:12,965 [Worker-104: Building] WARN  o.apache.maven.project.MavenProject - Direct modification of testCompileSourceRoots through clear() is deprecated and will not work in Maven 4.0.0. Please use the add/remove methods instead. If you're using a plugin that causes this warning, please upgrade to the latest version and report an issue if the warning persists. To disable these warnings, set -Dmaven.project.sourceRoots.warningsDisabled=true on the command line, in the .mvn/maven.config file, or in project POM properties.
2026-09-09 21:08:12,966 [Worker-104: Building] WARN  o.apache.maven.project.MavenProject - Direct modification of testCompileSourceRoots through add() is deprecated and will not work in Maven 4.0.0. Please use the add/remove methods instead. If you're using a plugin that causes this warning, please upgrade to the latest version and report an issue if the warning persists. To disable these warnings, set -Dmaven.project.sourceRoots.warningsDisabled=true on the command line, in the .mvn/maven.config file, or in project POM properties.
2026-09-09 21:09:25,734 [Worker-99: Building] INFO  o.a.m.s.f.DefaultMavenResourcesFiltering - Copying 1 resource from src\main\resources to target\classes
2026-09-09 21:09:25,747 [Worker-99: Building] INFO  o.a.m.s.f.DefaultMavenResourcesFiltering - Copying 0 resource from src\main\resources to target\classes
2026-09-09 21:09:25,757 [Worker-99: Building] INFO  o.a.m.s.f.DefaultMavenResourcesFiltering - skip non existing resourceDirectory C:\Users\PMLS\Desktop\RealProjects\OnlineBankingSystem-1\src\test\resources
2026-09-09 21:09:25,758 [Worker-99: Building] WARN  o.apache.maven.project.MavenProject - Direct modification of compileSourceRoots through clear() is deprecated and will not work in Maven 4.0.0. Please use the add/remove methods instead. If you're using a plugin that causes this warning, please upgrade to the latest version and report an issue if the warning persists. To disable these warnings, set -Dmaven.project.sourceRoots.warningsDisabled=true on the command line, in the .mvn/maven.config file, or in project POM properties.
2026-09-09 21:09:25,759 [Worker-99: Building] WARN  o.apache.maven.project.MavenProject - Direct modification of compileSourceRoots through add() is deprecated and will not work in Maven 4.0.0. Please use the add/remove methods instead. If you're using a plugin that causes this warning, please upgrade to the latest version and report an issue if the warning persists. To disable these warnings, set -Dmaven.project.sourceRoots.warningsDisabled=true on the command line, in the .mvn/maven.config file, or in project POM properties.
2026-09-09 21:09:25,760 [Worker-99: Building] WARN  o.apache.maven.project.MavenProject - Direct modification of testCompileSourceRoots through clear() is deprecated and will not work in Maven 4.0.0. Please use the add/remove methods instead. If you're using a plugin that causes this warning, please upgrade to the latest version and report an issue if the warning persists. To disable these warnings, set -Dmaven.project.sourceRoots.warningsDisabled=true on the command line, in the .mvn/maven.config file, or in project POM properties.
2026-09-09 21:09:25,762 [Worker-99: Building] WARN  o.apache.maven.project.MavenProject - Direct modification of testCompileSourceRoots through add() is deprecated and will not work in Maven 4.0.0. Please use the add/remove methods instead. If you're using a plugin that causes this warning, please upgrade to the latest version and report an issue if the warning persists. To disable these warnings, set -Dmaven.project.sourceRoots.warningsDisabled=true on the command line, in the .mvn/maven.config file, or in project POM properties.
2026-09-09 21:09:57,353 [Worker-105: Building] INFO  o.a.m.s.f.DefaultMavenResourcesFiltering - Copying 1 resource from src\main\resources to target\classes
2026-09-09 21:09:57,415 [Worker-105: Building] INFO  o.a.m.s.f.DefaultMavenResourcesFiltering - Copying 0 resource from src\main\resources to target\classes
2026-09-09 21:09:57,425 [Worker-105: Building] INFO  o.a.m.s.f.DefaultMavenResourcesFiltering - skip non existing resourceDirectory C:\Users\PMLS\Desktop\RealProjects\OnlineBankingSystem-1\src\test\resources
2026-09-09 21:09:57,425 [Worker-105: Building] WARN  o.apache.maven.project.MavenProject - Direct modification of compileSourceRoots through clear() is deprecated and will not work in Maven 4.0.0. Please use the add/remove methods instead. If you're using a plugin that causes this warning, please upgrade to the latest version and report an issue if the warning persists. To disable these warnings, set -Dmaven.project.sourceRoots.warningsDisabled=true on the command line, in the .mvn/maven.config file, or in project POM properties.
2026-09-09 21:09:57,426 [Worker-105: Building] WARN  o.apache.maven.project.MavenProject - Direct modification of compileSourceRoots through add() is deprecated and will not work in Maven 4.0.0. Please use the add/remove methods instead. If you're using a plugin that causes this warning, please upgrade to the latest version and report an issue if the warning persists. To disable these warnings, set -Dmaven.project.sourceRoots.warningsDisabled=true on the command line, in the .mvn/maven.config file, or in project POM properties.
2026-09-09 21:09:57,428 [Worker-105: Building] WARN  o.apache.maven.project.MavenProject - Direct modification of testCompileSourceRoots through clear() is deprecated and will not work in Maven 4.0.0. Please use the add/remove methods instead. If you're using a plugin that causes this warning, please upgrade to the latest version and report an issue if the warning persists. To disable these warnings, set -Dmaven.project.sourceRoots.warningsDisabled=true on the command line, in the .mvn/maven.config file, or in project POM properties.
2026-09-09 21:09:57,429 [Worker-105: Building] WARN  o.apache.maven.project.MavenProject - Direct modification of testCompileSourceRoots through add() is deprecated and will not work in Maven 4.0.0. Please use the add/remove methods instead. If you're using a plugin that causes this warning, please upgrade to the latest version and report an issue if the warning persists. To disable these warnings, set -Dmaven.project.sourceRoots.warningsDisabled=true on the command line, in the .mvn/maven.config file, or in project POM properties.
2026-09-09 21:11:53,000 [Worker-108: Building] INFO  o.a.m.s.f.DefaultMavenResourcesFiltering - Copying 1 resource from src\main\resources to target\classes
2026-09-09 21:11:53,021 [Worker-108: Building] INFO  o.a.m.s.f.DefaultMavenResourcesFiltering - Copying 0 resource from src\main\resources to target\classes
2026-09-09 21:11:53,029 [Worker-108: Building] INFO  o.a.m.s.f.DefaultMavenResourcesFiltering - skip non existing resourceDirectory C:\Users\PMLS\Desktop\RealProjects\OnlineBankingSystem-1\src\test\resources
2026-09-09 21:11:53,032 [Worker-108: Building] WARN  o.apache.maven.project.MavenProject - Direct modification of compileSourceRoots through clear() is deprecated and will not work in Maven 4.0.0. Please use the add/remove methods instead. If you're using a plugin that causes this warning, please upgrade to the latest version and report an issue if the warning persists. To disable these warnings, set -Dmaven.project.sourceRoots.warningsDisabled=true on the command line, in the .mvn/maven.config file, or in project POM properties.
2026-09-09 21:11:53,033 [Worker-108: Building] WARN  o.apache.maven.project.MavenProject - Direct modification of compileSourceRoots through add() is deprecated and will not work in Maven 4.0.0. Please use the add/remove methods instead. If you're using a plugin that causes this warning, please upgrade to the latest version and report an issue if the warning persists. To disable these warnings, set -Dmaven.project.sourceRoots.warningsDisabled=true on the command line, in the .mvn/maven.config file, or in project POM properties.
2026-09-09 21:11:53,034 [Worker-108: Building] WARN  o.apache.maven.project.MavenProject - Direct modification of testCompileSourceRoots through clear() is deprecated and will not work in Maven 4.0.0. Please use the add/remove methods instead. If you're using a plugin that causes this warning, please upgrade to the latest version and report an issue if the warning persists. To disable these warnings, set -Dmaven.project.sourceRoots.warningsDisabled=true on the command line, in the .mvn/maven.config file, or in project POM properties.
2026-09-09 21:11:53,035 [Worker-108: Building] WARN  o.apache.maven.project.MavenProject - Direct modification of testCompileSourceRoots through add() is deprecated and will not work in Maven 4.0.0. Please use the add/remove methods instead. If you're using a plugin that causes this warning, please upgrade to the latest version and report an issue if the warning persists. To disable these warnings, set -Dmaven.project.sourceRoots.warningsDisabled=true on the command line, in the .mvn/maven.config file, or in project POM properties.
